,SMILES LIST,Ratio List,Biodegradability
0,"['C(=O)c(cc1)ccc1C(=O)', 'OCCCCCCCCO']","[1, 1]",0
1,"['C(=O)c(cc1)ccc1C(=O)', 'Oc1c(C)cc(cc1(C))C(C)(C)c2cc(C)c(c(C)c2)O']","[1, 1]",0
2,"['C(=O)C(=O)', 'Oc1ccc(cc1)C(C)(c2ccccc2)c3ccc(cc3)O']","[1, 1]",1
3,"['C(=O)CC(=O)', 'OCC=CCO']","[1, 1]",1
4,"['C(=O)C(=O)', 'OCCCCCCCCCCO']","[1, 1]",1
5,"['C(=O)CCCCCCCCC(=O)', 'OCCSCCO']","[1, 1]",1
6,"['C(=O)CCCCCCCCC(=O)', 'OCC=CCO']","[1, 1]",0
7,"['C(=O)CCC(=O)', 'Oc1c(C)cc(cc1(C))C(C)(C)c2cc(C)c(c(C)c2)O']","[1, 1]",0
8,"['C(=O)CCC(=O)', 'Oc1c(C)cc(cc1)S(=O)(=O)c2ccc(c(C)c2)O']","[1, 1]",0
9,"['C(=O)CCC(=O)', 'Oc1ccc(cccc2)c2c1c3c(cccc4)c4ccc3O']","[1, 1]",1
10,"['C(=O)CCC(=O)', 'OC(CO1)C2C1C(CO2)O']","[1, 1]",1
11,"['C(=O)c(ccc1)cc1C(=O)', 'Oc1ccc(cc1)C(C)(C)c2ccc(cc2)O']","[1, 1]",0
12,"['C(=O)CCCCCCCCC(=O)', 'Oc1cc2c(cc1)ccc(c2)O']","[1, 1]",1
13,"['C(=O)c(ccc1)cc1C(=O)', 'Oc1ccc(cc1)Sc2ccc(cc2)O']","[1, 1]",0
14,"['C(=O)CCCCCCCCC(=O)', 'Oc1ccc(cc1)C(C)(c2ccccc2)c3ccc(cc3)O']","[1, 1]",1
15,"['C(=O)CCCCC(=O)', 'OCC=CCO']","[1, 1]",0
16,"['C(=O)CCCCCCCCC(=O)', 'Oc1ccc(cc1)S(=O)(=O)c2ccc(cc2)O']","[1, 1]",1
17,"['C(=O)c(cc1)ccc1C(=O)', 'OC(C)COC(C)COC(C)CO']","[1, 1]",1
18,"['C(=O)c(cc1)ccc1C(=O)', 'Oc1cc2c(cc1)ccc(c2)O']","[1, 1]",1
19,"['C(=O)c(cc1)ccc1C(=O)', 'OCC#CCO']","[1, 1]",1
20,"['C(=O)c(cc1)ccc1C(=O)', 'Oc1ccc(cc1)C(C)(C)c2ccc(cc2)O']","[1, 1]",1
21,"['C(=O)c(cc1)ccc1C(=O)', 'Oc1ccc(cc1)Sc2ccc(cc2)O']","[1, 1]",0
22,"['C(=O)CCCCCCCCC(=O)', ' Oc1ccc(cc1)C2(CCCCC2)c3ccc(O)cc3']","[1, 1]",1
23,"['C(=O)CCCCCCCC(=O)', 'Oc1ccc(cc1)C(C)(C)c2ccc(cc2)O']","[1, 1]",1
24,"['C(=O)CCCCCCC(=O)', 'Oc1ccc(cc1)C(C)(C)c2ccc(cc2)O']","[1, 1]",1
25,"['C(=O)CCCCCCC(=O)', 'Oc1c(ccc2)c(ccc1)c2O']","[1, 1]",1
26,"['C(=O)c(cc1)ccc1C(=O)', 'OCCCCCO']","[1, 1]",0
27,"['C(=O)', 'OCC(CC)(CC)CO']","[1, 1]",0
28,"['C(=O)', 'OCC(CC(C1)C2C3)C1C2CC3CO']","[1, 1]",0
29,"['C(=O)', 'OC(CC1)CCC1O']","[1, 1]",0
30,"['C(=O)', 'Oc1c(C)cc(cc1)S(=O)(=O)c2ccc(c(C)c2)O']","[1, 1]",0
31,"['C(=O)', 'OCC#CCO']","[1, 1]",1
32,"['C(=O)', 'Oc1ccc(cc1)C3(c2ccc(O)cc2)c4ccccc4-c5ccccc35']","[1, 1]",0
33,"['C(=O)', 'OCCCCO']","[1, 1]",1
34,"['C(=O)', 'Oc1ccc(cc1)Sc2ccc(cc2)O']","[1, 1]",0
35,"['C(=O)', 'OCC(COc1ccccc1OC)O']","[1, 1]",0
36,"['C(=O)COCC(=O)', 'OCCCCCCCCCO']","[1, 1]",1
37,"['C(=O)CSCC(=O)', 'OCCCCCCCCCCO']","[1, 1]",1
38,"['C(=O)CN(C)CC(=O)', 'OCCC(C)CCO']","[1, 1]",0
39,"['C(=O)CCCCC(=O)', 'OCC(C)(C)C(C(C)C)O']","[1, 1]",0
40,"['C(=O)CCCCC(=O)', 'OCC(C)(C)CO']","[1, 1]",0
41,"['C(=O)CCCCC(=O)', 'Oc1cccc(c1)O']","[1, 1]",1
42,"['C(=O)CCC(=O)', 'OCC(C)CO']","[1, 1]",1
43,"['C(=O)CCC(=O)', 'OCC(CC)(CCCC)CO']","[1, 1]",0
44,"['C(=O)CN(C)CC(=O)', 'OCC(CC)(CCCC)CO']","[1, 1]",0
45,"['C(=O)CSCC(=O)', 'OCC(CC1)CCC1CO']","[1, 1]",1
46,"['C(=O)CSCC(=O)', 'OCC(CC)(CCCC)CO']","[1, 1]",0
47,"['C(=O)COCC(=O)', 'Oc1ccc(cc1)C(C)(C)c2ccc(cc2)O']","[1, 1]",1
48,"['C(=O)COCC(=O)', 'OCC(C)CO']","[1, 1]",1
49,"['C(=O)c(cc1)ccc1C(=O)', 'OCCCCO']","[1, 1]",0
50,"['C(=O)c(cc1)ccc1C(=O)', 'OCC(CC)(CCCC)CO']","[1, 1]",0
51,"['C(=O)c(cc1)ccc1C(=O)', 'OC(CC1)CCC1C(C)(C)C(CC2)CCC2O']","[1, 1]",0
52,"['C(=O)c(cc1)ccc1C(=O)', 'Oc1ccc(cc1)C(C)(C)c2ccc(cc2)O']","[1, 1]",0
53,"['C(=O)C(CC1)CCC1C(=O)', 'OCC(C)(C)CO']","[1, 1]",0
54,"['C(=O)C(CC1)CCC1C(=O)', 'OCC(C)CO']","[1, 1]",1
55,"['C(=O)CCCCCC(=O)', 'OCCO']","[1, 1]",1
56,"['C(=O)CCC(=O)', 'OCCO']","[1, 1]",0
57,"['C(=O)CCC(=O)', 'OCCCCCCCCCO']","[1, 1]",0
58,"['C(=O)CCC(=O)', 'OCCCCCCCCCCO']","[1, 1]",0
59,"['C(=O)CCC(=O)', 'OCCC(C)CCO']","[1, 1]",1
60,"['C(=O)CCCC(=O)', 'OCCCCCCCCCCO']","[1, 1]",0
61,"['C(=O)CCCC(=O)', 'OCCCCCO']","[1, 1]",1
62,"['C(=O)CCCC(=O)', 'OCCC(C)CCO']","[1, 1]",1
63,"['C(=O)CCCC(=O)', 'OCCCCCCCCCO']","[1, 1]",0
64,"['C(=O)CCCCCCCC(=O)', 'OCCCCCCCCCO']","[1, 1]",0
65,"['C(=O)CCCCC(=O)', 'OCCCCCCCCCO']","[1, 1]",0
66,"['C(=O)c(ccc1)cc1C(=O)', 'OCCCCCCCCCCO']","[1, 1]",0
67,"['C(=O)c(ccc1c2)cc1ccc2C(=O)', 'OCCCCO']","[1, 1]",0
68,"['C(=O)C(CC1)CCC1C(=O)', 'OCCCCCCO']","[1, 1]",0
69,"['C(=O)c(ccc1c2)cc1ccc2C(=O)', 'OCCCCCCCCO']","[1, 1]",0
70,"['C(=O)CCCCCCCCC(=O)', 'OC(CC1)CCC1C(C)(C)C(CC2)CCC2O']","[1, 1]",0
71,"['C(=O)CCCCCC(=O)', 'OCCCCCCCCO']","[1, 1]",1
72,"['C(=O)CCCCCCCCC(=O)', 'OCCCCCCCCCO']","[1, 1]",0
73,"['C(=O)CCCCCCCCC(=O)', 'OCCCCCCCCCCO']","[1, 1]",0
74,"['C(=O)CCCCCC(=O)', 'OCCOCCO']","[1, 1]",1
75,"['C(=O)C(CC1)CCC1C(=O)', 'OCCOCCO']","[1, 1]",1
76,"['C(=O)c(ccc1c2)cc1ccc2C(=O)', 'OCCOCCO']","[1, 1]",0
77,"['C(=O)C(CC1)CCC1C(=O)', 'OC(C)COC(C)COC(C)CO']","[1, 1]",1
78,"['C(=O)c(ccc1c2)cc1ccc2C(=O)', 'OCC(C)OCC(C)O']","[1, 1]",1
79,"['C(=O)CCCCC(=O)', 'OCC(C)OCC(C)O']","[1, 1]",1
80,"['C(=O)c(ccc1)cc1C(=O)', 'OCC(CC)(CC)CO']","[1, 1]",0
81,"['C(=O)CCCC(=O)', 'OC(CC1)CCC1O']","[1, 1]",0
82,"['C(=O)CCC(=O)', 'OCC(COc1ccccc1OC)O']","[1, 1]",1
83,"['C(=O)CCCCCC(=O)', 'OCCC(C)CCO']","[1, 1]",1
84,"['C(=O)c1nc2ccccc2c(c1)C(=O)', 'OC(CC1)CCC1O']","[1, 1]",0
85,"['C(=O)c1nc2ccccc2c(c1)C(=O)', 'OCC(C)(C)CO']","[1, 1]",1
86,"['C(=O)c1nc2ccccc2c(c1)C(=O)', 'OCC(CC)(CCCC)CO']","[1, 1]",1
87,"['C(=O)CCCCCCCCC(=O)', 'OC(CC1)CCC1O']","[1, 1]",1
88,"['C(=O)CN(C)CC(=O)', 'OCC(CC)(CC)CO']","[1, 1]",1
89,"['C(=O)CCCC(=O)', 'OCC(CC(C1)C2C3)C1C2CC3CO']","[1, 1]",1
90,"['C(=O)CSCC(=O)', 'OCC(C)(C)CO']","[1, 1]",1
91,"['C(=O)c(ccc1)cc1C(=O)', 'OCC(CC1)CCC1CO']","[1, 1]",0
92,"['C(=O)c(ccc1c2)cc1ccc2C(=O)', 'OCC(C)O']","[1, 1]",0
93,"['C(=O)COCCOCC(=O)', 'OC(CC1)CCC1C(C)(C)C(CC2)CCC2O']","[1, 1]",1
94,"['C(=O)CCCC(CCCCCC)O', 'C(=O)CCCCC(CCCC)O']","[2, 1]",0
95,"['C(=O)CC(C)O', 'C(=O)CCCCC(CCCC)O']","[2, 1]",0
96,"['C(=O)CCCC(CCCCCCC)O', 'C(=O)CCCCC(CCCC)O']","[2, 1]",0
97,"['C(=O)CC(C)O', 'C(=O)CCCCCO']","[2, 1]",1
98,"['C(=O)CCCCO', 'C(=O)CCCCO']","[2, 1]",1
99,"['C(=O)CCCCCCCCCCCCCCO', 'C(=O)CCCCO']","[2, 1]",0
100,"['C(=O)CCCCO', 'C(=O)CCO']","[2, 1]",1
101,"['C(=O)C=Cc(cccc1)c1O', 'C(=O)C=Cc(cccc1)c1O']","[2, 1]",0
102,"['C(=O)C(C)OC(=O)C(C)O', 'C(=O)CCCC(CCCCCC)O']","[2, 1]",1
103,"['C(=O)COC(=O)CO', 'C(=O)CCCCC(CCCC)O']","[2, 1]",1
104,"['C(=O)COC(=O)CO', 'C(=O)CCCCCCCCCCCCCCO']","[2, 1]",1
105,"['C(=O)COC(=O)CO', 'C(=O)C=Cc(cccc1)c1O']","[2, 1]",1
106,"['C(=O)C=Cc(cccc1)c1O', 'C(=O)CCCCC(CCCC)O']","[2, 1]",0
107,"['C(=O)C=Cc(cccc1)c1O', 'C(=O)C=CCC(CCCCC)O']","[2, 1]",0
108,"['C(=O)COC(=O)CO', 'C(=O)CCO']","[2, 1]",0
