0,-1.06
0.00721532,-1.4
0.014430639,-1.68
0.021645959,-2.02
0.028861278,-2.36
0.036076598,-2.69
0.043291917,-3.14
0.050507237,-3.65
0.057722557,-4.27
0.064937876,-5.05
0.072153196,-6.01
0.079368515,-7.19
0.086583835,-8.76
0.093799154,-10.56
0.101014474,-12.58
0.108229793,-14.78
0.115445113,-17.14
0.122660433,-19.44
0.129875752,-21.52
0.137091072,-23.26
0.144306391,-24.67
0.151521711,-25.57
0.15873703,-26.07
0.16595235,-26.24
0.17316767,-26.02
0.180382989,-25.62
0.187598309,-24.95
0.194813628,-24.27
0.202028948,-23.54
0.209244267,-22.76
0.216459587,-22.03
0.223674907,-21.24
0.230890226,-20.45
0.238105546,-19.78
0.245320865,-19.16
0.252536185,-18.54
0.259751504,-17.98
0.266966824,-17.53
0.274182144,-17.14
0.281397463,-16.91
0.288612783,-16.63
0.295828102,-16.46
0.303043422,-16.35
0.310258741,-16.29
0.317474061,-16.29
0.32468938,-16.29
0.3319047,-16.35
0.33912002,-16.41
0.346335339,-16.57
0.353550659,-16.74
0.360765978,-16.91
0.367981298,-17.14
0.375196617,-17.36
0.382411937,-17.59
0.389627257,-17.75
0.396842576,-17.92
0.404057896,-18.09
0.411273215,-18.2
0.418488535,-18.32
0.425703854,-18.48
0.432919174,-18.65
0.440134494,-18.93
0.447349813,-19.22
0.454565133,-19.67
0.461780452,-20.23
0.468995772,-20.85
0.476211091,-21.52
0.483426411,-22.25
0.490641731,-23.04
0.49785705,-23.82
0.50507237,-24.61
0.512287689,-25.4
0.519503009,-26.18
0.526718328,-26.91
0.533933648,-27.59
0.541148967,-28.26
0.548364287,-28.94
0.555579607,-29.5
0.562794926,-30.06
0.570010246,-30.51
0.577225565,-30.96
0.584440885,-31.3
0.591656204,-31.64
0.598871524,-31.86
0.606086844,-32.14
0.613302163,-32.31
0.620517483,-32.42
0.627732802,-32.53
0.634948122,-32.65
0.642163441,-32.65
0.649378761,-32.7
0.656594081,-32.7
0.6638094,-32.76
0.67102472,-32.76
0.678240039,-32.82
0.685455359,-32.87
0.692670678,-32.93
0.699885998,-33.04
0.707101318,-33.21
0.714316637,-33.43
0.721531957,-33.77
0.728747276,-34.16
0.735962596,-34.61
0.743177915,-35.12
0.750393235,-35.57
0.757608554,-36.02
0.764823874,-36.41
0.772039194,-36.69
0.779254513,-36.86
0.786469833,-36.92
0.793685152,-36.97
0.800900472,-36.92
0.808115791,-36.75
0.815331111,-36.64
0.822546431,-36.58
0.82976175,-36.53
0.83697707,-36.58
0.844192389,-36.75
0.851407709,-36.97
0.858623028,-37.31
0.865838348,-37.65
0.873053668,-38.04
0.880268987,-38.44
0.887484307,-38.77
0.894699626,-39.11
0.901914946,-39.39
0.909130265,-39.56
0.916345585,-39.73
0.923560905,-39.78
0.930776224,-39.95
0.937991544,-40.12
0.945206863,-40.29
0.952422183,-40.46
0.959637502,-40.68
0.966852822,-40.85
0.974068141,-41.08
0.981283461,-41.36
0.988498781,-41.64
0.9957141,-41.86
1.00292942,-42.2
1.010144739,-42.59
1.017360059,-43.1
1.024575378,-43.61
1.031790698,-44.06
1.039006018,-44.62
1.046221337,-45.07
1.053436657,-45.57
1.060651976,-46.08
1.067867296,-46.53
1.075082615,-46.98
1.082297935,-47.48
1.089513255,-47.93
1.096728574,-48.33
1.103943894,-48.66
1.111159213,-49
1.118374533,-49.23
1.125589852,-49.45
1.132805172,-49.56
1.140020492,-49.68
1.147235811,-49.73
1.154451131,-49.79
1.16166645,-49.84
1.16888177,-49.9
1.176097089,-49.9
1.183312409,-50.01
1.190527728,-50.07
1.197743048,-50.24
1.204958368,-50.41
1.212173687,-50.69
1.219389007,-50.97
1.226604326,-51.31
1.233819646,-51.64
1.241034965,-52.09
1.248250285,-52.49
1.255465605,-52.94
1.262680924,-53.33
1.269896244,-53.78
1.277111563,-54.23
1.284326883,-54.68
1.291542202,-55.13
1.298757522,-55.63
1.305972842,-56.03
1.313188161,-56.53
1.320403481,-56.93
1.3276188,-57.32
1.33483412,-57.71
1.342049439,-57.99
1.349264759,-58.33
1.356480079,-58.61
1.363695398,-58.89
1.370910718,-59.23
1.378126037,-59.57
1.385341357,-59.96
1.392556676,-60.35
1.399771996,-60.75
1.406987315,-61.14
1.414202635,-61.48
1.421417955,-61.82
1.428633274,-62.15
1.435848594,-62.49
1.443063913,-62.77
1.450279233,-63.16
1.457494552,-63.67
1.464709872,-64.18
1.471925192,-64.74
1.479140511,-65.36
1.486355831,-65.97
1.49357115,-66.65
1.50078647,-67.27
1.508001789,-67.88
1.515217109,-68.5
1.522432429,-69.06
1.529647748,-69.63
1.536863068,-70.13
1.544078387,-70.58
1.551293707,-71.03
1.558509026,-71.48
1.565724346,-71.87
1.572939665,-72.27
1.580154985,-72.72
1.587370305,-73.11
1.594585624,-73.5
1.601800944,-73.84
1.609016263,-74.18
1.616231583,-74.52
1.623446902,-74.8
1.630662222,-75.13
1.637877542,-75.47
1.645092861,-75.87
1.652308181,-76.2
1.6595235,-76.6
1.66673882,-76.99
1.673954139,-77.38
1.681169459,-77.89
1.688384779,-78.34
1.695600098,-78.84
1.702815418,-79.35
1.710030737,-79.86
1.717246057,-80.36
1.724461376,-80.92
1.731676696,-81.37
1.738892016,-81.88
1.746107335,-82.33
1.753322655,-82.78
1.760537974,-83.17
1.767753294,-83.56
1.774968613,-84.01
1.782183933,-84.35
1.789399252,-84.69
1.796614572,-84.97
1.803829892,-85.19
1.811045211,-85.48
1.818260531,-85.7
1.82547585,-85.92
1.83269117,-86.26
1.839906489,-86.54
1.847121809,-86.88
1.854337129,-87.22
1.861552448,-87.55
1.868767768,-87.95
1.875983087,-88.29
1.883198407,-88.62
1.890413726,-88.85
1.897629046,-89.13
1.904844366,-89.3
1.912059685,-89.47
1.919275005,-89.58
1.926490324,-89.63
1.933705644,-89.75
1.940920963,-89.86
1.948136283,-89.97
1.955351603,-90.14
1.962566922,-90.36
1.969782242,-90.65
1.976997561,-91.04
1.984212881,-91.43
1.9914282,-91.83
1.99864352,-92.22
2.005858839,-92.67
2.013074159,-93.06
2.020289479,-93.34
2.027504798,-93.62
2.034720118,-93.85
2.041935437,-94.07
2.049150757,-94.24
2.056366076,-94.41
2.063581396,-94.52
2.070796716,-94.64
2.078012035,-94.75
2.085227355,-94.86
2.092442674,-95.09
2.099657994,-95.31
2.106873313,-95.54
2.114088633,-95.76
2.121303953,-95.98
2.128519272,-96.27
2.135734592,-96.6
2.142949911,-96.83
2.150165231,-97.11
2.15738055,-97.5
2.16459587,-97.78
2.17181119,-98.06
2.179026509,-98.35
2.186241829,-98.63
2.193457148,-98.79
2.200672468,-99.02
2.207887787,-99.19
2.215103107,-99.3
2.222318426,-99.41
2.229533746,-99.47
2.236749066,-99.58
2.243964385,-99.75
2.251179705,-99.92
2.258395024,-100.09
2.265610344,-100.31
2.272825663,-100.48
2.280040983,-100.71
2.287256303,-100.87
2.294471622,-101.04
2.301686942,-101.21
2.308902261,-101.27
2.316117581,-101.32
2.3233329,-101.32
2.33054822,-101.27
2.33776354,-101.27
2.344978859,-101.27
2.352194179,-101.27
2.359409498,-101.27
2.366624818,-101.32
2.373840137,-101.32
2.381055457,-101.44
2.388270777,-101.49
2.395486096,-101.55
2.402701416,-101.66
2.409916735,-101.66
2.417132055,-101.77
2.424347374,-101.77
2.431562694,-101.66
2.438778013,-101.55
2.445993333,-101.38
2.453208653,-101.16
2.460423972,-100.93
2.467639292,-100.76
2.474854611,-100.59
2.482069931,-100.48
2.48928525,-100.37
2.49650057,-100.31
2.50371589,-100.37
2.510931209,-100.37
2.518146529,-100.42
2.525361848,-100.42
2.532577168,-100.54
2.539792487,-100.59
2.547007807,-100.71
2.554223127,-100.82
2.561438446,-100.82
2.568653766,-100.82
2.575869085,-100.82
2.583084405,-100.71
2.590299724,-100.59
2.597515044,-100.48
2.604730364,-100.31
2.611945683,-100.26
2.619161003,-100.14
2.626376322,-100.09
2.633591642,-100.09
2.640806961,-100.09
2.648022281,-100.09
2.6552376,-100.2
2.66245292,-100.2
2.66966824,-100.31
2.676883559,-100.42
2.684098879,-100.48
2.691314198,-100.59
2.698529518,-100.65
2.705744837,-100.65
2.712960157,-100.71
2.720175477,-100.71
2.727390796,-100.71
2.734606116,-100.65
2.741821435,-100.59
2.749036755,-100.42
2.756252074,-100.31
2.763467394,-100.03
2.770682714,-99.81
2.777898033,-99.53
2.785113353,-99.3
2.792328672,-98.96
2.799543992,-98.74
2.806759311,-98.46
2.813974631,-98.23
2.821189951,-98.06
2.82840527,-97.9
2.83562059,-97.9
2.842835909,-97.78
2.850051229,-97.84
2.857266548,-97.9
2.864481868,-98.01
2.871697187,-98.06
2.878912507,-98.18
2.886127827,-98.18
2.893343146,-98.18
2.900558466,-98.06
2.907773785,-97.95
2.914989105,-97.73
2.922204424,-97.5
2.929419744,-97.22
2.936635064,-96.94
2.943850383,-96.72
2.951065703,-96.6
2.958281022,-96.55
2.965496342,-96.6
2.972711661,-96.77
2.979926981,-97.05
2.987142301,-97.33
2.99435762,-97.67
3.00157294,-97.95
3.008788259,-98.23
3.016003579,-98.4
3.023218898,-98.46
3.030434218,-98.46
3.037649537,-98.4
3.044864857,-98.18
3.052080177,-98.06
3.059295496,-97.84
3.066510816,-97.67
3.073726135,-97.45
3.080941455,-97.33
3.088156774,-97.33
3.095372094,-97.33
3.102587414,-97.33
3.109802733,-97.39
3.117018053,-97.33
3.124233372,-97.33
3.131448692,-97.33
3.138664011,-97.28
3.145879331,-97.22
3.153094651,-97.11
3.16030997,-97
3.16752529,-96.83
3.174740609,-96.72
3.181955929,-96.55
3.189171248,-96.38
3.196386568,-96.32
3.203601888,-96.21
3.210817207,-96.15
3.218032527,-96.04
3.225247846,-95.98
3.232463166,-95.87
3.239678485,-95.82
3.246893805,-95.76
3.254109124,-95.54
3.261324444,-95.42
3.268539764,-95.31
3.275755083,-95.2
3.282970403,-95.09
3.290185722,-94.97
3.297401042,-94.86
3.304616361,-94.69
3.311831681,-94.52
3.319047001,-94.3
3.32626232,-94.07
3.33347764,-93.79
3.340692959,-93.46
3.347908279,-93.12
3.355123598,-92.84
3.362338918,-92.61
3.369554238,-92.39
3.376769557,-92.33
3.383984877,-92.28
3.391200196,-92.33
3.398415516,-92.33
3.405630835,-92.39
3.412846155,-92.28
3.420061475,-92.22
3.427276794,-92.05
3.434492114,-91.83
3.441707433,-91.54
3.448922753,-91.26
3.456138072,-91.04
3.463353392,-90.81
3.470568711,-90.76
3.477784031,-90.65
3.484999351,-90.59
3.49221467,-90.53
3.49942999,-90.42
3.506645309,-90.31
3.513860629,-90.2
3.521075948,-89.97
3.528291268,-89.75
3.535506588,-89.52
3.542721907,-89.3
3.549937227,-89.18
3.557152546,-89.07
3.564367866,-88.96
3.571583185,-88.9
3.578798505,-88.79
3.586013825,-88.62
3.593229144,-88.45
3.600444464,-88.23
3.607659783,-88
3.614875103,-87.72
3.622090422,-87.5
3.629305742,-87.33
3.636521062,-87.27
3.643736381,-87.22
3.650951701,-87.22
3.65816702,-87.22
3.66538234,-87.22
3.672597659,-87.16
3.679812979,-87.05
3.687028298,-86.94
3.694243618,-86.71
3.701458938,-86.54
3.708674257,-86.26
3.715889577,-86.04
3.723104896,-85.87
3.730320216,-85.64
3.737535535,-85.53
3.744750855,-85.48
3.751966175,-85.36
3.759181494,-85.19
3.766396814,-85.03
3.773612133,-84.74
3.780827453,-84.46
3.788042772,-84.07
3.795258092,-83.68
3.802473412,-83.28
3.809688731,-82.89
3.816904051,-82.61
3.82411937,-82.38
3.83133469,-82.27
3.838550009,-82.1
3.845765329,-82.1
3.852980649,-82.05
3.860195968,-81.99
3.867411288,-81.99
3.874626607,-81.88
3.881841927,-81.77
3.889057246,-81.65
3.896272566,-81.49
3.903487885,-81.26
3.910703205,-81.04
3.917918525,-80.75
3.925133844,-80.47
3.932349164,-80.19
3.939564483,-79.97
3.946779803,-79.63
3.953995122,-79.35
3.961210442,-79.07
3.968425762,-78.79
3.975641081,-78.45
3.982856401,-78.17
3.99007172,-77.89
3.99728704,-77.55
4.004502359,-77.27
4.011717679,-77.05
4.018932999,-76.76
4.026148318,-76.6
4.033363638,-76.43
4.040578957,-76.2
4.047794277,-76.03
4.055009596,-75.87
4.062224916,-75.64
4.069440236,-75.53
4.076655555,-75.36
4.083870875,-75.3
4.091086194,-75.25
4.098301514,-75.19
4.105516833,-75.19
4.112732153,-75.02
4.119947472,-74.97
4.127162792,-74.8
4.134378112,-74.57
4.141593431,-74.35
4.148808751,-74.07
4.15602407,-73.79
4.16323939,-73.5
4.170454709,-73.22
4.177670029,-73.06
4.184885349,-72.89
4.192100668,-72.72
4.199315988,-72.66
4.206531307,-72.55
4.213746627,-72.49
4.220961946,-72.44
4.228177266,-72.38
4.235392586,-72.32
4.242607905,-72.16
4.249823225,-71.99
4.257038544,-71.82
4.264253864,-71.59
4.271469183,-71.31
4.278684503,-71.03
4.285899823,-70.75
4.293115142,-70.47
4.300330462,-70.13
4.307545781,-69.8
4.314761101,-69.46
4.32197642,-69.06
4.32919174,-68.67
4.336407059,-68.28
4.343622379,-67.94
4.350837699,-67.55
4.358053018,-67.32
4.365268338,-67.04
4.372483657,-66.76
4.379698977,-66.59
4.386914296,-66.37
4.394129616,-66.14
4.401344936,-65.92
4.408560255,-65.64
4.415775575,-65.36
4.422990894,-65.02
4.430206214,-64.68
4.437421533,-64.34
4.444636853,-64.12
4.451852173,-63.84
4.459067492,-63.67
4.466282812,-63.56
4.473498131,-63.44
4.480713451,-63.33
4.48792877,-63.16
4.49514409,-63.05
4.502359409,-62.77
4.509574729,-62.49
4.516790049,-62.04
4.524005368,-61.59
4.531220688,-61.08
4.538436007,-60.63
4.545651327,-60.13
4.552866646,-59.62
4.560081966,-59.17
4.567297286,-58.78
4.574512605,-58.39
4.581727925,-57.99
4.588943244,-57.6
4.596158564,-57.15
4.603373883,-56.76
4.610589203,-56.25
4.617804523,-55.8
4.625019842,-55.3
4.632235162,-54.85
4.639450481,-54.4
4.646665801,-54
4.65388112,-53.61
4.66109644,-53.33
4.66831176,-53.05
4.675527079,-52.82
4.682742399,-52.6
4.689957718,-52.37
4.697173038,-52.09
4.704388357,-51.87
4.711603677,-51.53
4.718818996,-51.25
4.726034316,-50.97
4.733249636,-50.69
4.740464955,-50.46
4.747680275,-50.24
4.754895594,-49.96
4.762110914,-49.79
4.769326233,-49.68
4.776541553,-49.45
4.783756873,-49.23
4.790972192,-49.06
4.798187512,-48.83
4.805402831,-48.55
4.812618151,-48.33
4.81983347,-48.05
4.82704879,-47.77
4.83426411,-47.43
4.841479429,-47.09
4.848694749,-46.75
4.855910068,-46.36
4.863125388,-46.02
4.870340707,-45.69
4.877556027,-45.35
4.884771347,-45.07
4.891986666,-44.84
4.899201986,-44.62
4.906417305,-44.28
4.913632625,-44.06
4.920847944,-43.72
4.928063264,-43.33
4.935278583,-42.99
4.942493903,-42.65
4.949709223,-42.37
4.956924542,-42.15
4.964139862,-41.92
4.971355181,-41.81
4.978570501,-41.7
4.98578582,-41.64
4.99300114,-41.53
5.00021646,-41.36
5.007431779,-41.13
5.014647099,-40.8
5.021862418,-40.52
5.029077738,-40.18
5.036293057,-39.9
5.043508377,-39.62
5.050723697,-39.45
5.057939016,-39.39
5.065154336,-39.34
5.072369655,-39.39
5.079584975,-39.45
5.086800294,-39.5
5.094015614,-39.56
5.101230934,-39.56
5.108446253,-39.5
5.115661573,-39.45
5.122876892,-39.34
5.130092212,-39.22
5.137307531,-39.05
5.144522851,-38.89
5.15173817,-38.72
5.15895349,-38.6
5.16616881,-38.49
5.173384129,-38.44
5.180599449,-38.27
5.187814768,-38.21
5.195030088,-38.21
5.202245407,-38.15
5.209460727,-38.04
5.216676047,-37.99
5.223891366,-37.93
5.231106686,-37.87
5.238322005,-37.76
5.245537325,-37.71
5.252752644,-37.65
5.259967964,-37.59
5.267183284,-37.54
5.274398603,-37.48
5.281613923,-37.48
5.288829242,-37.37
5.296044562,-37.37
5.303259881,-37.31
5.310475201,-37.26
5.317690521,-37.2
5.32490584,-37.2
5.33212116,-37.2
5.339336479,-37.2
5.346551799,-37.26
5.353767118,-37.31
5.360982438,-37.42
5.368197757,-37.54
5.375413077,-37.59
5.382628397,-37.65
5.389843716,-37.71
5.397059036,-37.71
5.404274355,-37.76
5.411489675,-37.76
5.418704994,-37.76
5.425920314,-37.87
5.433135634,-37.99
5.440350953,-38.21
5.447566273,-38.44
5.454781592,-38.72
5.461996912,-39.11
5.469212231,-39.56
5.476427551,-40.01
5.483642871,-40.4
5.49085819,-40.74
5.49807351,-41.13
5.505288829,-41.41
5.512504149,-41.64
5.519719468,-41.81
5.526934788,-41.92
5.534150108,-41.98
5.541365427,-42.03
5.548580747,-42.15
5.555796066,-42.26
5.563011386,-42.37
5.570226705,-42.54
5.577442025,-42.71
5.584657344,-42.93
5.591872664,-43.16
5.599087984,-43.44
5.606303303,-43.72
5.613518623,-44
5.620733942,-44.34
5.627949262,-44.67
5.635164581,-45.07
5.642379901,-45.46
5.649595221,-45.85
5.65681054,-46.3
5.66402586,-46.75
5.671241179,-47.15
5.678456499,-47.54
5.685671818,-47.82
5.692887138,-48.16
5.700102458,-48.44
5.707317777,-48.66
5.714533097,-48.95
5.721748416,-49.11
5.728963736,-49.34
5.736179055,-49.45
5.743394375,-49.62
5.750609695,-49.79
5.757825014,-50.01
5.765040334,-50.24
5.772255653,-50.52
5.779470973,-50.91
5.786686292,-51.31
5.793901612,-51.76
5.801116931,-52.2
5.808332251,-52.77
5.815547571,-53.27
5.82276289,-53.72
5.82997821,-54.12
5.837193529,-54.51
5.844408849,-54.73
5.851624168,-54.96
5.858839488,-55.13
5.866054808,-55.24
5.873270127,-55.35
5.880485447,-55.41
5.887700766,-55.52
5.894916086,-55.69
5.902131405,-55.97
5.909346725,-56.25
5.916562045,-56.64
5.923777364,-57.04
5.930992684,-57.54
5.938208003,-58.05
5.945423323,-58.56
5.952638642,-59.06
5.959853962,-59.51
5.967069281,-59.9
5.974284601,-60.35
5.981499921,-60.8
5.98871524,-61.2
5.99593056,-61.65
6.003145879,-62.1
6.010361199,-62.55
6.017576518,-62.94
6.024791838,-63.33
6.032007158,-63.73
6.039222477,-64.06
6.046437797,-64.4
6.053653116,-64.74
6.060868436,-65.02
6.068083755,-65.3
6.075299075,-65.58
6.082514395,-65.86
6.089729714,-66.2
6.096945034,-66.42
6.104160353,-66.76
6.111375673,-67.1
6.118590992,-67.44
6.125806312,-67.83
6.133021632,-68.17
6.140236951,-68.56
6.147452271,-68.95
6.15466759,-69.35
6.16188291,-69.74
6.169098229,-70.02
6.176313549,-70.41
6.183528868,-70.69
6.190744188,-71.03
6.197959508,-71.26
6.205174827,-71.54
6.212390147,-71.82
6.219605466,-72.1
6.226820786,-72.38
6.234036105,-72.72
6.241251425,-73
6.248466745,-73.45
6.255682064,-73.84
6.262897384,-74.29
6.270112703,-74.68
6.277328023,-75.08
6.284543342,-75.47
6.291758662,-75.87
6.298973982,-76.09
6.306189301,-76.43
6.313404621,-76.71
6.32061994,-76.99
6.32783526,-77.38
6.335050579,-77.72
6.342265899,-78.17
6.349481219,-78.68
6.356696538,-79.18
6.363911858,-79.74
6.371127177,-80.36
6.378342497,-80.92
6.385557816,-81.49
6.392773136,-81.99
6.399988455,-82.55
6.407203775,-83
6.414419095,-83.51
6.421634414,-83.9
6.428849734,-84.35
6.436065053,-84.8
6.443280373,-85.25
6.450495692,-85.76
6.457711012,-86.21
6.464926332,-86.71
6.472141651,-87.16
6.479356971,-87.72
6.48657229,-88.29
6.49378761,-88.73
6.501002929,-89.18
6.508218249,-89.69
6.515433569,-90.08
6.522648888,-90.42
6.529864208,-90.81
6.537079527,-91.15
6.544294847,-91.43
6.551510166,-91.71
6.558725486,-92.05
6.565940806,-92.44
6.573156125,-92.78
6.580371445,-93.17
6.587586764,-93.57
6.594802084,-93.96
6.602017403,-94.3
6.609232723,-94.69
6.616448042,-95.03
6.623663362,-95.37
6.630878682,-95.76
6.638094001,-96.1
6.645309321,-96.49
6.65252464,-96.88
6.65973996,-97.33
6.666955279,-97.73
6.674170599,-98.18
6.681385919,-98.51
6.688601238,-98.91
6.695816558,-99.24
6.703031877,-99.58
6.710247197,-99.92
6.717462516,-100.26
6.724677836,-100.71
6.731893156,-101.1
6.739108475,-101.6
6.746323795,-102.05
6.753539114,-102.67
6.760754434,-103.23
6.767969753,-103.8
6.775185073,-104.3
6.782400393,-104.75
6.789615712,-105.15
6.796831032,-105.48
6.804046351,-105.82
6.811261671,-106.16
6.81847699,-106.49
6.82569231,-106.83
6.832907629,-107.28
6.840122949,-107.67
6.847338269,-108.18
6.854553588,-108.69
6.861768908,-109.14
6.868984227,-109.64
6.876199547,-110.09
6.883414866,-110.54
6.890630186,-110.93
6.897845506,-111.33
6.905060825,-111.66
6.912276145,-112.06
6.919491464,-112.4
6.926706784,-112.73
6.933922103,-113.07
6.941137423,-113.35
6.948352743,-113.8
6.955568062,-114.19
6.962783382,-114.64
6.969998701,-115.09
6.977214021,-115.65
6.98442934,-116.1
6.99164466,-116.67
6.99885998,-117.12
7.006075299,-117.51
7.013290619,-117.9
7.020505938,-118.24
7.027721258,-118.46
7.034936577,-118.8
7.042151897,-119.08
7.049367216,-119.36
7.056582536,-119.7
7.063797856,-120.04
7.071013175,-120.43
7.078228495,-120.77
7.085443814,-121.22
7.092659134,-121.61
7.099874453,-121.95
7.107089773,-122.4
7.114305093,-122.74
7.121520412,-123.13
7.128735732,-123.41
7.135951051,-123.69
7.143166371,-123.97
7.15038169,-124.25
7.15759701,-124.48
7.16481233,-124.7
7.172027649,-124.93
7.179242969,-125.15
7.186458288,-125.38
7.193673608,-125.55
7.200888927,-125.77
7.208104247,-126
7.215319567,-126.16
7.222534886,-126.39
7.229750206,-126.61
7.236965525,-126.84
7.244180845,-127.12
7.251396164,-127.4
7.258611484,-127.68
7.265826803,-127.91
7.273042123,-128.19
7.280257443,-128.41
7.287472762,-128.58
7.294688082,-128.75
7.301903401,-128.86
7.309118721,-129.03
7.31633404,-129.14
7.32354936,-129.26
7.33076468,-129.31
7.337979999,-129.37
7.345195319,-129.37
7.352410638,-129.37
7.359625958,-129.31
7.366841277,-129.26
7.374056597,-129.14
7.381271917,-129.14
7.388487236,-129.2
7.395702556,-129.31
7.402917875,-129.59
7.410133195,-129.82
7.417348514,-130.1
7.424563834,-130.44
7.431779153,-130.77
7.438994473,-131.11
7.446209793,-131.39
7.453425112,-131.67
7.460640432,-131.84
7.467855751,-132.01
7.475071071,-132.12
7.48228639,-132.18
7.48950171,-132.23
7.49671703,-132.29
7.503932349,-132.23
7.511147669,-132.18
7.518362988,-132.07
7.525578308,-132.01
7.532793627,-131.95
7.540008947,-131.84
7.547224267,-131.84
7.554439586,-131.84
7.561654906,-131.9
7.568870225,-132.07
7.576085545,-132.18
7.583300864,-132.35
7.590516184,-132.51
7.597731504,-132.68
7.604946823,-132.8
7.612162143,-132.91
7.619377462,-132.96
7.626592782,-133.08
7.633808101,-133.19
7.641023421,-133.25
7.64823874,-133.36
7.65545406,-133.41
7.66266938,-133.41
7.669884699,-133.36
7.677100019,-133.36
7.684315338,-133.3
7.691530658,-133.19
7.698745977,-133.08
7.705961297,-132.96
7.713176617,-132.8
7.720391936,-132.68
7.727607256,-132.57
7.734822575,-132.4
7.742037895,-132.23
7.749253214,-132.12
7.756468534,-132.07
7.763683854,-131.95
7.770899173,-131.95
7.778114493,-131.9
7.785329812,-131.9
7.792545132,-131.9
7.799760451,-131.95
7.806975771,-131.9
7.814191091,-131.84
7.82140641,-131.84
7.82862173,-131.73
7.835837049,-131.67
7.843052369,-131.62
7.850267688,-131.56
7.857483008,-131.45
7.864698327,-131.33
7.871913647,-131.11
7.879128967,-131
7.886344286,-130.72
7.893559606,-130.44
7.900774925,-130.15
7.907990245,-129.87
7.915205564,-129.54
7.922420884,-129.2
7.929636204,-128.92
7.936851523,-128.69
7.944066843,-128.52
7.951282162,-128.36
7.958497482,-128.24
7.965712801,-128.13
7.972928121,-128.07
7.980143441,-127.91
7.98735876,-127.68
7.99457408,-127.46
8.001789399,-127.18
8.009004719,-126.78
8.016220038,-126.39
8.023435358,-125.94
8.030650678,-125.6
8.037865997,-125.21
8.045081317,-124.82
8.052296636,-124.48
8.059511956,-124.03
8.066727275,-123.58
8.073942595,-123.13
8.081157914,-122.68
8.088373234,-122.06
8.095588554,-121.5
8.102803873,-120.94
8.110019193,-120.32
8.117234512,-119.76
8.124449832,-119.2
8.131665151,-118.69
8.138880471,-118.18
8.146095791,-117.68
8.15331111,-117.17
8.16052643,-116.67
8.167741749,-116.1
8.174957069,-115.54
8.182172388,-114.92
8.189387708,-114.25
8.196603028,-113.69
8.203818347,-113.01
8.211033667,-112.4
8.218248986,-111.78
8.225464306,-111.27
8.232679625,-110.71
8.239894945,-110.09
8.247110265,-109.59
8.254325584,-108.97
8.261540904,-108.35
8.268756223,-107.73
8.275971543,-107.06
8.283186862,-106.33
8.290402182,-105.65
8.297617501,-104.86
8.304832821,-104.13
8.312048141,-103.4
8.31926346,-102.67
8.32647878,-102
8.333694099,-101.21
8.340909419,-100.59
8.348124738,-99.92
8.355340058,-99.24
8.362555378,-98.57
8.369770697,-97.9
8.376986017,-97.22
8.384201336,-96.55
8.391416656,-95.82
8.398631975,-95.09
8.405847295,-94.35
8.413062615,-93.62
8.420277934,-92.89
8.427493254,-92.11
8.434708573,-91.32
8.441923893,-90.48
8.449139212,-89.63
8.456354532,-88.73
8.463569852,-87.78
8.470785171,-86.88
8.478000491,-85.92
8.48521581,-84.97
8.49243113,-84.07
8.499646449,-83.23
8.506861769,-82.33
8.514077088,-81.54
8.521292408,-80.75
8.528507728,-79.97
8.535723047,-79.07
8.542938367,-78.23
8.550153686,-77.38
8.557369006,-76.43
8.564584325,-75.47
8.571799645,-74.46
8.579014965,-73.5
8.586230284,-72.49
8.593445604,-71.43
8.600660923,-70.41
8.607876243,-69.4
8.615091562,-68.33
8.622306882,-67.32
8.629522202,-66.2
8.636737521,-65.02
8.643952841,-63.78
8.65116816,-62.55
8.65838348,-61.25
8.665598799,-59.9
8.672814119,-58.56
8.680029439,-57.09
8.687244758,-55.75
8.694460078,-54.28
8.701675397,-52.82
8.708890717,-51.36
8.716106036,-49.84
8.723321356,-48.27
8.730536675,-46.75
8.737751995,-45.07
8.744967315,-43.44
8.752182634,-41.75
8.759397954,-39.95
8.766613273,-38.15
8.773828593,-36.24
8.781043912,-34.33
8.788259232,-32.42
8.795474552,-30.4
8.802689871,-28.38
8.809905191,-26.3
8.81712051,-24.16
8.82433583,-21.91
8.831551149,-19.61
8.838766469,-17.19
8.845981789,-14.78
8.853197108,-12.19
8.860412428,-9.55
8.867627747,-6.68
8.874843067,-3.7
8.882058386,-0.5
8.889273706,2.86
8.896489025,6.35
8.903704345,10
8.910919665,13.82
8.918134984,17.7
8.925350304,21.63
8.932565623,25.62
8.939780943,29.67
8.946996262,33.77
8.954211582,38.04
8.961426902,42.48
8.968642221,47.09
8.975857541,51.92
8.98307286,56.98
8.99028818,62.32
8.997503499,67.88
9.004718819,73.73
9.011934139,79.86
9.019149458,86.26
9.026364778,92.95
9.033580097,99.97
9.040795417,107.28
9.048010736,114.92
9.055226056,122.9
9.062441376,131.17
9.069656695,139.76
9.076872015,148.64
9.084087334,157.86
9.091302654,167.47
9.098517973,177.47
9.105733293,187.87
9.112948612,198.66
9.120163932,209.9
9.127379252,221.65
9.134594571,233.79
9.141809891,246.38
9.14902521,259.36
9.15624053,272.85
9.163455849,286.67
9.170671169,301
9.177886489,315.9
9.185101808,331.29
9.192317128,347.25
9.199532447,363.78
9.206747767,380.92
9.213963086,398.73
9.221178406,417.11
9.228393726,436.16
9.235609045,455.89
9.242824365,476.18
9.250039684,497.25
9.257255004,519
9.264470323,541.43
9.271685643,564.69
9.278900963,588.69
9.286116282,613.47
9.293331602,639.05
9.300546921,665.46
9.307762241,692.88
9.31497756,721.15
9.32219288,750.38
9.329408199,780.67
9.336623519,811.86
9.343838839,844.23
9.351054158,877.56
9.358269478,912.01
9.365484797,947.58
9.372700117,984.23
9.379915436,1022.16
9.387130756,1061.22
9.394346076,1101.57
9.401561395,1143.1
9.408776715,1185.98
9.415992034,1230.16
9.423207354,1275.68
9.430422673,1322.66
9.437637993,1371.05
9.444853313,1421.01
9.452068632,1472.6
9.459283952,1525.77
9.466499271,1580.62
9.473714591,1637.16
9.48092991,1695.32
9.48814523,1755.29
9.49536055,1816.83
9.502575869,1880
9.509791189,1944.91
9.517006508,2011.51
9.524221828,2079.79
9.531437147,2149.87
9.538652467,2221.81
9.545867786,2295.71
9.553083106,2371.58
9.560298426,2449.53
9.567513745,2529.78
9.574729065,2612.23
9.581944384,2697.09
9.589159704,2784.37
9.596375023,2874.01
9.603590343,2966.17
9.610805663,3060.82
9.618020982,3157.99
9.625236302,3257.63
9.632451621,3359.86
9.639666941,3464.67
9.64688226,3572.12
9.65409758,3682.16
9.6613129,3794.96
9.668528219,3910.45
9.675743539,4028.8
9.682958858,4150.03
9.690174178,4274.23
9.697389497,4401.41
9.704604817,4531.63
9.711820137,4664.99
9.719035456,4801.44
9.726250776,4941.04
9.733466095,5083.9
9.740681415,5230.08
9.747896734,5379.63
9.755112054,5532.55
9.762327373,5689.12
9.769542693,5849.23
9.776758013,6013
9.783973332,6180.59
9.791188652,6351.83
9.798403971,6526.78
9.805619291,6705.44
9.81283461,6887.59
9.82004993,7073.5
9.82726525,7262.89
9.834480569,7455.94
9.841695889,7652.58
9.848911208,7852.93
9.856126528,8057.05
9.863341847,8264.99
9.870557167,8476.87
9.877772487,8692.56
9.884987806,8912.25
9.892203126,9135.92
9.899418445,9363.65
9.906633765,9595.41
9.913849084,9831.29
9.921064404,10071.2
9.928279724,10315.34
9.935495043,10563.63
9.942710363,10816.08
9.949925682,11072.63
9.957141002,11333.34
9.964356321,11598.1
9.971571641,11866.91
9.97878696,12139.7
9.98600228,12416.43
9.9932176,12696.98
10.00043292,12981.46
10.00764824,13269.71
10.01486356,13561.79
10.02207888,13857.73
10.0292942,14157.51
10.03650952,14461.04
10.04372484,14768.62
10.05094016,15080.03
10.05815548,15395.37
10.0653708,15714.53
10.07258611,16037.45
10.07980143,16364.03
10.08701675,16694.26
10.09423207,17027.86
10.10144739,17364.73
10.10866271,17704.85
10.11587803,18048.12
10.12309335,18394.42
10.13030867,18743.82
10.13752399,19096.19
10.14473931,19451.49
10.15195463,19809.65
10.15916995,20170.68
10.16638527,20534.35
10.17360059,20900.72
10.18081591,21269.5
10.18803123,21640.65
10.19524655,22013.93
10.20246187,22389.23
10.20967719,22766.39
10.21689251,23145.23
10.22410783,23525.65
10.23132315,23907.53
10.23853846,24290.76
10.24575378,24675.28
10.2529691,25060.92
10.26018442,25447.64
10.26739974,25835.3
10.27461506,26223.59
10.28183038,26612.55
10.2890457,27001.85
10.29626102,27391.37
10.30347634,27780.89
10.31069166,28170.41
10.31790698,28559.6
10.3251223,28948.39
10.33233762,29336.73
10.33955294,29724.34
10.34676826,30111.17
10.35398358,30496.93
10.3611989,30881.5
10.36841422,31264.56
10.37562954,31645.88
10.38284486,32025.23
10.39006018,32402.39
10.3972755,32777.02
10.40449081,33149.12
10.41170613,33518.41
10.41892145,33884.72
10.42613677,34247.99
10.43335209,34608.12
10.44056741,34964.94
10.44778273,35318.21
10.45499805,35667.83
10.46221337,36013.52
10.46942869,36355.1
10.47664401,36692.36
10.48385933,37024.95
10.49107465,37352.76
10.49828997,37675.52
10.50550529,37993.05
10.51272061,38305.24
10.51993593,38611.81
10.52715125,38912.71
10.53436657,39207.7
10.54158189,39496.74
10.54879721,39779.65
10.55601253,40056.26
10.56322785,40326.47
10.57044316,40590.05
10.57765848,40846.72
10.5848738,41096.41
10.59208912,41338.86
10.59930444,41573.95
10.60651976,41801.44
10.61373508,42021.24
10.6209504,42233.17
10.62816572,42437.18
10.63538104,42633.09
10.64259636,42820.8
10.64981168,43000.19
10.657027,43171.26
10.66424232,43333.85
10.67145764,43487.84
10.67867296,43633.23
10.68588828,43769.79
10.6931036,43897.7
10.70031892,44016.68
10.70753424,44126.77
10.71474956,44227.93
10.72196488,44320.1
10.7291802,44403.28
10.73639551,44477.41
10.74361083,44542.43
10.75082615,44598.24
10.75804147,44644.94
10.76525679,44682.37
10.77247211,44710.47
10.77968743,44729.41
10.78690275,44738.9
10.79411807,44739.24
10.80133339,44730.25
10.80854871,44712.04
10.81576403,44684.67
10.82297935,44648.2
10.83019467,44602.68
10.83740999,44548.16
10.84462531,44484.66
10.85184063,44412.27
10.85905595,44331.06
10.86627127,44241.14
10.87348659,44142.51
10.88070191,44035.34
10.88791723,43919.73
10.89513255,43795.59
10.90234786,43663.24
10.90956318,43522.62
10.9167785,43373.92
10.92399382,43217.29
10.93120914,43052.79
10.93842446,42880.65
10.94563978,42700.92
10.9528551,42513.83
10.96007042,42319.38
10.96728574,42117.85
10.97450106,41909.18
10.98171638,41693.65
10.9889317,41471.38
10.99614702,41242.59
11.00336234,41007.39
11.01057766,40766.13
11.01779298,40518.96
11.0250083,40266.17
11.03222362,40007.88
11.03943894,39744.3
11.04665426,39475.61
11.05386958,39201.86
11.0610849,38923.27
11.06830022,38639.91
11.07551553,38352
11.08273085,38059.59
11.08994617,37762.85
11.09716149,37462.02
11.10437681,37157.24
11.11159213,36848.76
11.11880745,36536.74
11.12602277,36221.4
11.13323809,35902.97
11.14045341,35581.73
11.14766873,35257.8
11.15488405,34931.5
11.16209937,34602.9
11.16931469,34272.22
11.17653001,33939.62
11.18374533,33605.23
11.19096065,33269.21
11.19817597,32931.68
11.20539129,32592.74
11.21260661,32252.56
11.21982193,31911.25
11.22703725,31569.05
11.23425257,31226.06
11.24146788,30882.51
11.2486832,30538.57
11.25589852,30194.46
11.26311384,29850.34
11.27032916,29506.29
11.27754448,29162.62
11.2847598,28819.3
11.29197512,28476.42
11.29919044,28134.16
11.30640576,27792.52
11.31362108,27451.56
11.3208364,27111.49
11.32805172,26772.33
11.33526704,26434.28
11.34248236,26097.42
11.34969768,25762.08
11.356913,25428.19
11.36412832,25096.11
11.37134364,24765.93
11.37855896,24437.61
11.38577428,24111.2
11.3929896,23786.81
11.40020492,23464.39
11.40742023,23143.94
11.41463555,22825.51
11.42185087,22509.28
11.42906619,22195.12
11.43628151,21883.21
11.44349683,21573.66
11.45071215,21266.58
11.45792747,20962.15
11.46514279,20660.35
11.47235811,20361.37
11.47957343,20065.19
11.48678875,19771.83
11.49400407,19481.39
11.50121939,19193.87
11.50843471,18909.1
11.51565003,18627.32
11.52286535,18348.34
11.53008067,18072.23
11.53729599,17798.93
11.54451131,17528.55
11.55172663,17260.98
11.55894195,16996.45
11.56615727,16734.84
11.57337258,16476.26
11.5805879,16220.83
11.58780322,15968.38
11.59501854,15719.19
11.60223386,15473.15
11.60944918,15230.25
11.6166645,14990.56
11.62387982,14754.07
11.63109514,14520.67
11.63831046,14290.42
11.64552578,14063.26
11.6527411,13839.25
11.65995642,13618.21
11.66717174,13400.27
11.67438706,13185.25
11.68160238,12973.26
11.6888177,12764.2
11.69603302,12557.94
11.70324834,12354.67
11.71046366,12154.2
11.71767898,11956.55
11.7248943,11761.7
11.73210962,11569.55
11.73932493,11380.27
11.74654025,11193.63
11.75375557,11009.8
11.76097089,10828.78
11.76818621,10650.51
11.77540153,10475.17
11.78261685,10302.64
11.78983217,10133.08
11.79704749,9966.28
11.80426281,9802.4
11.81147813,9641.27
11.81869345,9482.73
11.82590877,9326.78
11.83312409,9173.3
11.84033941,9022.23
11.84755473,8873.47
11.85477005,8727.01
11.86198537,8582.86
11.86920069,8441.07
11.87641601,8301.58
11.88363133,8164.39
11.89084665,8029.63
11.89806197,7897.16
11.90527728,7767.06
11.9124926,7639.04
11.91970792,7513.26
11.92692324,7389.45
11.93413856,7267.5
11.94135388,7147.4
11.9485692,7028.99
11.95578452,6912.2
11.96299984,6796.94
11.97021516,6683.24
11.97743048,6570.96
11.9846458,6460.13
11.99186112,6350.65
11.99907644,6242.52
12.00629176,6135.57
12.01350708,6029.81
12.0207224,5925.05
12.02793772,5821.13
12.03515304,5717.73
12.04236836,5614.71
12.04958368,5511.75
12.056799,5408.51
12.06401432,5304.77
12.07122963,5200.07
12.07844495,5094.08
12.08566027,4986.4
12.09287559,4876.58
12.10009091,4764.24
12.10730623,4648.8
12.11452155,4529.77
12.12173687,4406.52
12.12895219,4278.33
12.13616751,4144.52
12.14338283,4004.3
12.15059815,3856.83
12.15781347,3701.27
12.16502879,3536.6
12.17224411,3361.99
12.17945943,3176.36
12.18667475,2978.71
12.19389007,2768.01
12.20110539,2543.33
12.20832071,2303.58
12.21553603,2047.75
12.22275135,1775.02
12.22996667,1484.46
12.23718198,1175.19
12.2443973,846.76
12.25161262,498.38
12.25882794,129.7
12.26604326,-259.64
12.27325858,-669.73
12.2804739,-1100.56
12.28768922,-1552.01
12.29490454,-2023.53
12.30211986,-2514.55
12.30933518,-3024.12
12.3165505,-3551.16
12.32376582,-4094.33
12.33098114,-4651.89
12.33819646,-5222.21
12.34541178,-5803.04
12.3526271,-6392.3
12.35984242,-6987.4
12.36705774,-7585.76
12.37427306,-8184.57
12.38148838,-8780.74
12.3887037,-9371.35
12.39591902,-9953.3
12.40313433,-10523.33
12.41034965,-11078.36
12.41756497,-11615.47
12.42478029,-12131.55
12.43199561,-12623.75
12.43921093,-13089.31
12.44642625,-13525.59
12.45364157,-13930.18
12.46085689,-14300.87
12.46807221,-14635.82
12.47528753,-14933.4
12.48250285,-15192.2
12.48971817,-15411.33
12.49693349,-15590.04
12.50414881,-15728.13
12.51136413,-15825.47
12.51857945,-15882.28
12.52579477,-15899.14
12.53301009,-15876.78
12.54022541,-15816.14
12.54744073,-15718.52
12.55465605,-15585.38
12.56187137,-15418.13
12.56908668,-15218.73
12.576302,-14988.93
12.58351732,-14730.86
12.59073264,-14446.77
12.59794796,-14138.79
12.60516328,-13809.29
12.6123786,-13460.68
12.61959392,-13095.33
12.62680924,-12715.64
12.63402456,-12323.92
12.64123988,-11922.38
12.6484552,-11513.07
12.65567052,-11097.98
12.66288584,-10678.95
12.67010116,-10257.79
12.67731648,-9836.18
12.6845318,-9415.57
12.69174712,-8997.62
12.69896244,-8583.48
12.70617776,-8174.57
12.71339308,-7772.06
12.7206084,-7377.03
12.72782372,-6990.32
12.73503903,-6612.66
12.74225435,-6244.77
12.74946967,-5887
12.75668499,-5539.97
12.76390031,-5203.72
12.77111563,-4878.6
12.77833095,-4564.73
12.78554627,-4262.15
12.79276159,-3970.92
12.79997691,-3691.1
12.80719223,-3422.63
12.81440755,-3165.4
12.82162287,-2919.53
12.82883819,-2684.73
12.83605351,-2460.99
12.84326883,-2248.16
12.85048415,-2046.01
12.85769947,-1854.37
12.86491479,-1672.96
12.87213011,-1501.6
12.87934543,-1339.8
12.88656075,-1187.56
12.89377607,-1044.25
12.90099138,-909.87
12.9082067,-783.87
12.91542202,-666.13
12.92263734,-556.38
12.92985266,-454.2
12.93706798,-359.45
12.9442833,-271.78
12.95149862,-190.96
12.95871394,-116.61
12.96592926,-48.55
12.97314458,13.76
12.9803599,70.36
12.98757522,121.72
12.99479054,168.09
13.00200586,209.68
13.00922118,246.83
13.0164365,279.7
13.02365182,308.48
13.03086714,333.37
13.03808246,354.5
13.04529778,371.93
13.0525131,385.92
13.05972842,396.49
13.06694373,403.62
13.07415905,407.56
13.08137437,408.34
13.08858969,405.82
13.09580501,400.25
13.10302033,391.43
13.11023565,379.51
13.11745097,364.28
13.12466629,345.85
13.13188161,323.99
13.13909693,298.7
13.14631225,269.81
13.15352757,237.33
13.16074289,201.08
13.16795821,160.95
13.17517353,116.72
13.18238885,68.33
13.18960417,15.62
13.19681949,-41.58
13.20403481,-103.29
13.21125013,-169.66
13.21846545,-240.64
13.22568077,-316.18
13.23289608,-396.26
13.2401114,-480.56
13.24732672,-568.96
13.25454204,-661.13
13.26175736,-756.9
13.26897268,-855.75
13.276188,-957.31
13.28340332,-1061.16
13.29061864,-1166.76
13.29783396,-1273.6
13.30504928,-1381.17
13.3122646,-1488.73
13.31947992,-1595.85
13.32669524,-1701.79
13.33391056,-1805.93
13.34112588,-1907.65
13.3483412,-2006.34
13.35555652,-2101.37
13.36277184,-2192.13
13.36998716,-2278.01
13.37720248,-2358.37
13.3844178,-2432.89
13.39163312,-2500.95
13.39884843,-2562.27
13.40606375,-2616.44
13.41327907,-2663.2
13.42049439,-2702.54
13.42770971,-2734.24
13.43492503,-2758.29
13.44214035,-2774.87
13.44935567,-2783.86
13.45657099,-2785.72
13.46378631,-2780.38
13.47100163,-2768.18
13.47821695,-2749.47
13.48543227,-2724.57
13.49264759,-2693.66
13.49986291,-2657.24
13.50707823,-2615.66
13.51429355,-2569.4
13.52150887,-2518.82
13.52872419,-2464.37
13.53593951,-2406.59
13.54315483,-2345.9
13.55037015,-2282.84
13.55758547,-2217.7
13.56480079,-2151.05
13.5720161,-2083.22
13.57923142,-2014.6
13.58644674,-1945.58
13.59366206,-1876.51
13.60087738,-1807.56
13.6080927,-1739.1
13.61530802,-1671.27
13.62252334,-1604.28
13.62973866,-1538.36
13.63695398,-1473.67
13.6441693,-1410.33
13.65138462,-1348.57
13.65859994,-1288.32
13.66581526,-1229.82
13.67303058,-1173.11
13.6802459,-1118.26
13.68746122,-1065.38
13.69467654,-1014.41
13.70189186,-965.4
13.70910718,-918.36
13.7163225,-873.34
13.72353782,-830.29
13.73075314,-789.21
13.73796845,-750.15
13.74518377,-712.95
13.75239909,-677.6
13.75961441,-644.1
13.76682973,-612.35
13.77404505,-582.28
13.78126037,-553.73
13.78847569,-526.76
13.79569101,-501.24
13.80290633,-477.08
13.81012165,-454.2
13.81733697,-432.74
13.82455229,-412.45
13.83176761,-393.51
13.83898293,-375.8
13.84619825,-359.28
13.85341357,-344
13.86062889,-329.78
13.86784421,-316.74
13.87505953,-304.54
13.88227485,-293.3
13.88949017,-282.91
13.89670549,-273.24
13.9039208,-264.19
13.91113612,-255.93
13.91835144,-248.23
13.92556676,-241.15
13.93278208,-234.63
13.9399974,-228.79
13.94721272,-223.39
13.95442804,-218.61
13.96164336,-214.29
13.96885868,-210.41
13.976074,-206.98
13.98328932,-203.83
13.99050464,-201.08
13.99771996,-198.55
14.00493528,-196.36
14.0121506,-194.33
14.01936592,-192.59
14.02658124,-191.02
14.03379656,-189.73
14.04101188,-188.66
14.0482272,-187.76
14.05544252,-187.2
14.06265784,-186.8
14.06987315,-186.64
14.07708847,-186.69
14.08430379,-187.03
14.09151911,-187.59
14.09873443,-188.32
14.10594975,-189.28
14.11316507,-190.46
14.12038039,-191.81
14.12759571,-193.32
14.13481103,-195.01
14.14202635,-196.98
14.14924167,-199.11
14.15645699,-201.64
14.16367231,-204.34
14.17088763,-207.49
14.17810295,-210.97
14.18531827,-214.85
14.19253359,-219.18
14.19974891,-224.01
14.20696423,-229.35
14.21417955,-235.25
14.22139487,-241.82
14.22861019,-249.19
14.2358255,-257.28
14.24304082,-266.27
14.25025614,-276.22
14.25747146,-287.23
14.26468678,-299.43
14.2719021,-312.8
14.27911742,-327.58
14.28633274,-343.71
14.29354806,-361.47
14.30076338,-380.92
14.3079787,-402.16
14.31519402,-425.32
14.32240934,-450.55
14.32962466,-477.92
14.33683998,-507.59
14.3440553,-539.68
14.35127062,-574.3
14.35848594,-611.56
14.36570126,-651.58
14.37291658,-694.46
14.3801319,-740.43
14.38734722,-789.38
14.39456254,-841.59
14.40177785,-897
14.40899317,-955.73
14.41620849,-1017.78
14.42342381,-1083.25
14.43063913,-1151.98
14.43785445,-1223.86
14.44506977,-1298.95
14.45228509,-1377.01
14.45950041,-1457.94
14.46671573,-1541.5
14.47393105,-1627.55
14.48114637,-1715.95
14.48836169,-1806.32
14.49557701,-1898.54
14.50279233,-1992.29
14.51000765,-2087.26
14.51722297,-2183.08
14.52443829,-2279.47
14.53165361,-2375.91
14.53886893,-2471.95
14.54608425,-2567.15
14.55329957,-2661.12
14.56051489,-2753.4
14.5677302,-2843.43
14.57494552,-2930.94
14.58216084,-3015.41
14.58937616,-3096.45
14.59659148,-3173.61
14.6038068,-3246.5
14.61102212,-3314.84
14.61823744,-3378.12
14.62545276,-3435.95
14.63266808,-3488.05
14.6398834,-3534.08
14.64709872,-3573.75
14.65431404,-3606.97
14.66152936,-3633.44
14.66874468,-3653.22
14.67596,-3666.26
14.68317532,-3672.5
14.69039064,-3672.05
14.69760596,-3664.91
14.70482128,-3651.2
14.7120366,-3631.02
14.71925192,-3604.55
14.72646724,-3571.84
14.73368255,-3533.29
14.74089787,-3489.17
14.74811319,-3439.88
14.75532851,-3385.65
14.76254383,-3327.04
14.76975915,-3264.48
14.77697447,-3198.34
14.78418979,-3129.04
14.79140511,-3057.05
14.79862043,-2982.7
14.80583575,-2906.43
14.81305107,-2828.65
14.82026639,-2749.64
14.82748171,-2669.94
14.83469703,-2589.86
14.84191235,-2509.77
14.84912767,-2430.03
14.85634299,-2351.12
14.86355831,-2273.23
14.87077363,-2196.8
14.87798895,-2121.99
14.88520427,-2049.27
14.89241959,-1978.85
14.8996349,-1910.96
14.90685022,-1845.77
14.91406554,-1783.56
14.92128086,-1724.38
14.92849618,-1668.46
14.9357115,-1615.75
14.94292682,-1566.46
14.95014214,-1520.54
14.95735746,-1478
14.96457278,-1438.94
14.9717881,-1403.25
14.97900342,-1370.99
14.98621874,-1342.16
14.99343406,-1316.59
15.00064938,-1294.34
15.0078647,-1275.29
15.01508002,-1259.44
15.02229534,-1246.57
15.02951066,-1236.56
15.03672598,-1229.31
15.0439413,-1224.54
15.05115662,-1222.12
15.05837194,-1221.78
15.06558725,-1223.41
15.07280257,-1226.78
15.08001789,-1231.67
15.08723321,-1237.86
15.09444853,-1245.22
15.10166385,-1253.59
15.10887917,-1262.7
15.11609449,-1272.36
15.12330981,-1282.48
15.13052513,-1292.76
15.13774045,-1303.1
15.14495577,-1313.28
15.15217109,-1323.11
15.15938641,-1332.5
15.16660173,-1341.15
15.17381705,-1348.96
15.18103237,-1355.76
15.18824769,-1361.55
15.19546301,-1366.16
15.20267833,-1369.48
15.20989365,-1371.5
15.21710897,-1372.17
15.22432429,-1371.44
15.2315396,-1369.25
15.23875492,-1365.54
15.24597024,-1360.26
15.25318556,-1353.46
15.26040088,-1345.03
15.2676162,-1335.08
15.27483152,-1323.51
15.28204684,-1310.52
15.28926216,-1296.19
15.29647748,-1280.51
15.3036928,-1263.71
15.31090812,-1245.78
15.31812344,-1226.9
15.32533876,-1207.06
15.33255408,-1186.38
15.3397694,-1164.85
15.34698472,-1142.6
15.35420004,-1119.67
15.36141536,-1096.06
15.36863068,-1071.9
15.375846,-1047.28
15.38306132,-1022.33
15.39027664,-997.26
15.39749195,-972.09
15.40470727,-946.85
15.41192259,-921.84
15.41913791,-896.89
15.42635323,-872.28
15.43356855,-847.88
15.44078387,-823.83
15.44799919,-800.11
15.45521451,-776.74
15.46242983,-753.81
15.46964515,-731.38
15.47686047,-709.58
15.48407579,-688.39
15.49129111,-667.88
15.49850643,-648.09
15.50572175,-629.04
15.51293707,-610.61
15.52015239,-593.02
15.52736771,-575.99
15.53458303,-559.75
15.54179835,-544.07
15.54901367,-529.01
15.55622899,-514.56
15.5634443,-500.79
15.57065962,-487.64
15.57787494,-475.05
15.58509026,-463.08
15.59230558,-451.67
15.5995209,-440.88
15.60673622,-430.6
15.61395154,-420.76
15.62116686,-411.49
15.62838218,-402.61
15.6355975,-394.24
15.64281282,-386.2
15.65002814,-378.73
15.65724346,-371.59
15.66445878,-364.9
15.6716741,-358.72
15.67888942,-352.93
15.68610474,-347.59
15.69332006,-342.53
15.70053538,-337.87
15.7077507,-333.43
15.71496602,-329.33
15.72218134,-325.39
15.72939665,-321.74
15.73661197,-318.31
15.74382729,-315.05
15.75104261,-312.19
15.75825793,-309.43
15.76547325,-307.02
15.77268857,-304.77
15.77990389,-302.74
15.78711921,-300.83
15.79433453,-299.04
15.80154985,-297.35
15.80876517,-295.72
15.81598049,-294.2
15.82319581,-292.74
15.83041113,-291.45
15.83762645,-290.32
15.84484177,-289.31
15.85205709,-288.41
15.85927241,-287.63
15.86648773,-286.9
15.87370305,-286.17
15.88091837,-285.55
15.88813369,-284.93
15.89534901,-284.25
15.90256432,-283.69
15.90977964,-283.13
15.91699496,-282.62
15.92421028,-282.12
15.9314256,-281.67
15.93864092,-281.28
15.94585624,-280.94
15.95307156,-280.55
15.96028688,-280.26
15.9675022,-280.04
15.97471752,-279.76
15.98193284,-279.48
15.98914816,-279.25
15.99636348,-278.97
16.0035788,-278.69
16.01079412,-278.47
16.01800944,-278.24
16.02522476,-278.02
16.03244008,-277.85
16.0396554,-277.68
16.04687072,-277.51
16.05408604,-277.34
16.06130136,-277.12
16.06851667,-276.89
16.07573199,-276.67
16.08294731,-276.5
16.09016263,-276.33
16.09737795,-276.27
16.10459327,-276.27
16.11180859,-276.33
16.11902391,-276.5
16.12623923,-276.61
16.13345455,-276.72
16.14066987,-276.78
16.14788519,-276.78
16.15510051,-276.67
16.16231583,-276.5
16.16953115,-276.16
16.17674647,-275.88
16.18396179,-275.49
16.19117711,-275.15
16.19839243,-274.87
16.20560775,-274.59
16.21282307,-274.36
16.22003839,-274.14
16.22725371,-273.97
16.23446902,-273.91
16.24168434,-273.75
16.24889966,-273.69
16.25611498,-273.63
16.2633303,-273.58
16.27054562,-273.58
16.27776094,-273.52
16.28497626,-273.58
16.29219158,-273.52
16.2994069,-273.52
16.30662222,-273.58
16.31383754,-273.52
16.32105286,-273.52
16.32826818,-273.52
16.3354835,-273.52
16.34269882,-273.52
16.34991414,-273.41
16.35712946,-273.35
16.36434478,-273.24
16.3715601,-273.01
16.37877542,-272.85
16.38599074,-272.57
16.39320606,-272.34
16.40042137,-272.06
16.40763669,-271.83
16.41485201,-271.61
16.42206733,-271.44
16.42928265,-271.33
16.43649797,-271.22
16.44371329,-271.1
16.45092861,-271.05
16.45814393,-270.99
16.46535925,-270.88
16.47257457,-270.82
16.47978989,-270.77
16.48700521,-270.65
16.49422053,-270.54
16.50143585,-270.49
16.50865117,-270.43
16.51586649,-270.37
16.52308181,-270.43
16.53029713,-270.49
16.53751245,-270.65
16.54472777,-270.77
16.55194309,-270.94
16.55915841,-271.1
16.56637372,-271.22
16.57358904,-271.22
16.58080436,-271.22
16.58801968,-271.05
16.595235,-270.94
16.60245032,-270.65
16.60966564,-270.49
16.61688096,-270.26
16.62409628,-270.04
16.6313116,-269.81
16.63852692,-269.7
16.64574224,-269.59
16.65295756,-269.53
16.66017288,-269.53
16.6673882,-269.64
16.67460352,-269.64
16.68181884,-269.76
16.68903416,-269.76
16.69624948,-269.81
16.7034648,-269.76
16.71068012,-269.76
16.71789544,-269.64
16.72511076,-269.47
16.73232607,-269.25
16.73954139,-269.14
16.74675671,-269.02
16.75397203,-268.97
16.76118735,-268.91
16.76840267,-268.91
16.77561799,-268.91
16.78283331,-268.91
16.79004863,-268.91
16.79726395,-268.91
16.80447927,-268.8
16.81169459,-268.69
16.81890991,-268.52
16.82612523,-268.29
16.83334055,-268.01
16.84055587,-267.84
16.84777119,-267.68
16.85498651,-267.56
16.86220183,-267.45
16.86941715,-267.45
16.87663247,-267.45
16.88384779,-267.56
16.89106311,-267.68
16.89827842,-267.73
16.90549374,-267.73
16.91270906,-267.68
16.91992438,-267.62
16.9271397,-267.51
16.93435502,-267.28
16.94157034,-267.11
16.94878566,-266.95
16.95600098,-266.72
16.9632163,-266.55
16.97043162,-266.33
16.97764694,-266.1
16.98486226,-265.82
16.99207758,-265.48
16.9992929,-265.2
17.00650822,-264.87
17.01372354,-264.53
17.02093886,-264.3
17.02815418,-264.08
17.0353695,-263.97
17.04258482,-263.85
17.04980014,-263.8
17.05701546,-263.8
17.06423077,-263.85
17.07144609,-263.91
17.07866141,-263.91
17.08587673,-263.97
17.09309205,-264.02
17.10030737,-264.08
17.10752269,-264.14
17.11473801,-264.25
17.12195333,-264.36
17.12916865,-264.47
17.13638397,-264.58
17.14359929,-264.64
17.15081461,-264.64
17.15802993,-264.64
17.16524525,-264.64
17.17246057,-264.58
17.17967589,-264.53
17.18689121,-264.42
17.19410653,-264.36
17.20132185,-264.3
17.20853717,-264.25
17.21575249,-264.14
17.22296781,-264.02
17.23018312,-263.85
17.23739844,-263.69
17.24461376,-263.52
17.25182908,-263.4
17.2590444,-263.29
17.26625972,-263.29
17.27347504,-263.35
17.28069036,-263.46
17.28790568,-263.57
17.295121,-263.74
17.30233632,-263.85
17.30955164,-263.97
17.31676696,-264.08
17.32398228,-264.19
17.3311976,-264.25
17.33841292,-264.36
17.34562824,-264.42
17.35284356,-264.47
17.36005888,-264.58
17.3672742,-264.64
17.37448952,-264.64
17.38170484,-264.53
17.38892016,-264.47
17.39613547,-264.3
17.40335079,-264.14
17.41056611,-263.97
17.41778143,-263.85
17.42499675,-263.85
17.43221207,-263.85
17.43942739,-263.97
17.44664271,-264.19
17.45385803,-264.42
17.46107335,-264.7
17.46828867,-264.92
17.47550399,-265.2
17.48271931,-265.48
17.48993463,-265.65
17.49714995,-265.76
17.50436527,-265.88
17.51158059,-265.93
17.51879591,-265.99
17.52601123,-265.99
17.53322655,-266.05
17.54044187,-266.05
17.54765719,-266.1
17.55487251,-266.16
17.56208782,-266.27
17.56930314,-266.33
17.57651846,-266.5
17.58373378,-266.66
17.5909491,-266.83
17.59816442,-267.06
17.60537974,-267.39
17.61259506,-267.73
17.61981038,-268.07
17.6270257,-268.46
17.63424102,-268.8
17.64145634,-269.14
17.64867166,-269.42
17.65588698,-269.7
17.6631023,-269.87
17.67031762,-269.98
17.67753294,-270.04
17.68474826,-270.09
17.69196358,-270.15
17.6991789,-270.2
17.70639422,-270.26
17.71360954,-270.26
17.72082486,-270.26
17.72804017,-270.32
17.73525549,-270.37
17.74247081,-270.43
17.74968613,-270.6
17.75690145,-270.82
17.76411677,-271.1
17.77133209,-271.44
17.77854741,-271.83
17.78576273,-272.17
17.79297805,-272.57
17.80019337,-272.9
17.80740869,-273.13
17.81462401,-273.3
17.82183933,-273.41
17.82905465,-273.41
17.83626997,-273.46
17.84348529,-273.41
17.85070061,-273.41
17.85791593,-273.46
17.86513125,-273.58
17.87234657,-273.69
17.87956189,-273.91
17.88677721,-274.19
17.89399252,-274.53
17.90120784,-274.87
17.90842316,-275.21
17.91563848,-275.54
17.9228538,-275.82
17.93006912,-276.11
17.93728444,-276.27
17.94449976,-276.5
17.95171508,-276.67
17.9589304,-276.89
17.96614572,-277.06
17.97336104,-277.34
17.98057636,-277.57
17.98779168,-277.85
17.995007,-278.02
18.00222232,-278.3
18.00943764,-278.52
18.01665296,-278.8
