0,86.77
0.00721532,87.55
0.014430639,88.29
0.021645959,89.13
0.028861278,89.97
0.036076598,90.93
0.043291917,91.77
0.050507237,92.67
0.057722557,93.46
0.064937876,94.07
0.072153196,94.35
0.079368515,94.3
0.086583835,93.85
0.093799154,93.01
0.101014474,91.77
0.108229793,90.31
0.115445113,88.68
0.122660433,87.11
0.129875752,85.64
0.137091072,84.58
0.144306391,83.96
0.151521711,83.73
0.15873703,83.96
0.16595235,84.69
0.17316767,85.7
0.180382989,87.05
0.187598309,88.45
0.194813628,89.97
0.202028948,91.49
0.209244267,93.01
0.216459587,94.47
0.223674907,95.82
0.230890226,97.05
0.238105546,98.23
0.245320865,99.36
0.252536185,100.42
0.259751504,101.44
0.266966824,102.34
0.274182144,103.23
0.281397463,104.19
0.288612783,105.03
0.295828102,105.82
0.303043422,106.66
0.310258741,107.45
0.317474061,108.24
0.32468938,108.85
0.3319047,109.47
0.33912002,110.09
0.346335339,110.6
0.353550659,111.1
0.360765978,111.66
0.367981298,112.11
0.375196617,112.68
0.382411937,113.24
0.389627257,113.86
0.396842576,114.53
0.404057896,115.15
0.411273215,115.88
0.418488535,116.5
0.425703854,117.12
0.432919174,117.68
0.440134494,118.18
0.447349813,118.69
0.454565133,119.08
0.461780452,119.42
0.468995772,119.7
0.476211091,119.98
0.483426411,120.21
0.490641731,120.49
0.49785705,120.66
0.50507237,120.77
0.512287689,120.88
0.519503009,120.94
0.526718328,120.94
0.533933648,120.88
0.541148967,120.88
0.548364287,120.88
0.555579607,120.94
0.562794926,120.99
0.570010246,121.22
0.577225565,121.39
0.584440885,121.78
0.591656204,122.17
0.598871524,122.62
0.606086844,123.19
0.613302163,123.86
0.620517483,124.59
0.627732802,125.32
0.634948122,126.05
0.642163441,126.89
0.649378761,127.63
0.656594081,128.3
0.6638094,128.97
0.67102472,129.54
0.678240039,130.04
0.685455359,130.49
0.692670678,130.88
0.699885998,131.28
0.707101318,131.73
0.714316637,132.18
0.721531957,132.68
0.728747276,133.19
0.735962596,133.75
0.743177915,134.26
0.750393235,134.76
0.757608554,135.32
0.764823874,135.83
0.772039194,136.34
0.779254513,136.84
0.786469833,137.35
0.793685152,137.91
0.800900472,138.42
0.808115791,138.87
0.815331111,139.31
0.822546431,139.76
0.82976175,140.16
0.83697707,140.55
0.844192389,140.89
0.851407709,141.28
0.858623028,141.73
0.865838348,142.24
0.873053668,142.74
0.880268987,143.31
0.887484307,143.87
0.894699626,144.49
0.901914946,144.99
0.909130265,145.55
0.916345585,146
0.923560905,146.51
0.930776224,146.9
0.937991544,147.3
0.945206863,147.63
0.952422183,147.97
0.959637502,148.31
0.966852822,148.7
0.974068141,149.15
0.981283461,149.6
0.988498781,150.11
0.9957141,150.67
1.00292942,151.29
1.010144739,151.85
1.017360059,152.52
1.024575378,153.08
1.031790698,153.65
1.039006018,154.1
1.046221337,154.6
1.053436657,154.99
1.060651976,155.33
1.067867296,155.67
1.075082615,156.06
1.082297935,156.34
1.089513255,156.74
1.096728574,157.07
1.103943894,157.52
1.111159213,157.97
1.118374533,158.48
1.125589852,159.04
1.132805172,159.66
1.140020492,160.33
1.147235811,161.01
1.154451131,161.68
1.16166645,162.36
1.16888177,162.92
1.176097089,163.54
1.183312409,164.04
1.190527728,164.55
1.197743048,165.11
1.204958368,165.62
1.212173687,166.18
1.219389007,166.74
1.226604326,167.3
1.233819646,167.98
1.241034965,168.6
1.248250285,169.16
1.255465605,169.78
1.262680924,170.28
1.269896244,170.84
1.277111563,171.29
1.284326883,171.69
1.291542202,172.08
1.298757522,172.47
1.305972842,172.81
1.313188161,173.26
1.320403481,173.65
1.3276188,174.05
1.33483412,174.55
1.342049439,175
1.349264759,175.51
1.356480079,175.96
1.363695398,176.46
1.370910718,176.97
1.378126037,177.53
1.385341357,178.09
1.392556676,178.54
1.399771996,179.1
1.406987315,179.61
1.414202635,180.12
1.421417955,180.62
1.428633274,181.18
1.435848594,181.69
1.443063913,182.25
1.450279233,182.76
1.457494552,183.32
1.464709872,183.77
1.471925192,184.27
1.479140511,184.67
1.486355831,185.12
1.49357115,185.46
1.50078647,185.79
1.508001789,186.19
1.515217109,186.52
1.522432429,186.92
1.529647748,187.31
1.536863068,187.76
1.544078387,188.27
1.551293707,188.77
1.558509026,189.33
1.565724346,189.89
1.572939665,190.51
1.580154985,191.13
1.587370305,191.69
1.594585624,192.31
1.601800944,192.93
1.609016263,193.55
1.616231583,194.17
1.623446902,194.78
1.630662222,195.46
1.637877542,196.02
1.645092861,196.58
1.652308181,197.2
1.6595235,197.76
1.66673882,198.32
1.673954139,198.89
1.681169459,199.51
1.688384779,200.12
1.695600098,200.74
1.702815418,201.42
1.710030737,202.15
1.717246057,202.82
1.724461376,203.55
1.731676696,204.23
1.738892016,204.9
1.746107335,205.57
1.753322655,206.14
1.760537974,206.81
1.767753294,207.43
1.774968613,208.05
1.782183933,208.67
1.789399252,209.4
1.796614572,210.13
1.803829892,210.91
1.811045211,211.64
1.818260531,212.43
1.82547585,213.16
1.83269117,213.89
1.839906489,214.57
1.847121809,215.13
1.854337129,215.75
1.861552448,216.31
1.868767768,216.87
1.875983087,217.49
1.883198407,218.11
1.890413726,218.84
1.897629046,219.57
1.904844366,220.36
1.912059685,221.14
1.919275005,221.93
1.926490324,222.77
1.933705644,223.61
1.940920963,224.4
1.948136283,225.19
1.955351603,225.92
1.962566922,226.65
1.969782242,227.44
1.976997561,228.05
1.984212881,228.73
1.9914282,229.4
1.99864352,229.97
2.005858839,230.53
2.013074159,231.09
2.020289479,231.65
2.027504798,232.16
2.034720118,232.78
2.041935437,233.39
2.049150757,234.07
2.056366076,234.8
2.063581396,235.59
2.070796716,236.54
2.078012035,237.44
2.085227355,238.34
2.092442674,239.18
2.099657994,240.03
2.106873313,240.76
2.114088633,241.49
2.121303953,242.16
2.128519272,242.84
2.135734592,243.4
2.142949911,244.02
2.150165231,244.63
2.15738055,245.36
2.16459587,246.04
2.17181119,246.77
2.179026509,247.44
2.186241829,248.17
2.193457148,248.9
2.200672468,249.69
2.207887787,250.37
2.215103107,251.1
2.222318426,251.77
2.229533746,252.33
2.236749066,252.95
2.243964385,253.51
2.251179705,254.13
2.258395024,254.75
2.265610344,255.42
2.272825663,256.1
2.280040983,256.77
2.287256303,257.5
2.294471622,258.29
2.301686942,259.08
2.308902261,259.92
2.316117581,260.65
2.3233329,261.44
2.33054822,262.17
2.33776354,263.01
2.344978859,263.8
2.352194179,264.64
2.359409498,265.43
2.366624818,266.21
2.373840137,266.95
2.381055457,267.73
2.388270777,268.46
2.395486096,269.19
2.402701416,269.87
2.409916735,270.54
2.417132055,271.16
2.424347374,271.83
2.431562694,272.45
2.438778013,273.18
2.445993333,273.86
2.453208653,274.64
2.460423972,275.38
2.467639292,276.16
2.474854611,277
2.482069931,277.85
2.48928525,278.58
2.49650057,279.42
2.50371589,280.1
2.510931209,280.83
2.518146529,281.5
2.525361848,282.06
2.532577168,282.62
2.539792487,283.24
2.547007807,283.81
2.554223127,284.37
2.561438446,284.99
2.568653766,285.66
2.575869085,286.39
2.583084405,287.06
2.590299724,287.74
2.597515044,288.41
2.604730364,289.09
2.611945683,289.65
2.619161003,290.27
2.626376322,290.83
2.633591642,291.34
2.640806961,291.9
2.648022281,292.46
2.6552376,293.02
2.66245292,293.64
2.66966824,294.2
2.676883559,294.82
2.684098879,295.38
2.691314198,295.94
2.698529518,296.51
2.705744837,297.12
2.712960157,297.8
2.720175477,298.47
2.727390796,299.15
2.734606116,299.93
2.741821435,300.72
2.749036755,301.51
2.756252074,302.35
2.763467394,303.03
2.770682714,303.76
2.777898033,304.43
2.785113353,305.05
2.792328672,305.5
2.799543992,306
2.806759311,306.45
2.813974631,307.02
2.821189951,307.47
2.82840527,308.08
2.83562059,308.7
2.842835909,309.38
2.850051229,310.16
2.857266548,310.95
2.864481868,311.79
2.871697187,312.75
2.878912507,313.59
2.886127827,314.49
2.893343146,315.33
2.900558466,316.12
2.907773785,316.85
2.914989105,317.64
2.922204424,318.31
2.929419744,319.04
2.936635064,319.66
2.943850383,320.34
2.951065703,320.95
2.958281022,321.63
2.965496342,322.36
2.972711661,323.03
2.979926981,323.76
2.987142301,324.44
2.99435762,325.22
3.00157294,325.96
3.008788259,326.69
3.016003579,327.53
3.023218898,328.37
3.030434218,329.16
3.037649537,330.06
3.044864857,330.84
3.052080177,331.74
3.059295496,332.59
3.066510816,333.37
3.073726135,334.16
3.080941455,335
3.088156774,335.79
3.095372094,336.63
3.102587414,337.48
3.109802733,338.32
3.117018053,339.22
3.124233372,340.12
3.131448692,341.02
3.138664011,341.92
3.145879331,342.87
3.153094651,343.77
3.16030997,344.67
3.16752529,345.51
3.174740609,346.41
3.181955929,347.31
3.189171248,348.21
3.196386568,349.22
3.203601888,350.23
3.210817207,351.19
3.218032527,352.26
3.225247846,353.27
3.232463166,354.39
3.239678485,355.4
3.246893805,356.36
3.254109124,357.31
3.261324444,358.21
3.268539764,359.11
3.275755083,359.96
3.282970403,360.91
3.290185722,361.81
3.297401042,362.77
3.304616361,363.67
3.311831681,364.68
3.319047001,365.63
3.32626232,366.7
3.33347764,367.66
3.340692959,368.67
3.347908279,369.68
3.355123598,370.58
3.362338918,371.53
3.369554238,372.49
3.376769557,373.44
3.383984877,374.4
3.391200196,375.41
3.398415516,376.42
3.405630835,377.49
3.412846155,378.5
3.420061475,379.63
3.427276794,380.58
3.434492114,381.59
3.441707433,382.6
3.448922753,383.5
3.456138072,384.46
3.463353392,385.36
3.470568711,386.26
3.477784031,387.21
3.484999351,388.11
3.49221467,389.07
3.49942999,390.08
3.506645309,391.03
3.513860629,392.05
3.521075948,393.06
3.528291268,394.13
3.535506588,395.08
3.542721907,396.15
3.549937227,397.16
3.557152546,398.23
3.564367866,399.35
3.571583185,400.42
3.578798505,401.6
3.586013825,402.78
3.593229144,403.96
3.600444464,405.2
3.607659783,406.38
3.614875103,407.56
3.622090422,408.74
3.629305742,409.81
3.636521062,410.93
3.643736381,411.88
3.650951701,412.9
3.65816702,413.85
3.66538234,414.86
3.672597659,415.82
3.679812979,416.77
3.687028298,417.84
3.694243618,418.85
3.701458938,419.92
3.708674257,420.99
3.715889577,422.06
3.723104896,423.12
3.730320216,424.08
3.737535535,425.04
3.744750855,426.05
3.751966175,427.06
3.759181494,428.01
3.766396814,429.03
3.773612133,430.04
3.780827453,431.05
3.788042772,432.12
3.795258092,433.24
3.802473412,434.36
3.809688731,435.49
3.816904051,436.67
3.82411937,437.79
3.83133469,438.86
3.838550009,439.98
3.845765329,441.11
3.852980649,442.18
3.860195968,443.24
3.867411288,444.37
3.874626607,445.38
3.881841927,446.39
3.889057246,447.4
3.896272566,448.41
3.903487885,449.37
3.910703205,450.38
3.917918525,451.28
3.925133844,452.24
3.932349164,453.19
3.939564483,454.15
3.946779803,455.22
3.953995122,456.23
3.961210442,457.35
3.968425762,458.47
3.975641081,459.65
3.982856401,460.84
3.99007172,462.02
3.99728704,463.25
4.004502359,464.43
4.011717679,465.61
4.018932999,466.79
4.026148318,467.97
4.033363638,469.1
4.040578957,470.22
4.047794277,471.29
4.055009596,472.36
4.062224916,473.37
4.069440236,474.32
4.076655555,475.28
4.083870875,476.18
4.091086194,477.13
4.098301514,478.09
4.105516833,479.1
4.112732153,480.06
4.119947472,481.12
4.127162792,482.25
4.134378112,483.32
4.141593431,484.44
4.148808751,485.56
4.15602407,486.63
4.16323939,487.64
4.170454709,488.65
4.177670029,489.61
4.184885349,490.56
4.192100668,491.41
4.199315988,492.25
4.206531307,493.09
4.213746627,493.99
4.220961946,494.78
4.228177266,495.62
4.235392586,496.52
4.242607905,497.42
4.249823225,498.26
4.257038544,499.22
4.264253864,500.12
4.271469183,501.07
4.278684503,502.03
4.285899823,502.93
4.293115142,503.94
4.300330462,504.84
4.307545781,505.85
4.314761101,506.75
4.32197642,507.76
4.32919174,508.66
4.336407059,509.62
4.343622379,510.46
4.350837699,511.42
4.358053018,512.37
4.365268338,513.27
4.372483657,514.28
4.379698977,515.35
4.386914296,516.47
4.394129616,517.54
4.401344936,518.66
4.408560255,519.73
4.415775575,520.8
4.422990894,521.76
4.430206214,522.66
4.437421533,523.5
4.444636853,524.4
4.451852173,525.24
4.459067492,526.14
4.466282812,527.04
4.473498131,528.05
4.480713451,529.12
4.48792877,530.19
4.49514409,531.2
4.502359409,532.21
4.509574729,533.22
4.516790049,534.23
4.524005368,535.19
4.531220688,536.2
4.538436007,537.1
4.545651327,538.11
4.552866646,539.12
4.560081966,540.13
4.567297286,541.14
4.574512605,542.21
4.581727925,543.28
4.588943244,544.29
4.596158564,545.36
4.603373883,546.37
4.610589203,547.33
4.617804523,548.28
4.625019842,549.24
4.632235162,550.14
4.639450481,551.09
4.646665801,551.99
4.65388112,552.89
4.66109644,553.85
4.66831176,554.8
4.675527079,555.76
4.682742399,556.77
4.689957718,557.72
4.697173038,558.74
4.704388357,559.69
4.711603677,560.7
4.718818996,561.6
4.726034316,562.61
4.733249636,563.57
4.740464955,564.52
4.747680275,565.54
4.754895594,566.55
4.762110914,567.56
4.769326233,568.63
4.776541553,569.75
4.783756873,570.93
4.790972192,572.05
4.798187512,573.24
4.805402831,574.3
4.812618151,575.43
4.81983347,576.44
4.82704879,577.45
4.83426411,578.35
4.841479429,579.19
4.848694749,580.04
4.855910068,580.82
4.863125388,581.61
4.870340707,582.34
4.877556027,583.18
4.884771347,583.86
4.891986666,584.59
4.899201986,585.32
4.906417305,586.05
4.913632625,586.72
4.920847944,587.4
4.928063264,588.18
4.935278583,588.97
4.942493903,589.76
4.949709223,590.71
4.956924542,591.61
4.964139862,592.57
4.971355181,593.52
4.978570501,594.53
4.98578582,595.43
4.99300114,596.28
5.00021646,597.12
5.007431779,597.91
5.014647099,598.64
5.021862418,599.37
5.029077738,600.15
5.036293057,600.94
5.043508377,601.73
5.050723697,602.57
5.057939016,603.41
5.065154336,604.37
5.072369655,605.21
5.079584975,606.06
5.086800294,606.9
5.094015614,607.63
5.101230934,608.3
5.108446253,608.92
5.115661573,609.54
5.122876892,610.05
5.130092212,610.66
5.137307531,611.17
5.144522851,611.73
5.15173817,612.29
5.15895349,612.91
5.16616881,613.53
5.173384129,614.2
5.180599449,614.88
5.187814768,615.55
5.195030088,616.34
5.202245407,617.18
5.209460727,617.91
5.216676047,618.7
5.223891366,619.49
5.231106686,620.16
5.238322005,620.72
5.245537325,621.34
5.252752644,621.9
5.259967964,622.35
5.267183284,622.86
5.274398603,623.42
5.281613923,623.93
5.288829242,624.49
5.296044562,625.05
5.303259881,625.61
5.310475201,626.23
5.317690521,626.79
5.32490584,627.36
5.33212116,627.92
5.339336479,628.42
5.346551799,628.99
5.353767118,629.49
5.360982438,630.05
5.368197757,630.62
5.375413077,631.18
5.382628397,631.8
5.389843716,632.36
5.397059036,632.92
5.404274355,633.48
5.411489675,633.99
5.418704994,634.38
5.425920314,634.77
5.433135634,635.17
5.440350953,635.5
5.447566273,635.9
5.454781592,636.29
5.461996912,636.68
5.469212231,637.13
5.476427551,637.75
5.483642871,638.37
5.49085819,638.99
5.49807351,639.66
5.505288829,640.28
5.512504149,640.84
5.519719468,641.35
5.526934788,641.74
5.534150108,642.14
5.541365427,642.47
5.548580747,642.81
5.555796066,643.15
5.563011386,643.49
5.570226705,643.93
5.577442025,644.33
5.584657344,644.83
5.591872664,645.34
5.599087984,645.9
5.606303303,646.41
5.613518623,646.97
5.620733942,647.53
5.627949262,648.15
5.635164581,648.71
5.642379901,649.33
5.649595221,649.95
5.65681054,650.62
5.66402586,651.3
5.671241179,652.03
5.678456499,652.76
5.685671818,653.49
5.692887138,654.22
5.700102458,654.95
5.707317777,655.62
5.714533097,656.24
5.721748416,656.8
5.728963736,657.42
5.736179055,657.98
5.743394375,658.55
5.750609695,659.05
5.757825014,659.56
5.765040334,660.06
5.772255653,660.51
5.779470973,660.91
5.786686292,661.3
5.793901612,661.69
5.801116931,662.03
5.808332251,662.48
5.815547571,662.93
5.82276289,663.55
5.82997821,664.05
5.837193529,664.67
5.844408849,665.23
5.851624168,665.85
5.858839488,666.47
5.866054808,667.03
5.873270127,667.54
5.880485447,668.1
5.887700766,668.61
5.894916086,669.11
5.902131405,669.67
5.909346725,670.18
5.916562045,670.69
5.923777364,671.14
5.930992684,671.64
5.938208003,672.15
5.945423323,672.54
5.952638642,673.05
5.959853962,673.5
5.967069281,673.89
5.974284601,674.28
5.981499921,674.68
5.98871524,674.96
5.99593056,675.29
6.003145879,675.63
6.010361199,675.97
6.017576518,676.31
6.024791838,676.7
6.032007158,677.15
6.039222477,677.65
6.046437797,678.22
6.053653116,678.89
6.060868436,679.62
6.068083755,680.35
6.075299075,681.08
6.082514395,681.81
6.089729714,682.54
6.096945034,683.16
6.104160353,683.72
6.111375673,684.29
6.118590992,684.85
6.125806312,685.35
6.133021632,685.86
6.140236951,686.42
6.147452271,686.93
6.15466759,687.49
6.16188291,688.05
6.169098229,688.67
6.176313549,689.23
6.183528868,689.79
6.190744188,690.3
6.197959508,690.81
6.205174827,691.31
6.212390147,691.82
6.219605466,692.38
6.226820786,692.88
6.234036105,693.45
6.241251425,694.07
6.248466745,694.68
6.255682064,695.3
6.262897384,695.92
6.270112703,696.54
6.277328023,697.1
6.284543342,697.66
6.291758662,698.17
6.298973982,698.62
6.306189301,699.12
6.313404621,699.57
6.32061994,700.08
6.32783526,700.64
6.335050579,701.2
6.342265899,701.82
6.349481219,702.44
6.356696538,703.06
6.363911858,703.68
6.371127177,704.29
6.378342497,704.86
6.385557816,705.42
6.392773136,706.09
6.399988455,706.65
6.407203775,707.27
6.414419095,707.89
6.421634414,708.56
6.428849734,709.18
6.436065053,709.86
6.443280373,710.64
6.450495692,711.32
6.457711012,712.16
6.464926332,712.95
6.472141651,713.68
6.479356971,714.41
6.48657229,715.2
6.49378761,715.93
6.501002929,716.55
6.508218249,717.16
6.515433569,717.73
6.522648888,718.29
6.529864208,718.79
6.537079527,719.36
6.544294847,719.97
6.551510166,720.54
6.558725486,721.15
6.565940806,721.88
6.573156125,722.56
6.580371445,723.23
6.587586764,723.91
6.594802084,724.58
6.602017403,725.2
6.609232723,725.82
6.616448042,726.38
6.623663362,727
6.630878682,727.56
6.638094001,728.12
6.645309321,728.8
6.65252464,729.41
6.65973996,730.09
6.666955279,730.82
6.674170599,731.55
6.681385919,732.34
6.688601238,733.12
6.695816558,733.85
6.703031877,734.53
6.710247197,735.2
6.717462516,735.82
6.724677836,736.44
6.731893156,736.95
6.739108475,737.51
6.746323795,738.13
6.753539114,738.69
6.760754434,739.31
6.767969753,739.87
6.775185073,740.54
6.782400393,741.22
6.789615712,741.89
6.796831032,742.51
6.804046351,743.18
6.811261671,743.75
6.81847699,744.42
6.82569231,744.98
6.832907629,745.6
6.840122949,746.16
6.847338269,746.84
6.854553588,747.46
6.861768908,748.02
6.868984227,748.64
6.876199547,749.14
6.883414866,749.7
6.890630186,750.27
6.897845506,750.83
6.905060825,751.39
6.912276145,751.95
6.919491464,752.46
6.926706784,753.02
6.933922103,753.52
6.941137423,753.97
6.948352743,754.48
6.955568062,754.99
6.962783382,755.38
6.969998701,755.83
6.977214021,756.28
6.98442934,756.78
6.99164466,757.29
6.99885998,757.85
7.006075299,758.41
7.013290619,759.03
7.020505938,759.65
7.027721258,760.27
7.034936577,760.89
7.042151897,761.56
7.049367216,762.12
7.056582536,762.74
7.063797856,763.3
7.071013175,763.87
7.078228495,764.48
7.085443814,765.1
7.092659134,765.78
7.099874453,766.45
7.107089773,767.13
7.114305093,767.74
7.121520412,768.42
7.128735732,769.09
7.135951051,769.71
7.143166371,770.33
7.15038169,770.89
7.15759701,771.51
7.16481233,772.18
7.172027649,772.8
7.179242969,773.48
7.186458288,774.21
7.193673608,774.94
7.200888927,775.67
7.208104247,776.4
7.215319567,777.13
7.222534886,777.8
7.229750206,778.48
7.236965525,779.15
7.244180845,779.83
7.251396164,780.44
7.258611484,781.06
7.265826803,781.74
7.273042123,782.3
7.280257443,782.92
7.287472762,783.42
7.294688082,783.87
7.301903401,784.32
7.309118721,784.72
7.31633404,785.05
7.32354936,785.45
7.33076468,785.9
7.337979999,786.4
7.345195319,786.96
7.352410638,787.58
7.359625958,788.26
7.366841277,788.99
7.374056597,789.72
7.381271917,790.45
7.388487236,791.07
7.395702556,791.68
7.402917875,792.25
7.410133195,792.75
7.417348514,793.26
7.424563834,793.76
7.431779153,794.27
7.438994473,794.78
7.446209793,795.28
7.453425112,795.9
7.460640432,796.52
7.467855751,797.14
7.475071071,797.81
7.48228639,798.43
7.48950171,799.1
7.49671703,799.72
7.503932349,800.4
7.511147669,800.96
7.518362988,801.52
7.525578308,802.14
7.532793627,802.7
7.540008947,803.15
7.547224267,803.77
7.554439586,804.33
7.561654906,804.95
7.568870225,805.57
7.576085545,806.24
7.583300864,806.91
7.590516184,807.59
7.597731504,808.26
7.604946823,808.99
7.612162143,809.61
7.619377462,810.34
7.626592782,810.96
7.633808101,811.64
7.641023421,812.2
7.64823874,812.82
7.65545406,813.38
7.66266938,813.88
7.669884699,814.45
7.677100019,815.06
7.684315338,815.68
7.691530658,816.36
7.698745977,817.09
7.705961297,817.82
7.713176617,818.66
7.720391936,819.5
7.727607256,820.4
7.734822575,821.3
7.742037895,822.14
7.749253214,822.93
7.756468534,823.72
7.763683854,824.39
7.770899173,825.01
7.778114493,825.57
7.785329812,826.08
7.792545132,826.58
7.799760451,827.09
7.806975771,827.65
7.814191091,828.21
7.82140641,828.89
7.82862173,829.62
7.835837049,830.41
7.843052369,831.19
7.850267688,831.98
7.857483008,832.77
7.864698327,833.61
7.871913647,834.34
7.879128967,835.07
7.886344286,835.8
7.893559606,836.59
7.900774925,837.43
7.907990245,838.22
7.915205564,839.06
7.922420884,839.96
7.929636204,840.86
7.936851523,841.81
7.944066843,842.71
7.951282162,843.73
7.958497482,844.62
7.965712801,845.58
7.972928121,846.42
7.980143441,847.32
7.98735876,848.17
7.99457408,849.01
8.001789399,849.85
8.009004719,850.75
8.016220038,851.65
8.023435358,852.61
8.030650678,853.67
8.037865997,854.74
8.045081317,855.86
8.052296636,856.99
8.059511956,858.17
8.066727275,859.41
8.073942595,860.64
8.081157914,861.82
8.088373234,863
8.095588554,864.18
8.102803873,865.25
8.110019193,866.32
8.117234512,867.39
8.124449832,868.29
8.131665151,869.24
8.138880471,870.14
8.146095791,870.98
8.15331111,871.88
8.16052643,872.72
8.167741749,873.62
8.174957069,874.58
8.182172388,875.53
8.189387708,876.55
8.196603028,877.56
8.203818347,878.57
8.211033667,879.58
8.218248986,880.65
8.225464306,881.66
8.232679625,882.67
8.239894945,883.8
8.247110265,884.81
8.254325584,885.82
8.261540904,886.89
8.268756223,887.9
8.275971543,888.97
8.283186862,889.98
8.290402182,890.99
8.297617501,891.95
8.304832821,892.96
8.312048141,893.91
8.31926346,894.87
8.32647878,895.88
8.333694099,896.83
8.340909419,897.85
8.348124738,898.91
8.355340058,900.04
8.362555378,901.16
8.369770697,902.34
8.376986017,903.52
8.384201336,904.7
8.391416656,905.88
8.398631975,907.06
8.405847295,908.24
8.413062615,909.54
8.420277934,910.77
8.427493254,912.06
8.434708573,913.41
8.441923893,914.71
8.449139212,916.06
8.456354532,917.4
8.463569852,918.7
8.470785171,919.88
8.478000491,921.11
8.48521581,922.29
8.49243113,923.42
8.499646449,924.54
8.506861769,925.72
8.514077088,926.85
8.521292408,928.03
8.528507728,929.26
8.535723047,930.39
8.542938367,931.62
8.550153686,932.86
8.557369006,934.1
8.564584325,935.28
8.571799645,936.46
8.579014965,937.64
8.586230284,938.82
8.593445604,939.94
8.600660923,941.06
8.607876243,942.13
8.615091562,943.2
8.622306882,944.27
8.629522202,945.34
8.636737521,946.35
8.643952841,947.41
8.65116816,948.48
8.65838348,949.49
8.665598799,950.56
8.672814119,951.57
8.680029439,952.59
8.687244758,953.54
8.694460078,954.55
8.701675397,955.51
8.708890717,956.41
8.716106036,957.42
8.723321356,958.43
8.730536675,959.5
8.737751995,960.57
8.744967315,961.69
8.752182634,962.87
8.759397954,964.05
8.766613273,965.23
8.773828593,966.47
8.781043912,967.65
8.788259232,968.88
8.795474552,970.06
8.802689871,971.24
8.809905191,972.42
8.81712051,973.66
8.82433583,974.73
8.831551149,975.8
8.838766469,976.86
8.845981789,977.88
8.853197108,978.83
8.860412428,979.73
8.867627747,980.63
8.874843067,981.53
8.882058386,982.43
8.889273706,983.33
8.896489025,984.23
8.903704345,985.18
8.910919665,986.08
8.918134984,987.04
8.925350304,988.1
8.932565623,989.06
8.939780943,990.13
8.946996262,991.14
8.954211582,992.21
8.961426902,993.39
8.968642221,994.57
8.975857541,995.75
8.98307286,997.1
8.99028818,998.5
8.997503499,999.91
9.004718819,1001.37
9.011934139,1002.88
9.019149458,1004.4
9.026364778,1005.92
9.033580097,1007.49
9.040795417,1009.07
9.048010736,1010.7
9.055226056,1012.38
9.062441376,1014.07
9.069656695,1015.87
9.076872015,1017.66
9.084087334,1019.58
9.091302654,1021.49
9.098517973,1023.51
9.105733293,1025.53
9.112948612,1027.67
9.120163932,1029.92
9.127379252,1032.22
9.134594571,1034.69
9.141809891,1037.28
9.14902521,1040.09
9.15624053,1042.95
9.163455849,1045.99
9.170671169,1049.19
9.177886489,1052.51
9.185101808,1055.99
9.192317128,1059.53
9.199532447,1063.13
9.206747767,1066.9
9.213963086,1070.83
9.221178406,1074.88
9.228393726,1078.98
9.235609045,1083.31
9.242824365,1087.8
9.250039684,1092.47
9.257255004,1097.19
9.264470323,1102.13
9.271685643,1107.19
9.278900963,1112.42
9.286116282,1117.81
9.293331602,1123.38
9.300546921,1129.11
9.307762241,1135.07
9.31497756,1141.36
9.32219288,1147.94
9.329408199,1154.74
9.336623519,1161.93
9.343838839,1169.4
9.351054158,1177.1
9.358269478,1185.14
9.365484797,1193.57
9.372700117,1202.28
9.379915436,1211.39
9.387130756,1220.88
9.394346076,1230.83
9.401561395,1241.17
9.408776715,1251.96
9.415992034,1263.26
9.423207354,1275.06
9.430422673,1287.31
9.437637993,1300.01
9.444853313,1313.28
9.452068632,1327.05
9.459283952,1341.38
9.466499271,1356.27
9.473714591,1371.78
9.48092991,1387.97
9.48814523,1404.66
9.49536055,1422.08
9.502575869,1440.12
9.509791189,1458.89
9.517006508,1478.45
9.524221828,1498.85
9.531437147,1519.98
9.538652467,1542.01
9.545867786,1564.88
9.553083106,1588.54
9.560298426,1613.16
9.567513745,1638.62
9.574729065,1664.98
9.581944384,1692.23
9.589159704,1720.45
9.596375023,1749.61
9.603590343,1779.91
9.610805663,1811.21
9.618020982,1843.64
9.625236302,1877.24
9.632451621,1911.98
9.639666941,1947.89
9.64688226,1984.98
9.65409758,2023.36
9.6613129,2063.04
9.668528219,2104.01
9.675743539,2146.39
9.682958858,2190.17
9.690174178,2235.41
9.697389497,2282.16
9.704604817,2330.38
9.711820137,2380.18
9.719035456,2431.49
9.726250776,2484.32
9.733466095,2538.89
9.740681415,2595.03
9.747896734,2652.86
9.755112054,2712.54
9.762327373,2774.08
9.769542693,2837.53
9.776758013,2902.84
9.783973332,2970.22
9.791188652,3039.52
9.798403971,3110.83
9.805619291,3184.23
9.81283461,3259.65
9.82004993,3337.15
9.82726525,3416.84
9.834480569,3498.61
9.841695889,3582.69
9.848911208,3669.07
9.856126528,3757.7
9.863341847,3848.63
9.870557167,3941.98
9.877772487,4037.68
9.884987806,4135.75
9.892203126,4236.24
9.899418445,4339.25
9.906633765,4444.74
9.913849084,4552.87
9.921064404,4663.64
9.928279724,4777.16
9.935495043,4893.55
9.942710363,5012.75
9.949925682,5134.88
9.957141002,5259.87
9.964356321,5387.83
9.971571641,5518.67
9.97878696,5652.48
9.98600228,5789.16
9.9932176,5928.7
10.00043292,6071.06
10.00764824,6216.22
10.01486356,6364.08
10.02207888,6514.76
10.0292942,6668.24
10.03650952,6824.47
10.04372484,6983.63
10.05094016,7145.77
10.05815548,7310.94
10.0653708,7479.2
10.07258611,7650.56
10.07980143,7824.95
10.08701675,8002.43
10.09423207,8183
10.10144739,8366.49
10.10866271,8553.07
10.11587803,8742.52
10.12309335,8934.9
10.13030867,9130.25
10.13752399,9328.41
10.14473931,9529.49
10.15195463,9733.5
10.15916995,9940.48
10.16638527,10150.33
10.17360059,10363.22
10.18081591,10578.91
10.18803123,10797.48
10.19524655,11018.74
10.20246187,11242.75
10.20967719,11469.18
10.21689251,11698.14
10.22410783,11929.46
10.23132315,12163.02
10.23853846,12398.84
10.24575378,12636.85
10.2529691,12876.99
10.26018442,13119.15
10.26739974,13363.4
10.27461506,13609.5
10.28183038,13857.57
10.2890457,14107.32
10.29626102,14358.87
10.30347634,14612.05
10.31069166,14866.86
10.31790698,15123.19
10.3251223,15380.92
10.33233762,15640.06
10.33955294,15900.27
10.34676826,16161.65
10.35398358,16423.88
10.3611989,16686.84
10.36841422,16950.36
10.37562954,17214.39
10.38284486,17478.7
10.39006018,17743.23
10.3972755,18007.82
10.40449081,18272.41
10.41170613,18536.89
10.41892145,18801.03
10.42613677,19065
10.43335209,19328.58
10.44056741,19591.6
10.44778273,19854.05
10.45499805,20115.66
10.46221337,20376.43
10.46942869,20636.02
10.47664401,20894.37
10.48385933,21151.2
10.49107465,21406.29
10.49828997,21659.53
10.50550529,21910.63
10.51272061,22159.54
10.51993593,22406.09
10.52715125,22650.11
10.53436657,22891.49
10.54158189,23130.23
10.54879721,23366.04
10.55601253,23598.82
10.56322785,23828.63
10.57044316,24055.11
10.57765848,24278.17
10.5848738,24497.74
10.59208912,24713.72
10.59930444,24926.04
10.60651976,25134.49
10.61373508,25338.95
10.6209504,25539.3
10.62816572,25735.27
10.63538104,25926.74
10.64259636,26113.49
10.64981168,26295.41
10.657027,26472.33
10.66424232,26644.08
10.67145764,26810.71
10.67867296,26971.95
10.68588828,27127.96
10.6931036,27278.52
10.70031892,27423.57
10.70753424,27562.95
10.71474956,27696.54
10.72196488,27824.22
10.7291802,27945.89
10.73639551,28061.44
10.74361083,28170.75
10.75082615,28273.82
10.75804147,28370.6
10.76525679,28461.14
10.77247211,28545.38
10.77968743,28623.33
10.78690275,28695.04
10.79411807,28760.46
10.80133339,28819.47
10.80854871,28872.13
10.81576403,28918.32
10.82297935,28957.94
10.83019467,28991.1
10.83740999,29017.74
10.84462531,29037.8
10.85184063,29051.29
10.85905595,29058.26
10.86627127,29058.71
10.87348659,29052.7
10.88070191,29040.16
10.88791723,29021.23
10.89513255,28995.88
10.90234786,28964.18
10.90956318,28926.14
10.9167785,28881.85
10.92399382,28831.38
10.93120914,28774.9
10.93842446,28712.41
10.94563978,28644.07
10.9528551,28569.88
10.96007042,28489.97
10.96728574,28404.43
10.97450106,28313.16
10.98171638,28216.33
10.9889317,28113.93
10.99614702,28005.97
11.00336234,27892.56
11.01057766,27773.92
11.01779298,27650
11.0250083,27521.02
11.03222362,27387.15
11.03943894,27248.51
11.04665426,27105.37
11.05386958,26957.73
11.0610849,26805.77
11.06830022,26649.42
11.07551553,26489.02
11.08273085,26324.41
11.08994617,26155.81
11.09716149,25983.33
11.10437681,25807.15
11.11159213,25627.42
11.11880745,25444.32
11.12602277,25258.13
11.13323809,25068.9
11.14045341,24876.98
11.14766873,24682.36
11.15488405,24485.21
11.16209937,24285.64
11.16931469,24083.72
11.17653001,23879.6
11.18374533,23673.29
11.19096065,23464.96
11.19817597,23254.71
11.20539129,23042.61
11.21260661,22828.94
11.21982193,22613.75
11.22703725,22397.16
11.23425257,22179.27
11.24146788,21960.26
11.2486832,21740.18
11.25589852,21519.14
11.26311384,21297.32
11.27032916,21074.77
11.27754448,20851.66
11.2847598,20628.09
11.29197512,20404.3
11.29919044,20180.4
11.30640576,19956.56
11.31362108,19732.83
11.3208364,19509.32
11.32805172,19286.26
11.33526704,19063.71
11.34248236,18841.66
11.34969768,18620.29
11.356913,18399.59
11.36412832,18179.68
11.37134364,17960.5
11.37855896,17742.17
11.38577428,17524.73
11.3929896,17308.13
11.40020492,17092.44
11.40742023,16877.81
11.41463555,16664.14
11.42185087,16451.65
11.42906619,16240.39
11.43628151,16030.48
11.44349683,15822.04
11.45071215,15615.17
11.45792747,15409.92
11.46514279,15206.48
11.47235811,15004.83
11.47957343,14805.04
11.48678875,14607.16
11.49400407,14411.19
11.50121939,14217.13
11.50843471,14024.99
11.51565003,13834.81
11.52286535,13646.48
11.53008067,13460.18
11.53729599,13275.9
11.54451131,13093.7
11.55172663,12913.57
11.55894195,12735.59
11.56615727,12559.68
11.57337258,12385.97
11.5805879,12214.28
11.58780322,12044.61
11.59501854,11876.91
11.60223386,11711.18
11.60944918,11547.52
11.6166645,11385.83
11.62387982,11226.23
11.63109514,11068.81
11.63831046,10913.59
11.64552578,10760.72
11.6527411,10610.16
11.65995642,10461.96
11.66717174,10316.18
11.67438706,10172.76
11.68160238,10031.64
11.6888177,9892.82
11.69603302,9756.26
11.70324834,9621.83
11.71046366,9489.65
11.71767898,9359.66
11.7248943,9231.69
11.73210962,9106.02
11.73932493,8982.38
11.74654025,8860.94
11.75375557,8741.57
11.76097089,8624.28
11.76818621,8509.07
11.77540153,8395.83
11.78261685,8284.55
11.78983217,8175.13
11.79704749,8067.56
11.80426281,7961.74
11.81147813,7857.71
11.81869345,7755.48
11.82590877,7655
11.83312409,7556.31
11.84033941,7459.31
11.84755473,7364.16
11.85477005,7270.81
11.86198537,7179.21
11.86920069,7089.34
11.87641601,7001.17
11.88363133,6914.56
11.89084665,6829.48
11.89806197,6745.85
11.90527728,6663.57
11.9124926,6582.42
11.91970792,6502.39
11.92692324,6423.37
11.93413856,6345.26
11.94135388,6268.04
11.9485692,6191.55
11.95578452,6115.74
11.96299984,6040.65
11.97021516,5966.13
11.97743048,5892.23
11.9846458,5818.61
11.99186112,5745.38
11.99907644,5672.26
12.00629176,5599.14
12.01350708,5525.86
12.0207224,5452.13
12.02793772,5377.77
12.03515304,5302.47
12.04236836,5225.86
12.04958368,5147.69
12.056799,5067.66
12.06401432,4985.33
12.07122963,4900.35
12.07844495,4812.18
12.08566027,4720.4
12.09287559,4624.36
12.10009091,4523.53
12.10730623,4417.15
12.11452155,4304.58
12.12173687,4184.93
12.12895219,4057.41
12.13616751,3921.07
12.14338283,3774.95
12.15059815,3618.21
12.15781347,3449.83
12.16502879,3268.64
12.17224411,3073.74
12.17945943,2863.89
12.18667475,2638.08
12.19389007,2395.13
12.20110539,2133.91
12.20832071,1853.47
12.21553603,1552.8
12.22275135,1231.11
12.22996667,887.39
12.23718198,521.14
12.2443973,131.67
12.25161262,-281.39
12.25882794,-718.34
12.26604326,-1179.3
12.27325858,-1664.13
12.2804739,-2172.63
12.28768922,-2704.17
12.29490454,-3257.8
12.30211986,-3832.55
12.30933518,-4426.87
12.3165505,-5039.11
12.32376582,-5667.32
12.33098114,-6309.06
12.33819646,-6961.94
12.34541178,-7623.19
12.3526271,-8289.89
12.35984242,-8958.84
12.36705774,-9626.83
12.37427306,-10290.5
12.38148838,-10946.29
12.3887037,-11590.8
12.39591902,-12220.4
12.40313433,-12831.64
12.41034965,-13421.06
12.41756497,-13985.37
12.42478029,-14521.29
12.43199561,-15025.74
12.43921093,-15495.91
12.44642625,-15929.38
12.45364157,-16323.68
12.46085689,-16676.95
12.46807221,-16987.46
12.47528753,-17254.01
12.48250285,-17475.55
12.48971817,-17651.63
12.49693349,-17781.84
12.50414881,-17866.48
12.51136413,-17905.82
12.51857945,-17900.71
12.52579477,-17852.09
12.53301009,-17761.27
12.54022541,-17629.99
12.54744073,-17459.93
12.55465605,-17253
12.56187137,-17011.45
12.56908668,-16737.7
12.576302,-16434.11
12.58351732,-16103.26
12.59073264,-15747.57
12.59794796,-15369.8
12.60516328,-14972.52
12.6123786,-14558.32
12.61959392,-14129.8
12.62680924,-13689.42
12.63402456,-13239.65
12.64123988,-12782.8
12.6484552,-12321.06
12.65567052,-11856.51
12.66288584,-11391
12.67010116,-10926.29
12.67731648,-10463.87
12.6845318,-10005.28
12.69174712,-9551.8
12.69896244,-9104.62
12.70617776,-8664.8
12.71339308,-8233.52
12.7206084,-7811.4
12.72782372,-7399.34
12.73503903,-6997.96
12.74225435,-6607.6
12.74946967,-6228.87
12.75668499,-5861.94
12.76390031,-5506.86
12.77111563,-5163.82
12.77833095,-4832.91
12.78554627,-4514.09
12.79276159,-4207.3
12.79997691,-3912.58
12.80719223,-3629.84
12.81440755,-3358.96
12.82162287,-3099.76
12.82883819,-2852.2
12.83605351,-2615.88
12.84326883,-2390.63
12.85048415,-2176.17
12.85769947,-1972.28
12.86491479,-1778.39
12.87213011,-1594.33
12.87934543,-1419.83
12.88656075,-1254.38
12.89377607,-1097.69
12.90099138,-949.49
12.9082067,-809.28
12.91542202,-676.98
12.92263734,-552.05
12.92985266,-434.42
12.93706798,-323.71
12.9442833,-219.79
12.95149862,-122.34
12.95871394,-31.24
12.96592926,53.83
12.97314458,133.08
12.9803599,206.7
12.98757522,274.98
12.99479054,338.15
13.00200586,396.43
13.00922118,449.99
13.0164365,499.05
13.02365182,543.73
13.03086714,584.08
13.03808246,620.27
13.04529778,652.25
13.0525131,680.13
13.05972842,703.9
13.06694373,723.51
13.07415905,738.97
13.08137437,750.21
13.08858969,757.18
13.09580501,759.82
13.10302033,758.02
13.11023565,751.61
13.11745097,740.54
13.12466629,724.81
13.13188161,704.18
13.13909693,678.61
13.14631225,648.09
13.15352757,612.52
13.16074289,571.89
13.16795821,526.2
13.17517353,475.17
13.18238885,419.02
13.18960417,357.6
13.19681949,290.89
13.20403481,218.89
13.21125013,141.79
13.21846545,59.62
13.22568077,-27.25
13.23289608,-118.63
13.2401114,-214.17
13.24732672,-313.37
13.25454204,-415.82
13.26175736,-520.97
13.26897268,-628.2
13.276188,-737
13.28340332,-846.7
13.29061864,-956.52
13.29783396,-1065.94
13.30504928,-1174.07
13.3122646,-1280.23
13.31947992,-1383.7
13.32669524,-1483.73
13.33391056,-1579.5
13.34112588,-1670.43
13.3483412,-1755.91
13.35555652,-1835.26
13.36277184,-1907.99
13.36998716,-1973.68
13.37720248,-2031.91
13.3844178,-2082.37
13.39163312,-2124.75
13.39884843,-2158.75
13.40606375,-2184.38
13.41327907,-2201.41
13.42049439,-2209.84
13.42770971,-2209.72
13.43492503,-2201.24
13.44214035,-2184.6
13.44935567,-2160.1
13.45657099,-2128.06
13.46378631,-2088.95
13.47100163,-2043.2
13.47821695,-1991.16
13.48543227,-1933.28
13.49264759,-1870.16
13.49986291,-1802.16
13.50707823,-1729.83
13.51429355,-1653.68
13.52150887,-1574.27
13.52872419,-1492.16
13.53593951,-1407.69
13.54315483,-1321.43
13.55037015,-1233.98
13.55758547,-1145.52
13.56480079,-1056.67
13.5720161,-967.65
13.57923142,-878.85
13.58644674,-790.56
13.59366206,-703.17
13.60087738,-616.79
13.6080927,-531.87
13.61530802,-448.47
13.62252334,-366.81
13.62973866,-287.23
13.63695398,-209.56
13.6441693,-134.26
13.65138462,-61.2
13.65859994,9.44
13.66581526,77.72
13.67303058,143.47
13.6802459,206.75
13.68746122,267.62
13.69467654,325.96
13.70189186,381.93
13.70910718,435.66
13.7163225,487.02
13.72353782,536.2
13.73075314,583.18
13.73796845,628.09
13.74518377,670.85
13.75239909,711.6
13.75961441,750.27
13.76682973,787.02
13.77404505,821.81
13.78126037,854.85
13.78847569,886.1
13.79569101,915.77
13.80290633,943.82
13.81012165,970.34
13.81733697,995.52
13.82455229,1019.29
13.83176761,1041.77
13.83898293,1063.02
13.84619825,1083.03
13.85341357,1101.74
13.86062889,1119.39
13.86784421,1135.8
13.87505953,1151.14
13.88227485,1165.47
13.88949017,1178.79
13.89670549,1191.27
13.9039208,1202.84
13.91113612,1213.69
13.91835144,1223.81
13.92556676,1233.25
13.93278208,1242.02
13.9399974,1250.22
13.94721272,1257.81
13.95442804,1264.83
13.96164336,1271.3
13.96885868,1277.31
13.976074,1282.87
13.98328932,1287.99
13.99050464,1292.76
13.99771996,1297.26
14.00493528,1301.42
14.0121506,1305.35
14.01936592,1308.95
14.02658124,1312.38
14.03379656,1315.41
14.04101188,1318.22
14.0482272,1320.64
14.05544252,1322.83
14.06265784,1324.69
14.06987315,1326.32
14.07708847,1327.72
14.08430379,1328.84
14.09151911,1329.8
14.09873443,1330.53
14.10594975,1331.04
14.11316507,1331.37
14.12038039,1331.54
14.12759571,1331.32
14.13481103,1330.98
14.14202635,1330.31
14.14924167,1329.29
14.15645699,1327.89
14.16367231,1326.03
14.17088763,1323.79
14.17810295,1321.09
14.18531827,1317.89
14.19253359,1314.12
14.19974891,1309.74
14.20696423,1304.73
14.21417955,1299.06
14.22139487,1292.6
14.22861019,1285.23
14.2358255,1276.92
14.24304082,1267.59
14.25025614,1257.08
14.25747146,1245.39
14.26468678,1232.29
14.2719021,1217.79
14.27911742,1201.72
14.28633274,1183.9
14.29354806,1164.18
14.30076338,1142.54
14.3079787,1118.71
14.31519402,1092.69
14.32240934,1064.31
14.32962466,1033.4
14.33683998,999.96
14.3440553,963.88
14.35127062,924.99
14.35848594,883.23
14.36570126,838.61
14.37291658,790.9
14.3801319,740.15
14.38734722,686.2
14.39456254,629.15
14.40177785,568.85
14.40899317,505.29
14.41620849,438.58
14.42342381,368.61
14.43063913,295.49
14.43785445,219.29
14.44506977,140.1
14.45228509,57.99
14.45950041,-26.69
14.46671573,-113.86
14.47393105,-203.21
14.48114637,-294.43
14.48836169,-387.27
14.49557701,-481.4
14.50279233,-576.38
14.51000765,-671.81
14.51722297,-767.46
14.52443829,-862.72
14.53165361,-957.31
14.53886893,-1050.6
14.54608425,-1142.32
14.55329957,-1231.96
14.56051489,-1319.12
14.5677302,-1403.25
14.57494552,-1484.07
14.58216084,-1560.84
14.58937616,-1633.28
14.59659148,-1700.94
14.6038068,-1763.38
14.61102212,-1820.26
14.61823744,-1871.23
14.62545276,-1916.19
14.63266808,-1954.69
14.6398834,-1986.89
14.64709872,-2012.46
14.65431404,-2031.46
14.66152936,-2043.76
14.66874468,-2049.44
14.67596,-2048.49
14.68317532,-2040.9
14.69039064,-2026.9
14.69760596,-2006.5
14.70482128,-1979.86
14.7120366,-1947.16
14.71925192,-1908.66
14.72646724,-1864.54
14.73368255,-1815.09
14.74089787,-1760.63
14.74811319,-1701.51
14.75532851,-1638.17
14.76254383,-1571.01
14.76975915,-1500.54
14.77697447,-1427.14
14.78418979,-1351.38
14.79140511,-1273.6
14.79862043,-1194.25
14.80583575,-1113.65
14.81305107,-1032.28
14.82026639,-950.51
14.82748171,-868.68
14.83469703,-787.13
14.84191235,-706.37
14.84912767,-626.68
14.85634299,-548.39
14.86355831,-471.79
14.87077363,-397.22
14.87798895,-325
14.88520427,-255.26
14.89241959,-188.21
14.8996349,-124.08
14.90685022,-63.05
14.91406554,-5.28
14.92128086,49.17
14.92849618,100.14
14.9357115,147.63
14.94292682,191.52
14.95014214,231.82
14.95735746,268.63
14.96457278,301.73
14.9717881,331.41
14.97900342,357.65
14.98621874,380.53
14.99343406,400.2
15.00064938,416.66
15.0078647,430.21
15.01508002,440.88
15.02229534,448.92
15.02951066,454.48
15.03672598,457.69
15.0439413,458.87
15.05115662,457.97
15.05837194,455.44
15.06558725,451.34
15.07280257,445.94
15.08001789,439.31
15.08723321,431.84
15.09444853,423.52
15.10166385,414.69
15.10887917,405.48
15.11609449,396.15
15.12330981,386.71
15.13052513,377.55
15.13774045,368.72
15.14495577,360.41
15.15217109,352.76
15.15938641,345.96
15.16660173,340.06
15.17381705,335.17
15.18103237,331.41
15.18824769,328.82
15.19546301,327.53
15.20267833,327.58
15.20989365,329.05
15.21710897,331.91
15.22432429,336.35
15.2315396,342.31
15.23875492,349.84
15.24597024,358.94
15.25318556,369.62
15.26040088,381.87
15.2676162,395.53
15.27483152,410.65
15.28204684,427.12
15.28926216,444.82
15.29647748,463.76
15.3036928,483.76
15.31090812,504.84
15.31812344,526.81
15.32533876,549.63
15.33255408,573.24
15.3397694,597.46
15.34698472,622.13
15.35420004,647.31
15.36141536,672.77
15.36863068,698.45
15.375846,724.36
15.38306132,750.32
15.39027664,776.34
15.39749195,802.47
15.40470727,828.44
15.41192259,854.29
15.41913791,880.03
15.42635323,905.49
15.43356855,930.61
15.44078387,955.34
15.44799919,979.67
15.45521451,1003.45
15.46242983,1026.71
15.46964515,1049.25
15.47686047,1071.22
15.48407579,1092.35
15.49129111,1112.87
15.49850643,1132.54
15.50572175,1151.36
15.51293707,1169.52
15.52015239,1186.88
15.52736771,1203.52
15.53458303,1219.54
15.54179835,1234.77
15.54901367,1249.43
15.55622899,1263.54
15.5634443,1276.92
15.57065962,1289.67
15.57787494,1301.92
15.58509026,1313.5
15.59230558,1324.46
15.5995209,1334.91
15.60673622,1344.8
15.61395154,1354.08
15.62116686,1362.79
15.62838218,1370.99
15.6355975,1378.64
15.64281282,1385.77
15.65002814,1392.41
15.65724346,1398.64
15.66445878,1404.49
15.6716741,1410
15.67888942,1415.22
15.68610474,1420.23
15.69332006,1425.06
15.70053538,1429.61
15.7077507,1434.11
15.71496602,1438.32
15.72218134,1442.37
15.72939665,1446.19
15.73661197,1449.79
15.74382729,1453.21
15.75104261,1456.36
15.75825793,1459.23
15.76547325,1461.87
15.77268857,1464.34
15.77990389,1466.59
15.78711921,1468.61
15.79433453,1470.52
15.80154985,1472.27
15.80876517,1473.84
15.81598049,1475.41
15.82319581,1476.82
15.83041113,1478.28
15.83762645,1479.57
15.84484177,1480.87
15.85205709,1482.1
15.85927241,1483.28
15.86648773,1484.41
15.87370305,1485.42
15.88091837,1486.49
15.88813369,1487.38
15.89534901,1488.28
15.90256432,1489.13
15.90977964,1489.97
15.91699496,1490.7
15.92421028,1491.43
15.9314256,1492.11
15.93864092,1492.78
15.94585624,1493.34
15.95307156,1493.85
15.96028688,1494.35
15.9675022,1494.8
15.97471752,1495.2
15.98193284,1495.59
15.98914816,1495.98
15.99636348,1496.38
16.0035788,1496.83
16.01079412,1497.28
16.01800944,1497.78
16.02522476,1498.29
16.03244008,1498.85
16.0396554,1499.41
16.04687072,1499.86
16.05408604,1500.37
16.06130136,1500.82
16.06851667,1501.21
16.07573199,1501.55
16.08294731,1501.88
16.09016263,1502.22
16.09737795,1502.56
16.10459327,1502.9
16.11180859,1503.23
16.11902391,1503.57
16.12623923,1503.91
16.13345455,1504.3
16.14066987,1504.64
16.14788519,1504.92
16.15510051,1505.2
16.16231583,1505.42
16.16953115,1505.65
16.17674647,1505.87
16.18396179,1505.99
16.19117711,1506.1
16.19839243,1506.21
16.20560775,1506.38
16.21282307,1506.55
16.22003839,1506.77
16.22725371,1507.11
16.23446902,1507.39
16.24168434,1507.78
16.24889966,1508.12
16.25611498,1508.4
16.2633303,1508.68
16.27054562,1508.91
16.27776094,1509.08
16.28497626,1509.25
16.29219158,1509.41
16.2994069,1509.53
16.30662222,1509.75
16.31383754,1509.92
16.32105286,1510.15
16.32826818,1510.37
16.3354835,1510.54
16.34269882,1510.82
16.34991414,1511.04
16.35712946,1511.33
16.36434478,1511.55
16.3715601,1511.83
16.37877542,1512.17
16.38599074,1512.39
16.39320606,1512.62
16.40042137,1512.9
16.40763669,1513.07
16.41485201,1513.24
16.42206733,1513.35
16.42928265,1513.52
16.43649797,1513.74
16.44371329,1513.91
16.45092861,1514.14
16.45814393,1514.36
16.46535925,1514.7
16.47257457,1514.98
16.47978989,1515.32
16.48700521,1515.65
16.49422053,1515.93
16.50143585,1516.16
16.50865117,1516.38
16.51586649,1516.55
16.52308181,1516.66
16.53029713,1516.78
16.53751245,1516.78
16.54472777,1516.89
16.55194309,1516.95
16.55915841,1517
16.56637372,1517.11
16.57358904,1517.23
16.58080436,1517.4
16.58801968,1517.68
16.595235,1517.9
16.60245032,1518.24
16.60966564,1518.63
16.61688096,1518.91
16.62409628,1519.25
16.6313116,1519.53
16.63852692,1519.81
16.64574224,1520.09
16.65295756,1520.32
16.66017288,1520.6
16.6673882,1520.94
16.67460352,1521.27
16.68181884,1521.78
16.68903416,1522.34
16.69624948,1522.9
16.7034648,1523.46
16.71068012,1524.03
16.71789544,1524.53
16.72511076,1524.98
16.73232607,1525.38
16.73954139,1525.66
16.74675671,1525.94
16.75397203,1526.16
16.76118735,1526.44
16.76840267,1526.72
16.77561799,1527.01
16.78283331,1527.34
16.79004863,1527.68
16.79726395,1528.02
16.80447927,1528.3
16.81169459,1528.64
16.81890991,1528.92
16.82612523,1529.2
16.83334055,1529.48
16.84055587,1529.76
16.84777119,1530.04
16.85498651,1530.43
16.86220183,1530.77
16.86941715,1531.22
16.87663247,1531.56
16.88384779,1532.06
16.89106311,1532.57
16.89827842,1533.07
16.90549374,1533.64
16.91270906,1534.2
16.91992438,1534.76
16.9271397,1535.32
16.93435502,1535.94
16.94157034,1536.45
16.94878566,1537.01
16.95600098,1537.46
16.9632163,1537.85
16.97043162,1538.19
16.97764694,1538.53
16.98486226,1538.86
16.99207758,1539.14
16.9992929,1539.54
17.00650822,1539.88
17.01372354,1540.27
17.02093886,1540.77
17.02815418,1541.22
17.0353695,1541.73
17.04258482,1542.35
17.04980014,1543.02
17.05701546,1543.7
17.06423077,1544.37
17.07144609,1545.1
17.07866141,1545.94
17.08587673,1546.68
17.09309205,1547.41
17.10030737,1548.14
17.10752269,1548.7
17.11473801,1549.26
17.12195333,1549.77
17.12916865,1550.22
17.13638397,1550.61
17.14359929,1550.95
17.15081461,1551.34
17.15802993,1551.68
17.16524525,1552.13
17.17246057,1552.58
17.17967589,1553.03
17.18689121,1553.48
17.19410653,1553.98
17.20132185,1554.54
17.20853717,1555.05
17.21575249,1555.67
17.22296781,1556.17
17.23018312,1556.74
17.23739844,1557.18
17.24461376,1557.75
17.25182908,1558.25
17.2590444,1558.87
17.26625972,1559.55
17.27347504,1560.22
17.28069036,1560.95
17.28790568,1561.62
17.295121,1562.3
17.30233632,1562.97
17.30955164,1563.59
17.31676696,1564.15
17.32398228,1564.66
17.3311976,1565.28
17.33841292,1565.84
17.34562824,1566.51
17.35284356,1567.19
17.36005888,1567.81
17.3672742,1568.59
17.37448952,1569.27
17.38170484,1569.83
17.38892016,1570.5
17.39613547,1571.07
17.40335079,1571.63
17.41056611,1572.19
17.41778143,1572.7
17.42499675,1573.31
17.43221207,1573.88
17.43942739,1574.49
17.44664271,1575.11
17.45385803,1575.73
17.46107335,1576.35
17.46828867,1576.91
17.47550399,1577.47
17.48271931,1577.98
17.48993463,1578.43
17.49714995,1578.88
17.50436527,1579.33
17.51158059,1579.89
17.51879591,1580.45
17.52601123,1581.07
17.53322655,1581.69
17.54044187,1582.36
17.54765719,1583.15
17.55487251,1583.82
17.56208782,1584.55
17.56930314,1585.23
17.57651846,1585.9
17.58373378,1586.52
17.5909491,1587.14
17.59816442,1587.76
17.60537974,1588.32
17.61259506,1588.94
17.61981038,1589.61
17.6270257,1590.29
17.63424102,1591.02
17.64145634,1591.69
17.64867166,1592.42
17.65588698,1593.15
17.6631023,1593.83
17.67031762,1594.5
17.67753294,1595.23
17.68474826,1595.91
17.69196358,1596.52
17.6991789,1597.26
17.70639422,1597.93
17.71360954,1598.6
17.72082486,1599.33
17.72804017,1600.01
17.73525549,1600.74
17.74247081,1601.47
17.74968613,1602.2
17.75690145,1602.88
17.76411677,1603.55
17.77133209,1604.28
17.77854741,1605.01
17.78576273,1605.74
17.79297805,1606.47
17.80019337,1607.2
17.80740869,1607.99
17.81462401,1608.78
17.82183933,1609.56
17.82905465,1610.35
17.83626997,1611.19
17.84348529,1611.98
17.85070061,1612.71
17.85791593,1613.38
17.86513125,1614.06
17.87234657,1614.62
17.87956189,1615.3
17.88677721,1615.8
17.89399252,1616.42
17.90120784,1616.93
17.90842316,1617.49
17.91563848,1618.11
17.9228538,1618.72
17.93006912,1619.34
17.93728444,1620.07
17.94449976,1620.8
17.95171508,1621.59
17.9589304,1622.38
17.96614572,1623.16
17.97336104,1623.89
17.98057636,1624.62
17.98779168,1625.3
17.995007,1625.86
18.00222232,1626.54
18.00943764,1627.1
18.01665296,1627.72
18.02386828,1628.33
18.0310836,1629.01
