0,-9.21
0.00721532,-9.27
0.014430639,-9.32
0.021645959,-9.44
0.028861278,-9.61
0.036076598,-9.77
0.043291917,-9.94
0.050507237,-10.17
0.057722557,-10.5
0.064937876,-10.9
0.072153196,-11.52
0.079368515,-12.42
0.086583835,-13.71
0.093799154,-15.34
0.101014474,-17.3
0.108229793,-19.44
0.115445113,-21.8
0.122660433,-24.1
0.129875752,-26.24
0.137091072,-28.04
0.144306391,-29.5
0.151521711,-30.46
0.15873703,-30.96
0.16595235,-31.07
0.17316767,-30.79
0.180382989,-30.34
0.187598309,-29.61
0.194813628,-28.83
0.202028948,-27.93
0.209244267,-26.91
0.216459587,-25.9
0.223674907,-24.95
0.230890226,-23.99
0.238105546,-23.09
0.245320865,-22.31
0.252536185,-21.52
0.259751504,-20.85
0.266966824,-20.11
0.274182144,-19.55
0.281397463,-18.99
0.288612783,-18.54
0.295828102,-18.04
0.303043422,-17.64
0.310258741,-17.3
0.317474061,-17.02
0.32468938,-16.74
0.3319047,-16.52
0.33912002,-16.24
0.346335339,-15.96
0.353550659,-15.67
0.360765978,-15.39
0.367981298,-15.06
0.375196617,-14.78
0.382411937,-14.61
0.389627257,-14.38
0.396842576,-14.21
0.404057896,-14.16
0.411273215,-14.16
0.418488535,-14.16
0.425703854,-14.27
0.432919174,-14.38
0.440134494,-14.49
0.447349813,-14.72
0.454565133,-14.94
0.461780452,-15.17
0.468995772,-15.45
0.476211091,-15.79
0.483426411,-16.12
0.490641731,-16.46
0.49785705,-16.8
0.50507237,-17.19
0.512287689,-17.59
0.519503009,-18.09
0.526718328,-18.6
0.533933648,-19.1
0.541148967,-19.55
0.548364287,-20.06
0.555579607,-20.51
0.562794926,-20.85
0.570010246,-21.18
0.577225565,-21.35
0.584440885,-21.41
0.591656204,-21.35
0.598871524,-21.29
0.606086844,-21.07
0.613302163,-20.79
0.620517483,-20.56
0.627732802,-20.23
0.634948122,-19.95
0.642163441,-19.67
0.649378761,-19.44
0.656594081,-19.22
0.6638094,-18.99
0.67102472,-18.82
0.678240039,-18.6
0.685455359,-18.48
0.692670678,-18.32
0.699885998,-18.26
0.707101318,-18.15
0.714316637,-18.04
0.721531957,-17.98
0.728747276,-17.92
0.735962596,-17.81
0.743177915,-17.75
0.750393235,-17.64
0.757608554,-17.53
0.764823874,-17.42
0.772039194,-17.3
0.779254513,-17.19
0.786469833,-17.08
0.793685152,-17.02
0.800900472,-16.97
0.808115791,-16.91
0.815331111,-16.86
0.822546431,-16.91
0.82976175,-16.97
0.83697707,-17.08
0.844192389,-17.25
0.851407709,-17.42
0.858623028,-17.59
0.865838348,-17.81
0.873053668,-17.98
0.880268987,-18.09
0.887484307,-18.09
0.894699626,-18.04
0.901914946,-17.87
0.909130265,-17.7
0.916345585,-17.47
0.923560905,-17.3
0.930776224,-17.14
0.937991544,-16.97
0.945206863,-16.86
0.952422183,-16.8
0.959637502,-16.8
0.966852822,-16.74
0.974068141,-16.63
0.981283461,-16.57
0.988498781,-16.52
0.9957141,-16.46
1.00292942,-16.41
1.010144739,-16.41
1.017360059,-16.46
1.024575378,-16.46
1.031790698,-16.57
1.039006018,-16.63
1.046221337,-16.74
1.053436657,-16.86
1.060651976,-16.97
1.067867296,-17.02
1.075082615,-17.14
1.082297935,-17.14
1.089513255,-17.14
1.096728574,-17.14
1.103943894,-17.19
1.111159213,-17.25
1.118374533,-17.36
1.125589852,-17.42
1.132805172,-17.53
1.140020492,-17.75
1.147235811,-17.87
1.154451131,-18.09
1.16166645,-18.32
1.16888177,-18.54
1.176097089,-18.65
1.183312409,-18.82
1.190527728,-18.99
1.197743048,-19.1
1.204958368,-19.22
1.212173687,-19.27
1.219389007,-19.38
1.226604326,-19.44
1.233819646,-19.5
1.241034965,-19.67
1.248250285,-19.78
1.255465605,-19.89
1.262680924,-19.95
1.269896244,-20.06
1.277111563,-20.06
1.284326883,-20.11
1.291542202,-20.06
1.298757522,-20.06
1.305972842,-20
1.313188161,-20.06
1.320403481,-20.17
1.3276188,-20.28
1.33483412,-20.45
1.342049439,-20.68
1.349264759,-20.96
1.356480079,-21.24
1.363695398,-21.58
1.370910718,-21.91
1.378126037,-22.19
1.385341357,-22.53
1.392556676,-22.87
1.399771996,-23.15
1.406987315,-23.37
1.414202635,-23.54
1.421417955,-23.66
1.428633274,-23.66
1.435848594,-23.66
1.443063913,-23.71
1.450279233,-23.77
1.457494552,-23.82
1.464709872,-23.88
1.471925192,-24.05
1.479140511,-24.27
1.486355831,-24.44
1.49357115,-24.61
1.50078647,-24.84
1.508001789,-25
1.515217109,-25.29
1.522432429,-25.51
1.529647748,-25.73
1.536863068,-26.02
1.544078387,-26.3
1.551293707,-26.63
1.558509026,-26.97
1.565724346,-27.31
1.572939665,-27.7
1.580154985,-28.04
1.587370305,-28.38
1.594585624,-28.71
1.601800944,-28.94
1.609016263,-29.16
1.616231583,-29.28
1.623446902,-29.33
1.630662222,-29.28
1.637877542,-29.16
1.645092861,-29.05
1.652308181,-28.94
1.6595235,-28.77
1.66673882,-28.71
1.673954139,-28.6
1.681169459,-28.54
1.688384779,-28.54
1.695600098,-28.6
1.702815418,-28.66
1.710030737,-28.66
1.717246057,-28.66
1.724461376,-28.66
1.731676696,-28.66
1.738892016,-28.6
1.746107335,-28.6
1.753322655,-28.54
1.760537974,-28.54
1.767753294,-28.6
1.774968613,-28.66
1.782183933,-28.71
1.789399252,-28.77
1.796614572,-28.83
1.803829892,-28.88
1.811045211,-28.83
1.818260531,-28.71
1.82547585,-28.54
1.83269117,-28.32
1.839906489,-28.1
1.847121809,-27.81
1.854337129,-27.59
1.861552448,-27.36
1.868767768,-27.14
1.875983087,-26.97
1.883198407,-26.86
1.890413726,-26.75
1.897629046,-26.58
1.904844366,-26.35
1.912059685,-26.18
1.919275005,-25.9
1.926490324,-25.68
1.933705644,-25.4
1.940920963,-25.06
1.948136283,-24.89
1.955351603,-24.61
1.962566922,-24.44
1.969782242,-24.16
1.976997561,-23.94
1.984212881,-23.6
1.9914282,-23.32
1.99864352,-22.87
2.005858839,-22.42
2.013074159,-21.97
2.020289479,-21.41
2.027504798,-20.9
2.034720118,-20.4
2.041935437,-20.06
2.049150757,-19.72
2.056366076,-19.5
2.063581396,-19.33
2.070796716,-19.16
2.078012035,-19.1
2.085227355,-18.99
2.092442674,-18.82
2.099657994,-18.54
2.106873313,-18.15
2.114088633,-17.75
2.121303953,-17.25
2.128519272,-16.74
2.135734592,-16.12
2.142949911,-15.51
2.150165231,-14.94
2.15738055,-14.38
2.16459587,-13.88
2.17181119,-13.48
2.179026509,-13.09
2.186241829,-12.86
2.193457148,-12.64
2.200672468,-12.47
2.207887787,-12.36
2.215103107,-12.19
2.222318426,-12.08
2.229533746,-11.91
2.236749066,-11.74
2.243964385,-11.57
2.251179705,-11.35
2.258395024,-11.18
2.265610344,-10.95
2.272825663,-10.79
2.280040983,-10.56
2.287256303,-10.34
2.294471622,-10.11
2.301686942,-9.77
2.308902261,-9.44
2.316117581,-9.1
2.3233329,-8.65
2.33054822,-8.26
2.33776354,-7.86
2.344978859,-7.53
2.352194179,-7.19
2.359409498,-6.91
2.366624818,-6.74
2.373840137,-6.63
2.381055457,-6.46
2.388270777,-6.4
2.395486096,-6.35
2.402701416,-6.23
2.409916735,-6.18
2.417132055,-6.06
2.424347374,-5.95
2.431562694,-5.84
2.438778013,-5.73
2.445993333,-5.56
2.453208653,-5.45
2.460423972,-5.28
2.467639292,-5.11
2.474854611,-4.83
2.482069931,-4.55
2.48928525,-4.21
2.49650057,-3.82
2.50371589,-3.37
2.510931209,-2.97
2.518146529,-2.58
2.525361848,-2.19
2.532577168,-1.79
2.539792487,-1.51
2.547007807,-1.23
2.554223127,-1.01
2.561438446,-0.78
2.568653766,-0.56
2.575869085,-0.33
2.583084405,-0.05
2.590299724,0.11
2.597515044,0.39
2.604730364,0.67
2.611945683,0.89
2.619161003,1.18
2.626376322,1.46
2.633591642,1.62
2.640806961,1.85
2.648022281,2.07
2.6552376,2.24
2.66245292,2.41
2.66966824,2.52
2.676883559,2.69
2.684098879,2.81
2.691314198,2.97
2.698529518,3.14
2.705744837,3.31
2.712960157,3.48
2.720175477,3.7
2.727390796,3.87
2.734606116,4.21
2.741821435,4.55
2.749036755,4.88
2.756252074,5.22
2.763467394,5.56
2.770682714,5.95
2.777898033,6.23
2.785113353,6.51
2.792328672,6.74
2.799543992,6.96
2.806759311,7.13
2.813974631,7.3
2.821189951,7.47
2.82840527,7.69
2.83562059,7.98
2.842835909,8.2
2.850051229,8.48
2.857266548,8.76
2.864481868,9.04
2.871697187,9.27
2.878912507,9.38
2.886127827,9.49
2.893343146,9.55
2.900558466,9.55
2.907773785,9.61
2.914989105,9.61
2.922204424,9.61
2.929419744,9.61
2.936635064,9.66
2.943850383,9.72
2.951065703,9.77
2.958281022,9.83
2.965496342,9.94
2.972711661,10
2.979926981,10.05
2.987142301,10.11
2.99435762,10.17
3.00157294,10.28
3.008788259,10.45
3.016003579,10.62
3.023218898,10.79
3.030434218,11.01
3.037649537,11.24
3.044864857,11.46
3.052080177,11.74
3.059295496,11.97
3.066510816,12.13
3.073726135,12.36
3.080941455,12.53
3.088156774,12.75
3.095372094,12.98
3.102587414,13.2
3.109802733,13.48
3.117018053,13.76
3.124233372,14.05
3.131448692,14.33
3.138664011,14.66
3.145879331,14.94
3.153094651,15.17
3.16030997,15.45
3.16752529,15.67
3.174740609,15.9
3.181955929,16.12
3.189171248,16.29
3.196386568,16.57
3.203601888,16.74
3.210817207,16.91
3.218032527,17.02
3.225247846,17.19
3.232463166,17.36
3.239678485,17.53
3.246893805,17.75
3.254109124,17.98
3.261324444,18.26
3.268539764,18.54
3.275755083,18.82
3.282970403,19.22
3.290185722,19.55
3.297401042,19.95
3.304616361,20.34
3.311831681,20.73
3.319047001,21.13
3.32626232,21.46
3.33347764,21.8
3.340692959,22.19
3.347908279,22.48
3.355123598,22.76
3.362338918,22.92
3.369554238,23.15
3.376769557,23.32
3.383984877,23.54
3.391200196,23.77
3.398415516,23.99
3.405630835,24.39
3.412846155,24.78
3.420061475,25.17
3.427276794,25.62
3.434492114,26.02
3.441707433,26.41
3.448922753,26.75
3.456138072,27.08
3.463353392,27.31
3.470568711,27.59
3.477784031,27.81
3.484999351,28.04
3.49221467,28.32
3.49942999,28.6
3.506645309,28.83
3.513860629,29.11
3.521075948,29.39
3.528291268,29.67
3.535506588,29.95
3.542721907,30.23
3.549937227,30.57
3.557152546,30.85
3.564367866,31.19
3.571583185,31.58
3.578798505,31.97
3.586013825,32.37
3.593229144,32.7
3.600444464,33.04
3.607659783,33.38
3.614875103,33.66
3.622090422,33.94
3.629305742,34.22
3.636521062,34.61
3.643736381,34.9
3.650951701,35.29
3.65816702,35.63
3.66538234,35.96
3.672597659,36.3
3.679812979,36.58
3.687028298,36.75
3.694243618,36.92
3.701458938,37.09
3.708674257,37.2
3.715889577,37.37
3.723104896,37.54
3.730320216,37.82
3.737535535,38.21
3.744750855,38.6
3.751966175,39.11
3.759181494,39.67
3.766396814,40.18
3.773612133,40.68
3.780827453,41.19
3.788042772,41.7
3.795258092,42.09
3.802473412,42.48
3.809688731,42.88
3.816904051,43.21
3.82411937,43.55
3.83133469,43.89
3.838550009,44.22
3.845765329,44.56
3.852980649,44.96
3.860195968,45.29
3.867411288,45.69
3.874626607,46.08
3.881841927,46.42
3.889057246,46.64
3.896272566,46.87
3.903487885,46.98
3.910703205,47.09
3.917918525,47.15
3.925133844,47.26
3.932349164,47.32
3.939564483,47.37
3.946779803,47.48
3.953995122,47.65
3.961210442,47.88
3.968425762,48.16
3.975641081,48.33
3.982856401,48.61
3.99007172,48.83
3.99728704,49
4.004502359,49.11
4.011717679,49.17
4.018932999,49.17
4.026148318,49.06
4.033363638,48.95
4.040578957,48.78
4.047794277,48.72
4.055009596,48.61
4.062224916,48.61
4.069440236,48.66
4.076655555,48.72
4.083870875,48.89
4.091086194,49.06
4.098301514,49.23
4.105516833,49.45
4.112732153,49.62
4.119947472,49.79
4.127162792,49.96
4.134378112,50.13
4.141593431,50.18
4.148808751,50.24
4.15602407,50.18
4.16323939,50.13
4.170454709,50.01
4.177670029,49.84
4.184885349,49.68
4.192100668,49.51
4.199315988,49.39
4.206531307,49.28
4.213746627,49.23
4.220961946,49.17
4.228177266,49.17
4.235392586,49.23
4.242607905,49.23
4.249823225,49.23
4.257038544,49.23
4.264253864,49.17
4.271469183,49.11
4.278684503,49.06
4.285899823,49.06
4.293115142,49.06
4.300330462,49.06
4.307545781,49.17
4.314761101,49.28
4.32197642,49.39
4.32919174,49.62
4.336407059,49.73
4.343622379,49.79
4.350837699,49.84
4.358053018,49.79
4.365268338,49.68
4.372483657,49.51
4.379698977,49.23
4.386914296,49
4.394129616,48.78
4.401344936,48.61
4.408560255,48.5
4.415775575,48.44
4.422990894,48.44
4.430206214,48.44
4.437421533,48.5
4.444636853,48.61
4.451852173,48.61
4.459067492,48.66
4.466282812,48.72
4.473498131,48.72
4.480713451,48.72
4.48792877,48.61
4.49514409,48.55
4.502359409,48.44
4.509574729,48.38
4.516790049,48.33
4.524005368,48.21
4.531220688,48.16
4.538436007,48.1
4.545651327,47.99
4.552866646,47.99
4.560081966,47.88
4.567297286,47.82
4.574512605,47.65
4.581727925,47.54
4.588943244,47.43
4.596158564,47.26
4.603373883,47.15
4.610589203,47.03
4.617804523,46.87
4.625019842,46.75
4.632235162,46.58
4.639450481,46.53
4.646665801,46.47
4.65388112,46.42
4.66109644,46.36
4.66831176,46.36
4.675527079,46.36
4.682742399,46.36
4.689957718,46.36
4.697173038,46.3
4.704388357,46.3
4.711603677,46.3
4.718818996,46.19
4.726034316,46.14
4.733249636,46.08
4.740464955,46.02
4.747680275,45.97
4.754895594,45.91
4.762110914,45.85
4.769326233,45.8
4.776541553,45.8
4.783756873,45.63
4.790972192,45.52
4.798187512,45.29
4.805402831,45.07
4.812618151,44.84
4.81983347,44.56
4.82704879,44.34
4.83426411,44.06
4.841479429,43.89
4.848694749,43.83
4.855910068,43.72
4.863125388,43.72
4.870340707,43.72
4.877556027,43.72
4.884771347,43.72
4.891986666,43.72
4.899201986,43.66
4.906417305,43.55
4.913632625,43.55
4.920847944,43.49
4.928063264,43.49
4.935278583,43.44
4.942493903,43.38
4.949709223,43.33
4.956924542,43.27
4.964139862,43.16
4.971355181,42.93
4.978570501,42.76
4.98578582,42.59
4.99300114,42.31
5.00021646,42.09
5.007431779,41.92
5.014647099,41.64
5.021862418,41.47
5.029077738,41.25
5.036293057,41.08
5.043508377,40.91
5.050723697,40.74
5.057939016,40.52
5.065154336,40.29
5.072369655,40.07
5.079584975,39.78
5.086800294,39.5
5.094015614,39.22
5.101230934,38.89
5.108446253,38.6
5.115661573,38.38
5.122876892,38.1
5.130092212,37.82
5.137307531,37.54
5.144522851,37.2
5.15173817,36.92
5.15895349,36.58
5.16616881,36.19
5.173384129,35.85
5.180599449,35.51
5.187814768,35.29
5.195030088,35.01
5.202245407,34.84
5.209460727,34.73
5.216676047,34.61
5.223891366,34.56
5.231106686,34.56
5.238322005,34.5
5.245537325,34.45
5.252752644,34.45
5.259967964,34.5
5.267183284,34.56
5.274398603,34.56
5.281613923,34.61
5.288829242,34.67
5.296044562,34.73
5.303259881,34.78
5.310475201,34.78
5.317690521,34.73
5.32490584,34.67
5.33212116,34.56
5.339336479,34.39
5.346551799,34.16
5.353767118,33.88
5.360982438,33.6
5.368197757,33.32
5.375413077,32.98
5.382628397,32.7
5.389843716,32.48
5.397059036,32.2
5.404274355,31.97
5.411489675,31.69
5.418704994,31.52
5.425920314,31.35
5.433135634,31.19
5.440350953,31.13
5.447566273,31.07
5.454781592,31.07
5.461996912,31.07
5.469212231,31.07
5.476427551,31.07
5.483642871,31.07
5.49085819,31.07
5.49807351,31.02
5.505288829,30.91
5.512504149,30.85
5.519719468,30.74
5.526934788,30.62
5.534150108,30.46
5.541365427,30.23
5.548580747,30.01
5.555796066,29.72
5.563011386,29.44
5.570226705,29.11
5.577442025,28.83
5.584657344,28.6
5.591872664,28.38
5.599087984,28.21
5.606303303,28.1
5.613518623,28.1
5.620733942,28.15
5.627949262,28.26
5.635164581,28.43
5.642379901,28.6
5.649595221,28.83
5.65681054,29.05
5.66402586,29.16
5.671241179,29.33
5.678456499,29.39
5.685671818,29.39
5.692887138,29.39
5.700102458,29.33
5.707317777,29.28
5.714533097,29.22
5.721748416,29.05
5.728963736,28.94
5.736179055,28.77
5.743394375,28.66
5.750609695,28.49
5.757825014,28.43
5.765040334,28.43
5.772255653,28.6
5.779470973,28.71
5.786686292,28.83
5.793901612,29.05
5.801116931,29.28
5.808332251,29.44
5.815547571,29.67
5.82276289,29.89
5.82997821,30.17
5.837193529,30.4
5.844408849,30.62
5.851624168,30.85
5.858839488,31.07
5.866054808,31.3
5.873270127,31.47
5.880485447,31.64
5.887700766,31.8
5.894916086,31.92
5.902131405,31.97
5.909346725,32.09
5.916562045,32.2
5.923777364,32.25
5.930992684,32.37
5.938208003,32.48
5.945423323,32.59
5.952638642,32.76
5.959853962,33.04
5.967069281,33.32
5.974284601,33.6
5.981499921,33.94
5.98871524,34.33
5.99593056,34.73
6.003145879,35.01
6.010361199,35.34
6.017576518,35.63
6.024791838,35.91
6.032007158,36.13
6.039222477,36.3
6.046437797,36.47
6.053653116,36.64
6.060868436,36.81
6.068083755,36.92
6.075299075,37.09
6.082514395,37.31
6.089729714,37.54
6.096945034,37.82
6.104160353,38.15
6.111375673,38.49
6.118590992,38.89
6.125806312,39.34
6.133021632,39.73
6.140236951,40.12
6.147452271,40.46
6.15466759,40.8
6.16188291,41.13
6.169098229,41.41
6.176313549,41.64
6.183528868,41.86
6.190744188,42.03
6.197959508,42.2
6.205174827,42.43
6.212390147,42.54
6.219605466,42.71
6.226820786,42.93
6.234036105,43.21
6.241251425,43.49
6.248466745,43.72
6.255682064,44.11
6.262897384,44.39
6.270112703,44.67
6.277328023,44.9
6.284543342,45.18
6.291758662,45.4
6.298973982,45.63
6.306189301,45.85
6.313404621,46.02
6.32061994,46.19
6.32783526,46.3
6.335050579,46.53
6.342265899,46.7
6.349481219,46.92
6.356696538,47.09
6.363911858,47.37
6.371127177,47.6
6.378342497,47.88
6.385557816,48.16
6.392773136,48.5
6.399988455,48.78
6.407203775,49.11
6.414419095,49.45
6.421634414,49.68
6.428849734,50.01
6.436065053,50.29
6.443280373,50.58
6.450495692,50.91
6.457711012,51.19
6.464926332,51.42
6.472141651,51.64
6.479356971,51.87
6.48657229,52.15
6.49378761,52.37
6.501002929,52.71
6.508218249,52.99
6.515433569,53.33
6.522648888,53.67
6.529864208,54.06
6.537079527,54.4
6.544294847,54.79
6.551510166,55.18
6.558725486,55.58
6.565940806,55.91
6.573156125,56.25
6.580371445,56.59
6.587586764,56.98
6.594802084,57.26
6.602017403,57.66
6.609232723,58.05
6.616448042,58.44
6.623663362,58.84
6.630878682,59.29
6.638094001,59.62
6.645309321,60.02
6.65252464,60.35
6.65973996,60.63
6.666955279,60.92
6.674170599,61.14
6.681385919,61.42
6.688601238,61.65
6.695816558,61.87
6.703031877,62.1
6.710247197,62.32
6.717462516,62.55
6.724677836,62.77
6.731893156,63.05
6.739108475,63.28
6.746323795,63.5
6.753539114,63.73
6.760754434,64.01
6.767969753,64.18
6.775185073,64.4
6.782400393,64.57
6.789615712,64.74
6.796831032,64.91
6.804046351,65.07
6.811261671,65.3
6.81847699,65.47
6.82569231,65.64
6.832907629,65.86
6.840122949,66.03
6.847338269,66.2
6.854553588,66.37
6.861768908,66.48
6.868984227,66.65
6.876199547,66.82
6.883414866,66.99
6.890630186,67.15
6.897845506,67.32
6.905060825,67.55
6.912276145,67.83
6.919491464,68.11
6.926706784,68.39
6.933922103,68.73
6.941137423,69.06
6.948352743,69.35
6.955568062,69.68
6.962783382,69.96
6.969998701,70.19
6.977214021,70.36
6.98442934,70.58
6.99164466,70.75
6.99885998,70.92
7.006075299,71.14
7.013290619,71.31
7.020505938,71.54
7.027721258,71.82
7.034936577,72.04
7.042151897,72.27
7.049367216,72.49
7.056582536,72.72
7.063797856,72.89
7.071013175,73.06
7.078228495,73.17
7.085443814,73.28
7.092659134,73.39
7.099874453,73.5
7.107089773,73.62
7.114305093,73.79
7.121520412,73.9
7.128735732,74.07
7.135951051,74.18
7.143166371,74.35
7.15038169,74.46
7.15759701,74.57
7.16481233,74.63
7.172027649,74.68
7.179242969,74.8
7.186458288,74.85
7.193673608,74.97
7.200888927,75.13
7.208104247,75.25
7.215319567,75.47
7.222534886,75.64
7.229750206,75.81
7.236965525,75.92
7.244180845,76.03
7.251396164,76.03
7.258611484,76.03
7.265826803,76.03
7.273042123,76.03
7.280257443,76.09
7.287472762,76.15
7.294688082,76.26
7.301903401,76.43
7.309118721,76.71
7.31633404,76.88
7.32354936,77.1
7.33076468,77.27
7.337979999,77.38
7.345195319,77.38
7.352410638,77.44
7.359625958,77.38
7.366841277,77.38
7.374056597,77.27
7.381271917,77.21
7.388487236,77.1
7.395702556,76.93
7.402917875,76.93
7.410133195,76.88
7.417348514,76.93
7.424563834,77.05
7.431779153,77.21
7.438994473,77.38
7.446209793,77.61
7.453425112,77.89
7.460640432,78.23
7.467855751,78.51
7.475071071,78.79
7.48228639,79.12
7.48950171,79.41
7.49671703,79.74
7.503932349,80.08
7.511147669,80.36
7.518362988,80.75
7.525578308,81.04
7.532793627,81.32
7.540008947,81.6
7.547224267,81.77
7.554439586,81.93
7.561654906,82.1
7.568870225,82.22
7.576085545,82.27
7.583300864,82.33
7.590516184,82.38
7.597731504,82.44
7.604946823,82.55
7.612162143,82.67
7.619377462,82.83
7.626592782,83.11
7.633808101,83.4
7.641023421,83.73
7.64823874,84.07
7.65545406,84.46
7.66266938,84.91
7.669884699,85.36
7.677100019,85.92
7.684315338,86.49
7.691530658,87.11
7.698745977,87.72
7.705961297,88.34
7.713176617,88.96
7.720391936,89.58
7.727607256,90.14
7.734822575,90.81
7.742037895,91.43
7.749253214,91.99
7.756468534,92.67
7.763683854,93.34
7.770899173,94.07
7.778114493,94.8
7.785329812,95.48
7.792545132,96.21
7.799760451,96.94
7.806975771,97.73
7.814191091,98.46
7.82140641,99.3
7.82862173,100.09
7.835837049,100.93
7.843052369,101.94
7.850267688,102.9
7.857483008,104.02
7.864698327,105.26
7.871913647,106.49
7.879128967,107.84
7.886344286,109.3
7.893559606,110.82
7.900774925,112.4
7.907990245,114.08
7.915205564,115.71
7.922420884,117.45
7.929636204,119.2
7.936851523,120.94
7.944066843,122.74
7.951282162,124.59
7.958497482,126.39
7.965712801,128.36
7.972928121,130.27
7.980143441,132.29
7.98735876,134.31
7.99457408,136.45
8.001789399,138.64
8.009004719,141
8.016220038,143.36
8.023435358,145.83
8.030650678,148.42
8.037865997,151.12
8.045081317,153.87
8.052296636,156.68
8.059511956,159.66
8.066727275,162.75
8.073942595,165.9
8.081157914,169.21
8.088373234,172.64
8.095588554,176.29
8.102803873,180.12
8.110019193,184.16
8.117234512,188.32
8.124449832,192.7
8.131665151,197.2
8.138880471,201.81
8.146095791,206.47
8.15331111,211.19
8.16052643,216.08
8.167741749,220.97
8.174957069,225.98
8.182172388,231.15
8.189387708,236.43
8.196603028,241.82
8.203818347,247.44
8.211033667,253.18
8.218248986,259.08
8.225464306,265.03
8.232679625,271.16
8.239894945,277.4
8.247110265,283.86
8.254325584,290.38
8.261540904,297.01
8.268756223,303.81
8.275971543,310.78
8.283186862,317.86
8.290402182,325.11
8.297617501,332.42
8.304832821,340.01
8.312048141,347.65
8.31926346,355.57
8.32647878,363.78
8.333694099,372.21
8.340909419,380.86
8.348124738,389.74
8.355340058,398.96
8.362555378,408.4
8.369770697,418.07
8.376986017,427.9
8.384201336,438.13
8.391416656,448.58
8.398631975,459.37
8.405847295,470.45
8.413062615,481.97
8.420277934,493.71
8.427493254,505.85
8.434708573,518.33
8.441923893,531.09
8.449139212,544.12
8.456354532,557.44
8.463569852,570.93
8.470785171,584.7
8.478000491,598.69
8.48521581,612.86
8.49243113,627.19
8.499646449,641.8
8.506861769,656.69
8.514077088,671.81
8.521292408,687.21
8.528507728,703
8.535723047,719.13
8.542938367,735.65
8.550153686,752.51
8.557369006,769.77
8.564584325,787.36
8.571799645,805.4
8.579014965,823.72
8.586230284,842.43
8.593445604,861.43
8.600660923,880.82
8.607876243,900.43
8.615091562,920.49
8.622306882,940.78
8.629522202,961.41
8.636737521,982.43
8.643952841,1003.84
8.65116816,1025.59
8.65838348,1047.79
8.665598799,1070.49
8.672814119,1093.59
8.680029439,1117.14
8.687244758,1141.14
8.694460078,1165.47
8.701675397,1190.2
8.708890717,1215.26
8.716106036,1240.61
8.723321356,1266.35
8.730536675,1292.43
8.737751995,1318.9
8.744967315,1345.76
8.752182634,1372.96
8.759397954,1400.78
8.766613273,1428.99
8.773828593,1457.71
8.781043912,1486.88
8.788259232,1516.55
8.795474552,1546.73
8.802689871,1577.3
8.809905191,1608.5
8.81712051,1640.14
8.82433583,1672.34
8.831551149,1705.05
8.838766469,1738.37
8.845981789,1772.32
8.853197108,1806.83
8.860412428,1841.84
8.867627747,1877.47
8.874843067,1913.61
8.882058386,1950.19
8.889273706,1987.28
8.896489025,2024.82
8.903704345,2062.76
8.910919665,2100.98
8.918134984,2139.7
8.925350304,2178.81
8.932565623,2218.32
8.939780943,2258.39
8.946996262,2298.91
8.954211582,2339.99
8.961426902,2381.64
8.968642221,2423.84
8.975857541,2466.61
8.98307286,2509.83
8.99028818,2553.55
8.997503499,2597.67
9.004718819,2642.35
9.011934139,2687.48
9.019149458,2733.17
9.026364778,2779.48
9.033580097,2826.41
9.040795417,2874.12
9.048010736,2922.62
9.055226056,2971.79
9.062441376,3021.7
9.069656695,3072.39
9.076872015,3123.82
9.084087334,3175.91
9.091302654,3228.69
9.098517973,3282.19
9.105733293,3336.31
9.112948612,3391.22
9.120163932,3446.74
9.127379252,3503.11
9.134594571,3560.21
9.141809891,3618.09
9.14902521,3676.71
9.15624053,3736.11
9.163455849,3796.25
9.170671169,3857.11
9.177886489,3918.65
9.185101808,3980.98
9.192317128,4043.98
9.199532447,4107.71
9.206747767,4172.23
9.213963086,4237.53
9.221178406,4303.68
9.228393726,4370.67
9.235609045,4438.5
9.242824365,4507.18
9.250039684,4576.81
9.257255004,4647.34
9.264470323,4718.83
9.271685643,4791.21
9.278900963,4864.55
9.286116282,4938.85
9.293331602,5014.22
9.300546921,5090.59
9.307762241,5167.98
9.31497756,5246.43
9.32219288,5325.84
9.329408199,5406.21
9.336623519,5487.59
9.343838839,5569.86
9.351054158,5653.21
9.358269478,5737.57
9.365484797,5822.99
9.372700117,5909.54
9.379915436,5997.38
9.387130756,6086.46
9.394346076,6176.94
9.401561395,6268.71
9.408776715,6361.89
9.415992034,6456.53
9.423207354,6552.52
9.430422673,6649.86
9.437637993,6748.55
9.444853313,6848.53
9.452068632,6949.86
9.459283952,7052.36
9.466499271,7156.05
9.473714591,7261.09
9.48092991,7367.25
9.48814523,7474.71
9.49536055,7583.34
9.502575869,7693.21
9.509791189,7804.43
9.517006508,7917
9.524221828,8031.03
9.531437147,8146.47
9.538652467,8263.42
9.545867786,8381.94
9.553083106,8502.04
9.560298426,8623.77
9.567513745,8747.02
9.574729065,8871.9
9.581944384,8998.35
9.589159704,9126.2
9.596375023,9255.57
9.603590343,9386.46
9.610805663,9518.76
9.618020982,9652.57
9.625236302,9787.84
9.632451621,9924.75
9.639666941,10063.11
9.64688226,10203.11
9.65409758,10344.79
9.6613129,10488.1
9.668528219,10633.04
9.675743539,10779.72
9.682958858,10928.09
9.690174178,11078.2
9.697389497,11230.05
9.704604817,11383.64
9.711820137,11538.92
9.719035456,11695.89
9.726250776,11854.43
9.733466095,12014.66
9.740681415,12176.34
9.747896734,12339.66
9.755112054,12504.44
9.762327373,12670.73
9.769542693,12838.55
9.776758013,13007.88
9.783973332,13178.67
9.791188652,13351.09
9.798403971,13524.92
9.805619291,13700.26
9.81283461,13876.96
9.82004993,14055.11
9.82726525,14234.67
9.834480569,14415.63
9.841695889,14597.95
9.848911208,14781.66
9.856126528,14966.79
9.863341847,15153.31
9.870557167,15341.19
9.877772487,15530.53
9.884987806,15721.16
9.892203126,15913.19
9.899418445,16106.47
9.906633765,16301.09
9.913849084,16496.89
9.921064404,16693.92
9.928279724,16891.97
9.935495043,17091.03
9.942710363,17290.99
9.949925682,17491.74
9.957141002,17693.22
9.964356321,17895.37
9.971571641,18098.19
9.97878696,18301.69
9.98600228,18505.64
9.9932176,18710.16
10.00043292,18915.23
10.00764824,19120.7
10.01486356,19326.5
10.02207888,19532.53
10.0292942,19738.84
10.03650952,19945.32
10.04372484,20151.91
10.05094016,20358.67
10.05815548,20565.54
10.0653708,20772.53
10.07258611,20979.62
10.07980143,21186.78
10.08701675,21393.82
10.09423207,21600.63
10.10144739,21807.06
10.10866271,22013.03
10.11587803,22218.27
10.12309335,22422.78
10.13030867,22626.4
10.13752399,22829.05
10.14473931,23030.64
10.15195463,23231.05
10.15916995,23430.28
10.16638527,23628.22
10.17360059,23824.69
10.18081591,24019.71
10.18803123,24213.2
10.19524655,24405.07
10.20246187,24595.31
10.20967719,24783.8
10.21689251,24970.61
10.22410783,25155.51
10.23132315,25338.5
10.23853846,25519.52
10.24575378,25698.57
10.2529691,25875.37
10.26018442,26049.99
10.26739974,26222.18
10.27461506,26391.91
10.28183038,26558.99
10.2890457,26723.32
10.29626102,26884.73
10.30347634,27043.04
10.31069166,27198.15
10.31790698,27350.01
10.3251223,27498.54
10.33233762,27643.71
10.33955294,27785.39
10.34676826,27923.64
10.35398358,28058.46
10.3611989,28189.58
10.36841422,28317.21
10.37562954,28441.02
10.38284486,28560.95
10.39006018,28676.94
10.3972755,28788.89
10.40449081,28896.69
10.41170613,29000.26
10.41892145,29099.4
10.42613677,29194.15
10.43335209,29284.47
10.44056741,29370.17
10.44778273,29451.38
10.45499805,29527.98
10.46221337,29599.92
10.46942869,29667.24
10.47664401,29729.96
10.48385933,29787.96
10.49107465,29841.24
10.49828997,29889.74
10.50550529,29933.41
10.51272061,29972.19
10.51993593,30006.02
10.52715125,30034.85
10.53436657,30058.68
10.54158189,30077.39
10.54879721,30090.94
10.55601253,30099.48
10.56322785,30102.85
10.57044316,30101.16
10.57765848,30094.36
10.5848738,30082.39
10.59208912,30065.37
10.59930444,30043.11
10.60651976,30015.8
10.61373508,29983.2
10.6209504,29945.55
10.62816572,29902.72
10.63538104,29854.84
10.64259636,29801.96
10.64981168,29744.01
10.657027,29681.24
10.66424232,29613.4
10.67145764,29540.74
10.67867296,29463.07
10.68588828,29380.51
10.6931036,29293.06
10.70031892,29200.62
10.70753424,29103.28
10.71474956,29000.99
10.72196488,28893.99
10.7291802,28782.26
10.73639551,28665.93
10.74361083,28545.1
10.75082615,28419.89
10.75804147,28290.46
10.76525679,28156.81
10.77247211,28019.07
10.77968743,27877.27
10.78690275,27731.38
10.79411807,27581.55
10.80133339,27427.67
10.80854871,27269.81
10.81576403,27108.18
10.82297935,26942.67
10.83019467,26773.56
10.83740999,26600.92
10.84462531,26424.95
10.85184063,26245.79
10.85905595,26063.53
10.86627127,25878.47
10.87348659,25690.53
10.88070191,25499.85
10.88791723,25306.69
10.89513255,25111
10.90234786,24912.84
10.90956318,24712.32
10.9167785,24509.43
10.92399382,24304.3
10.93120914,24096.98
10.93842446,23887.52
10.94563978,23676.1
10.9528551,23462.71
10.96007042,23247.52
10.96728574,23030.76
10.97450106,22812.36
10.98171638,22592.51
10.9889317,22371.25
10.99614702,22148.86
11.00336234,21925.3
11.01057766,21700.78
11.01779298,21475.36
11.0250083,21249.22
11.03222362,21022.5
11.03943894,20795.29
11.04665426,20567.68
11.05386958,20339.79
11.0610849,20111.56
11.06830022,19883.27
11.07551553,19654.82
11.08273085,19426.31
11.08994617,19197.92
11.09716149,18969.63
11.10437681,18741.63
11.11159213,18514.02
11.11880745,18286.8
11.12602277,18060.09
11.13323809,17834.05
11.14045341,17608.58
11.14766873,17383.84
11.15488405,17159.82
11.16209937,16936.65
11.16931469,16714.38
11.17653001,16493.07
11.18374533,16272.99
11.19096065,16054.09
11.19817597,15836.54
11.20539129,15620.34
11.21260661,15405.65
11.21982193,15192.48
11.22703725,14980.95
11.23425257,14771.04
11.24146788,14562.82
11.2486832,14356.17
11.25589852,14151.27
11.26311384,13947.94
11.27032916,13746.4
11.27754448,13546.44
11.2847598,13348.28
11.29197512,13151.86
11.29919044,12957.19
11.30640576,12764.31
11.31362108,12573.34
11.3208364,12384.23
11.32805172,12197.02
11.33526704,12011.73
11.34248236,11828.41
11.34969768,11647.11
11.356913,11467.89
11.36412832,11290.8
11.37134364,11115.91
11.37855896,10943.2
11.38577428,10772.92
11.3929896,10604.88
11.40020492,10439.26
11.40742023,10275.94
11.41463555,10114.87
11.42185087,9956.11
11.42906619,9799.36
11.43628151,9644.76
11.44349683,9492.18
11.45071215,9341.67
11.45792747,9193.19
11.46514279,9046.79
11.47235811,8902.58
11.47957343,8760.39
11.48678875,8620.51
11.49400407,8482.88
11.50121939,8347.44
11.50843471,8214.24
11.51565003,8083.24
11.52286535,7954.32
11.53008067,7827.53
11.53729599,7702.71
11.54451131,7579.86
11.55172663,7458.97
11.55894195,7340
11.56615727,7222.99
11.57337258,7107.72
11.5805879,6994.48
11.58780322,6883.15
11.59501854,6773.78
11.60223386,6666.27
11.60944918,6560.78
11.6166645,6457.32
11.62387982,6355.88
11.63109514,6256.46
11.63831046,6159.01
11.64552578,6063.64
11.6527411,5970.23
11.65995642,5878.8
11.66717174,5789.21
11.67438706,5701.43
11.68160238,5615.5
11.6888177,5531.26
11.69603302,5448.7
11.70324834,5367.71
11.71046366,5288.42
11.71767898,5210.58
11.7248943,5134.43
11.73210962,5059.74
11.73932493,4986.62
11.74654025,4915.02
11.75375557,4844.83
11.76097089,4776.26
11.76818621,4709.16
11.77540153,4643.58
11.78261685,4579.45
11.78983217,4516.9
11.79704749,4455.76
11.80426281,4396.07
11.81147813,4337.74
11.81869345,4280.64
11.82590877,4224.94
11.83312409,4170.32
11.84033941,4116.81
11.84755473,4064.44
11.85477005,4013.24
11.86198537,3963.05
11.86920069,3913.99
11.87641601,3865.99
11.88363133,3819.01
11.89084665,3773.15
11.89806197,3728.25
11.90527728,3684.35
11.9124926,3641.36
11.91970792,3599.32
11.92692324,3558.19
11.93413856,3517.83
11.94135388,3478.33
11.9485692,3439.44
11.95578452,3401.28
11.96299984,3363.73
11.97021516,3326.59
11.97743048,3289.83
11.9846458,3253.41
11.99186112,3217.16
11.99907644,3180.97
12.00629176,3144.78
12.01350708,3108.47
12.0207224,3071.89
12.02793772,3034.96
12.03515304,2997.37
12.04236836,2958.93
12.04958368,2919.53
12.056799,2878.62
12.06401432,2836.07
12.07122963,2791.45
12.07844495,2744.35
12.08566027,2694.28
12.09287559,2640.83
12.10009091,2583.4
12.10730623,2521.46
12.11452155,2454.42
12.12173687,2381.58
12.12895219,2302.23
12.13616751,2215.57
12.14338283,2120.87
12.15059815,2017.18
12.15781347,1903.71
12.16502879,1779.57
12.17224411,1643.85
12.17945943,1495.53
12.18667475,1333.73
12.19389007,1157.43
12.20110539,965.57
12.20832071,757.23
12.21553603,531.37
12.22275135,287.01
12.22996667,23.21
12.23718198,-260.88
12.2443973,-566.1
12.25161262,-892.9
12.25882794,-1241.9
12.26604326,-1613.33
12.27325858,-2007.29
12.2804739,-2423.68
12.28768922,-2862.15
12.29490454,-3322.15
12.30211986,-3802.88
12.30933518,-4303.4
12.3165505,-4822.29
12.32376582,-5358.27
12.33098114,-5909.48
12.33819646,-6473.95
12.34541178,-7049.55
12.3526271,-7633.87
12.35984242,-8224.19
12.36705774,-8817.78
12.37427306,-9411.64
12.38148838,-10002.81
12.3887037,-10588.13
12.39591902,-11164.46
12.40313433,-11728.54
12.41034965,-12277.33
12.41756497,-12807.64
12.42478029,-13316.36
12.43199561,-13800.64
12.43921093,-14257.65
12.44642625,-14684.83
12.45364157,-15079.86
12.46085689,-15440.55
12.46807221,-15765.28
12.47528753,-16052.46
12.48250285,-16300.81
12.48971817,-16509.53
12.49693349,-16677.91
12.50414881,-16805.65
12.51136413,-16892.7
12.51857945,-16939.35
12.52579477,-16946.21
12.53301009,-16914.06
12.54022541,-16844.03
12.54744073,-16737.54
12.55465605,-16596.19
12.56187137,-16421.64
12.56908668,-16215.83
12.576302,-15980.91
12.58351732,-15718.74
12.59073264,-15431.62
12.59794796,-15121.73
12.60516328,-14791.27
12.6123786,-14442.66
12.61959392,-14078.04
12.62680924,-13699.64
12.63402456,-13310.01
12.64123988,-12911.1
12.6484552,-12505.23
12.65567052,-12094.46
12.66288584,-11680.66
12.67010116,-11265.57
12.67731648,-10850.81
12.6845318,-10437.91
12.69174712,-10028.15
12.69896244,-9622.73
12.70617776,-9222.81
12.71339308,-8829.3
12.7206084,-8443.2
12.72782372,-8065.26
12.73503903,-7696.25
12.74225435,-7336.68
12.74946967,-6987.06
12.75668499,-6647.84
12.76390031,-6319.24
12.77111563,-6001.37
12.77833095,-5694.52
12.78554627,-5398.57
12.79276159,-5113.52
12.79997691,-4839.26
12.80719223,-4575.74
12.81440755,-4322.79
12.82162287,-4080.17
12.82883819,-3847.73
12.83605351,-3625.29
12.84326883,-3412.52
12.85048415,-3209.35
12.85769947,-3015.41
12.86491479,-2830.45
12.87213011,-2654.32
12.87934543,-2486.85
12.88656075,-2327.63
12.89377607,-2176.56
12.90099138,-2033.37
12.9082067,-1897.7
12.91542202,-1769.34
12.92263734,-1648.06
12.92985266,-1533.52
12.93706798,-1425.34
12.9442833,-1323.45
12.95149862,-1227.46
12.95871394,-1137.09
12.96592926,-1052.23
12.97314458,-972.48
12.9803599,-897.9
12.98757522,-828.21
12.99479054,-763.25
13.00200586,-702.89
13.00922118,-647.08
13.0164365,-595.6
13.02365182,-548.34
13.03086714,-505.29
13.03808246,-466.29
13.04529778,-431.22
13.0525131,-400.08
13.05972842,-372.83
13.06694373,-349.5
13.07415905,-330
13.08137437,-314.55
13.08858969,-302.97
13.09580501,-295.49
13.10302033,-292.24
13.11023565,-293.13
13.11745097,-298.42
13.12466629,-308.14
13.13188161,-322.41
13.13909693,-341.47
13.14631225,-365.24
13.15352757,-393.9
13.16074289,-427.68
13.16795821,-466.51
13.17517353,-510.46
13.18238885,-559.75
13.18960417,-614.2
13.19681949,-673.95
13.20403481,-738.97
13.21125013,-809.11
13.21846545,-884.25
13.22568077,-964.27
13.23289608,-1048.97
13.2401114,-1138.1
13.24732672,-1231.34
13.25454204,-1328.28
13.26175736,-1428.66
13.26897268,-1531.89
13.276188,-1637.66
13.28340332,-1745.29
13.29061864,-1854.26
13.29783396,-1963.79
13.30504928,-2073.38
13.3122646,-2182.18
13.31947992,-2289.58
13.32669524,-2394.85
13.33391056,-2497.19
13.34112588,-2595.99
13.3483412,-2690.51
13.35555652,-2780.21
13.36277184,-2864.57
13.36998716,-2942.85
13.37720248,-3014.62
13.3844178,-3079.36
13.39163312,-3136.63
13.39884843,-3186.09
13.40606375,-3227.34
13.41327907,-3260.21
13.42049439,-3284.72
13.42770971,-3300.56
13.43492503,-3308.04
13.44214035,-3307.08
13.44935567,-3297.92
13.45657099,-3280.84
13.46378631,-3256.11
13.47100163,-3224.02
13.47821695,-3185.02
13.48543227,-3139.55
13.49264759,-3088.02
13.49986291,-3030.92
13.50707823,-2968.76
13.51429355,-2902.05
13.52150887,-2831.35
13.52872419,-2757.17
13.53593951,-2679.95
13.54315483,-2600.26
13.55037015,-2518.43
13.55758547,-2435.03
13.56480079,-2350.28
13.5720161,-2264.74
13.57923142,-2178.64
13.58644674,-2092.49
13.59366206,-2006.56
13.60087738,-1921.08
13.6080927,-1836.5
13.61530802,-1753.04
13.62252334,-1670.93
13.62973866,-1590.4
13.63695398,-1511.61
13.6441693,-1434.67
13.65138462,-1359.81
13.65859994,-1287.09
13.66581526,-1216.44
13.67303058,-1148.1
13.6802459,-1082.07
13.68746122,-1018.34
13.69467654,-957.02
13.70189186,-898.07
13.70910718,-841.53
13.7163225,-787.3
13.72353782,-735.48
13.73075314,-685.92
13.73796845,-638.6
13.74518377,-593.47
13.75239909,-550.47
13.75961441,-509.5
13.76682973,-470.56
13.77404505,-433.58
13.78126037,-398.45
13.78847569,-365.3
13.79569101,-333.82
13.80290633,-304.26
13.81012165,-276.39
13.81733697,-250.14
13.82455229,-225.41
13.83176761,-202.32
13.83898293,-180.57
13.84619825,-160.17
13.85341357,-140.89
13.86062889,-122.79
13.86784421,-105.76
13.87505953,-89.8
13.88227485,-74.74
13.88949017,-60.69
13.89670549,-47.65
13.9039208,-35.46
13.91113612,-24.1
13.91835144,-13.71
13.92556676,-3.99
13.93278208,5
13.9399974,13.26
13.94721272,20.96
13.95442804,28.04
13.96164336,34.61
13.96885868,40.68
13.976074,46.19
13.98328932,51.19
13.99050464,55.75
13.99771996,59.9
14.00493528,63.56
14.0121506,66.87
14.01936592,69.85
14.02658124,72.49
14.03379656,74.91
14.04101188,77.05
14.0482272,79.01
14.05544252,80.7
14.06265784,82.16
14.06987315,83.4
14.07708847,84.35
14.08430379,85.14
14.09151911,85.64
14.09873443,85.92
14.10594975,85.98
14.11316507,85.76
14.12038039,85.31
14.12759571,84.63
14.13481103,83.68
14.14202635,82.44
14.14924167,80.98
14.15645699,79.18
14.16367231,77.16
14.17088763,74.74
14.17810295,72.04
14.18531827,68.95
14.19253359,65.36
14.19974891,61.37
14.20696423,56.81
14.21417955,51.59
14.22139487,45.69
14.22861019,39.05
14.2358255,31.58
14.24304082,23.21
14.25025614,13.76
14.25747146,3.31
14.26468678,-8.31
14.2719021,-21.29
14.27911742,-35.63
14.28633274,-51.47
14.29354806,-68.84
14.30076338,-87.89
14.3079787,-108.69
14.31519402,-131.28
14.32240934,-155.78
14.32962466,-182.36
14.33683998,-211.08
14.3440553,-242.16
14.35127062,-275.66
14.35848594,-311.79
14.36570126,-350.74
14.37291658,-392.55
14.3801319,-437.46
14.38734722,-485.45
14.39456254,-536.65
14.40177785,-591.05
14.40899317,-648.82
14.41620849,-709.8
14.42342381,-774.04
14.43063913,-841.53
14.43785445,-912.12
14.44506977,-985.74
14.45228509,-1062.23
14.45950041,-1141.42
14.46671573,-1223.24
14.47393105,-1307.38
14.48114637,-1393.7
14.48836169,-1482.1
14.49557701,-1572.25
14.50279233,-1663.85
14.51000765,-1756.64
14.51722297,-1850.27
14.52443829,-1944.4
14.53165361,-2038.48
14.53886893,-2132.28
14.54608425,-2225.12
14.55329957,-2316.67
14.56051489,-2406.59
14.5677302,-2494.26
14.57494552,-2579.46
14.58216084,-2661.68
14.58937616,-2740.53
14.59659148,-2815.73
14.6038068,-2886.71
14.61102212,-2953.14
14.61823744,-3014.73
14.62545276,-3070.99
14.63266808,-3121.57
14.6398834,-3166.13
14.64709872,-3204.52
14.65431404,-3236.5
14.66152936,-3261.9
14.66874468,-3280.61
14.67596,-3292.64
14.68317532,-3297.92
14.69039064,-3296.57
14.69760596,-3288.59
14.70482128,-3274.15
14.7120366,-3253.3
14.71925192,-3226.27
14.72646724,-3193.28
14.73368255,-3154.56
14.74089787,-3110.5
14.74811319,-3061.32
14.75532851,-3007.48
14.76254383,-2949.43
14.76975915,-2887.38
14.77697447,-2822.02
14.78418979,-2753.46
14.79140511,-2682.31
14.79862043,-2608.86
14.80583575,-2533.55
14.81305107,-2456.78
14.82026639,-2378.83
14.82748171,-2300.2
14.83469703,-2221.24
14.84191235,-2142.34
14.84912767,-2063.83
14.85634299,-1986.16
14.86355831,-1909.61
14.87077363,-1834.42
14.87798895,-1761.08
14.88520427,-1689.7
14.89241959,-1620.58
14.8996349,-1553.98
14.90685022,-1490.03
14.91406554,-1428.94
14.92128086,-1370.77
14.92849618,-1315.69
14.9357115,-1263.76
14.94292682,-1215.1
14.95014214,-1169.8
14.95735746,-1127.87
14.96457278,-1089.38
14.9717881,-1054.36
14.97900342,-1022.78
14.98621874,-994.74
14.99343406,-969.95
15.00064938,-948.48
15.0078647,-930.11
15.01508002,-914.71
15.02229534,-902.12
15.02951066,-892.28
15.03672598,-884.92
15.0439413,-879.92
15.05115662,-877.22
15.05837194,-876.49
15.06558725,-877.67
15.07280257,-880.65
15.08001789,-885.09
15.08723321,-890.93
15.09444853,-897.96
15.10166385,-905.88
15.10887917,-914.54
15.11609449,-923.81
15.12330981,-933.36
15.13052513,-943.14
15.13774045,-952.75
15.14495577,-962.31
15.15217109,-971.36
15.15938641,-979.95
15.16660173,-987.88
15.17381705,-995.02
15.18103237,-1001.14
15.18824769,-1006.37
15.19546301,-1010.41
15.20267833,-1013.28
15.20989365,-1014.8
15.21710897,-1015.02
15.22432429,-1013.84
15.2315396,-1011.15
15.23875492,-1007.04
15.24597024,-1001.37
15.25318556,-994.29
15.26040088,-985.69
15.2676162,-975.63
15.27483152,-964.16
15.28204684,-951.29
15.28926216,-937.13
15.29647748,-921.73
15.3036928,-905.1
15.31090812,-887.28
15.31812344,-868.4
15.32533876,-848.62
15.33255408,-827.88
15.3397694,-806.24
15.34698472,-783.99
15.35420004,-761.06
15.36141536,-737.62
15.36863068,-713.79
15.375846,-689.63
15.38306132,-665.23
15.39027664,-640.62
15.39749195,-615.95
15.40470727,-591.22
15.41192259,-566.55
15.41913791,-541.93
15.42635323,-517.54
15.43356855,-493.43
15.44078387,-469.6
15.44799919,-446.17
15.45521451,-423.12
15.46242983,-400.59
15.46964515,-378.61
15.47686047,-357.26
15.48407579,-336.41
15.49129111,-316.23
15.49850643,-296.67
15.50572175,-277.74
15.51293707,-259.47
15.52015239,-241.77
15.52736771,-224.8
15.53458303,-208.44
15.54179835,-192.7
15.54901367,-177.7
15.55622899,-163.26
15.5634443,-149.49
15.57065962,-136.34
15.57787494,-123.75
15.58509026,-111.72
15.59230558,-100.26
15.5995209,-89.41
15.60673622,-79.01
15.61395154,-69.29
15.62116686,-59.96
15.62838218,-51.19
15.6355975,-42.93
15.64281282,-35.23
15.65002814,-27.98
15.65724346,-21.13
15.66445878,-14.78
15.6716741,-8.82
15.67888942,-3.14
15.68610474,2.13
15.69332006,7.08
15.70053538,11.74
15.7077507,16.12
15.71496602,20.34
15.72218134,24.27
15.72939665,28.04
15.73661197,31.64
15.74382729,34.9
15.75104261,38.04
15.75825793,40.91
15.76547325,43.49
15.77268857,45.97
15.77990389,48.1
15.78711921,50.07
15.79433453,51.87
15.80154985,53.5
15.80876517,54.96
15.81598049,56.36
15.82319581,57.6
15.83041113,58.78
15.83762645,59.9
15.84484177,60.86
15.85205709,61.87
15.85927241,62.77
15.86648773,63.61
15.87370305,64.34
15.88091837,65.07
15.88813369,65.81
15.89534901,66.37
15.90256432,67.04
15.90977964,67.55
15.91699496,68.05
15.92421028,68.5
15.9314256,68.95
15.93864092,69.4
15.94585624,69.85
15.95307156,70.36
15.96028688,70.81
15.9675022,71.31
15.97471752,71.82
15.98193284,72.32
15.98914816,72.83
15.99636348,73.22
16.0035788,73.62
16.01079412,73.9
16.01800944,74.07
16.02522476,74.29
16.03244008,74.4
16.0396554,74.57
16.04687072,74.68
16.05408604,74.8
16.06130136,74.91
16.06851667,74.97
16.07573199,75.08
16.08294731,75.13
16.09016263,75.25
16.09737795,75.3
16.10459327,75.47
16.11180859,75.58
16.11902391,75.75
16.12623923,75.92
16.13345455,76.15
16.14066987,76.37
16.14788519,76.6
16.15510051,76.76
16.16231583,76.99
16.16953115,77.27
16.17674647,77.49
16.18396179,77.78
16.19117711,78.06
16.19839243,78.34
16.20560775,78.62
16.21282307,78.9
16.22003839,79.12
16.22725371,79.29
16.23446902,79.46
16.24168434,79.57
16.24889966,79.69
16.25611498,79.74
16.2633303,79.86
16.27054562,80.02
16.27776094,80.14
16.28497626,80.3
16.29219158,80.47
16.2994069,80.64
16.30662222,80.87
16.31383754,81.15
16.32105286,81.43
16.32826818,81.71
16.3354835,82.05
16.34269882,82.38
16.34991414,82.78
16.35712946,83.11
16.36434478,83.45
16.3715601,83.68
16.37877542,83.96
16.38599074,84.13
16.39320606,84.3
16.40042137,84.46
16.40763669,84.63
16.41485201,84.74
16.42206733,84.97
16.42928265,85.25
16.43649797,85.59
16.44371329,85.92
16.45092861,86.21
16.45814393,86.49
16.46535925,86.71
16.47257457,86.88
16.47978989,87.05
16.48700521,87.22
16.49422053,87.39
16.50143585,87.5
16.50865117,87.67
16.51586649,87.89
16.52308181,88.06
16.53029713,88.29
16.53751245,88.57
16.54472777,88.85
16.55194309,89.07
16.55915841,89.41
16.56637372,89.75
16.57358904,90.08
16.58080436,90.48
16.58801968,90.87
16.595235,91.21
16.60245032,91.6
16.60966564,91.94
16.61688096,92.16
16.62409628,92.44
16.6313116,92.61
16.63852692,92.84
16.64574224,93.12
16.65295756,93.34
16.66017288,93.62
16.6673882,93.91
16.67460352,94.24
16.68181884,94.64
16.68903416,94.97
16.69624948,95.42
16.7034648,95.82
16.71068012,96.27
16.71789544,96.72
16.72511076,97.16
16.73232607,97.61
16.73954139,98.12
16.74675671,98.51
16.75397203,98.91
16.76118735,99.24
16.76840267,99.64
16.77561799,99.92
16.78283331,100.2
16.79004863,100.48
16.79726395,100.71
16.80447927,100.87
16.81169459,101.1
16.81890991,101.38
16.82612523,101.66
16.83334055,101.94
16.84055587,102.28
16.84777119,102.62
16.85498651,103.01
16.86220183,103.46
16.86941715,103.8
16.87663247,104.25
16.88384779,104.64
16.89106311,105.09
16.89827842,105.48
16.90549374,105.93
16.91270906,106.38
16.91992438,106.78
16.9271397,107.22
16.93435502,107.73
16.94157034,108.12
16.94878566,108.57
16.95600098,108.97
16.9632163,109.25
16.97043162,109.53
16.97764694,109.75
16.98486226,109.92
16.99207758,110.03
16.9992929,110.2
17.00650822,110.26
17.01372354,110.43
17.02093886,110.54
17.02815418,110.71
17.0353695,110.88
17.04258482,111.05
17.04980014,111.21
17.05701546,111.38
17.06423077,111.5
17.07144609,111.5
17.07866141,111.55
17.08587673,111.66
17.09309205,111.72
17.10030737,111.89
17.10752269,112.06
17.11473801,112.34
17.12195333,112.68
17.12916865,113.01
17.13638397,113.35
17.14359929,113.74
17.15081461,114.02
17.15802993,114.25
17.16524525,114.47
17.17246057,114.59
17.17967589,114.7
17.18689121,114.87
17.19410653,115.04
17.20132185,115.21
17.20853717,115.43
17.21575249,115.65
17.22296781,115.82
17.23018312,116.1
17.23739844,116.33
17.24461376,116.55
17.25182908,116.78
17.2590444,117.12
17.26625972,117.34
17.27347504,117.62
17.28069036,117.9
17.28790568,118.13
17.295121,118.35
17.30233632,118.63
17.30955164,118.8
17.31676696,119.08
17.32398228,119.25
17.3311976,119.48
17.33841292,119.7
17.34562824,119.98
17.35284356,120.21
17.36005888,120.43
17.3672742,120.66
17.37448952,120.83
17.38170484,120.99
17.38892016,121.22
17.39613547,121.39
17.40335079,121.5
17.41056611,121.67
17.41778143,121.84
17.42499675,122.01
17.43221207,122.17
17.43942739,122.34
17.44664271,122.45
17.45385803,122.62
17.46107335,122.68
17.46828867,122.74
17.47550399,122.68
17.48271931,122.68
17.48993463,122.57
17.49714995,122.51
17.50436527,122.45
17.51158059,122.45
17.51879591,122.51
17.52601123,122.62
17.53322655,122.79
17.54044187,123.07
17.54765719,123.3
17.55487251,123.52
17.56208782,123.69
17.56930314,123.86
17.57651846,123.92
17.58373378,124.03
17.5909491,124.08
17.59816442,124.14
17.60537974,124.2
17.61259506,124.31
17.61981038,124.42
17.6270257,124.59
17.63424102,124.76
17.64145634,124.98
17.64867166,125.15
17.65588698,125.38
17.6631023,125.6
17.67031762,125.83
17.67753294,126.05
17.68474826,126.28
17.69196358,126.56
17.6991789,126.84
17.70639422,127.12
17.71360954,127.4
17.72082486,127.74
17.72804017,127.96
17.73525549,128.24
17.74247081,128.47
17.74968613,128.58
17.75690145,128.64
17.76411677,128.64
17.77133209,128.64
17.77854741,128.58
17.78576273,128.58
17.79297805,128.64
17.80019337,128.69
17.80740869,128.86
17.81462401,129.03
17.82183933,129.26
17.82905465,129.48
17.83626997,129.7
17.84348529,129.82
17.85070061,129.93
17.85791593,129.99
17.86513125,129.99
17.87234657,129.93
17.87956189,129.82
17.88677721,129.76
17.89399252,129.65
17.90120784,129.59
17.90842316,129.48
17.91563848,129.42
17.9228538,129.31
17.93006912,129.26
17.93728444,129.2
17.94449976,129.26
17.95171508,129.26
17.9589304,129.37
17.96614572,129.42
17.97336104,129.54
17.98057636,129.65
17.98779168,129.7
17.995007,129.76
18.00222232,129.82
18.00943764,129.87
18.01665296,129.93
