0,90.76
0.00721532,92.11
0.014430639,93.46
0.021645959,94.69
0.028861278,95.87
0.036076598,97.05
0.043291917,98.12
0.050507237,99.13
0.057722557,100.03
0.064937876,100.82
0.072153196,101.44
0.079368515,101.77
0.086583835,101.94
0.093799154,101.72
0.101014474,101.27
0.108229793,100.54
0.115445113,99.64
0.122660433,98.79
0.129875752,98.06
0.137091072,97.61
0.144306391,97.45
0.151521711,97.78
0.15873703,98.51
0.16595235,99.58
0.17316767,101.04
0.180382989,102.67
0.187598309,104.53
0.194813628,106.44
0.202028948,108.4
0.209244267,110.32
0.216459587,112.23
0.223674907,114.02
0.230890226,115.77
0.238105546,117.4
0.245320865,119.03
0.252536185,120.6
0.259751504,122.06
0.266966824,123.52
0.274182144,124.98
0.281397463,126.45
0.288612783,127.85
0.295828102,129.26
0.303043422,130.6
0.310258741,131.9
0.317474061,133.19
0.32468938,134.43
0.3319047,135.66
0.33912002,136.79
0.346335339,137.91
0.353550659,138.98
0.360765978,140.05
0.367981298,140.94
0.375196617,141.9
0.382411937,142.86
0.389627257,143.7
0.396842576,144.65
0.404057896,145.5
0.411273215,146.45
0.418488535,147.3
0.425703854,148.31
0.432919174,149.26
0.440134494,150.33
0.447349813,151.29
0.454565133,152.24
0.461780452,153.14
0.468995772,154.04
0.476211091,154.83
0.483426411,155.56
0.490641731,156.23
0.49785705,156.91
0.50507237,157.47
0.512287689,157.97
0.519503009,158.54
0.526718328,159.04
0.533933648,159.66
0.541148967,160.28
0.548364287,160.95
0.555579607,161.74
0.562794926,162.64
0.570010246,163.54
0.577225565,164.44
0.584440885,165.45
0.591656204,166.35
0.598871524,167.25
0.606086844,168.15
0.613302163,169.04
0.620517483,169.94
0.627732802,170.9
0.634948122,171.8
0.642163441,172.81
0.649378761,173.88
0.656594081,174.95
0.6638094,176.01
0.67102472,177.03
0.678240039,178.09
0.685455359,179.1
0.692670678,180
0.699885998,180.9
0.707101318,181.8
0.714316637,182.7
0.721531957,183.54
0.728747276,184.44
0.735962596,185.4
0.743177915,186.3
0.750393235,187.2
0.757608554,188.04
0.764823874,188.94
0.772039194,189.73
0.779254513,190.46
0.786469833,191.24
0.793685152,191.97
0.800900472,192.76
0.808115791,193.55
0.815331111,194.39
0.822546431,195.29
0.82976175,196.19
0.83697707,197.2
0.844192389,198.21
0.851407709,199.28
0.858623028,200.29
0.865838348,201.3
0.873053668,202.32
0.880268987,203.27
0.887484307,204.17
0.894699626,205.01
0.901914946,205.91
0.909130265,206.75
0.916345585,207.6
0.923560905,208.44
0.930776224,209.34
0.937991544,210.24
0.945206863,211.08
0.952422183,211.98
0.959637502,212.88
0.966852822,213.78
0.974068141,214.62
0.981283461,215.47
0.988498781,216.37
0.9957141,217.15
1.00292942,217.94
1.010144739,218.73
1.017360059,219.57
1.024575378,220.3
1.031790698,221.14
1.039006018,221.87
1.046221337,222.6
1.053436657,223.39
1.060651976,224.18
1.067867296,224.91
1.075082615,225.69
1.082297935,226.54
1.089513255,227.32
1.096728574,228.17
1.103943894,229.01
1.111159213,229.85
1.118374533,230.75
1.125589852,231.65
1.132805172,232.49
1.140020492,233.34
1.147235811,234.12
1.154451131,234.91
1.16166645,235.7
1.16888177,236.43
1.176097089,237.1
1.183312409,237.78
1.190527728,238.45
1.197743048,239.13
1.204958368,239.86
1.212173687,240.59
1.219389007,241.37
1.226604326,242.22
1.233819646,243.06
1.241034965,243.96
1.248250285,244.86
1.255465605,245.76
1.262680924,246.66
1.269896244,247.5
1.277111563,248.34
1.284326883,249.13
1.291542202,249.92
1.298757522,250.7
1.305972842,251.49
1.313188161,252.33
1.320403481,253.18
1.3276188,254.02
1.33483412,254.92
1.342049439,255.82
1.349264759,256.72
1.356480079,257.5
1.363695398,258.29
1.370910718,259.02
1.378126037,259.75
1.385341357,260.43
1.392556676,261.1
1.399771996,261.83
1.406987315,262.67
1.414202635,263.57
1.421417955,264.47
1.428633274,265.48
1.435848594,266.44
1.443063913,267.45
1.450279233,268.46
1.457494552,269.42
1.464709872,270.32
1.471925192,271.22
1.479140511,272.23
1.486355831,273.18
1.49357115,274.14
1.50078647,275.09
1.508001789,276.11
1.515217109,277.12
1.522432429,278.07
1.529647748,279.03
1.536863068,279.87
1.544078387,280.77
1.551293707,281.56
1.558509026,282.4
1.565724346,283.19
1.572939665,284.09
1.580154985,284.99
1.587370305,285.88
1.594585624,286.9
1.601800944,287.91
1.609016263,288.98
1.616231583,289.99
1.623446902,291
1.630662222,292.07
1.637877542,293.08
1.645092861,294.03
1.652308181,295.05
1.6595235,296.06
1.66673882,297.07
1.673954139,298.08
1.681169459,299.15
1.688384779,300.22
1.695600098,301.28
1.702815418,302.41
1.710030737,303.48
1.717246057,304.6
1.724461376,305.67
1.731676696,306.68
1.738892016,307.69
1.746107335,308.7
1.753322655,309.66
1.760537974,310.56
1.767753294,311.51
1.774968613,312.35
1.782183933,313.31
1.789399252,314.27
1.796614572,315.28
1.803829892,316.34
1.811045211,317.41
1.818260531,318.59
1.82547585,319.83
1.83269117,321.12
1.839906489,322.3
1.847121809,323.54
1.854337129,324.72
1.861552448,325.84
1.868767768,326.85
1.875983087,327.92
1.883198407,328.93
1.890413726,329.95
1.897629046,330.9
1.904844366,332.02
1.912059685,333.04
1.919275005,334.22
1.926490324,335.34
1.933705644,336.46
1.940920963,337.64
1.948136283,338.82
1.955351603,340.06
1.962566922,341.24
1.969782242,342.48
1.976997561,343.71
1.984212881,344.95
1.9914282,346.19
1.99864352,347.42
2.005858839,348.6
2.013074159,349.73
2.020289479,350.85
2.027504798,351.98
2.034720118,353.04
2.041935437,354.17
2.049150757,355.24
2.056366076,356.36
2.063581396,357.54
2.070796716,358.72
2.078012035,359.96
2.085227355,361.19
2.092442674,362.37
2.099657994,363.67
2.106873313,364.9
2.114088633,366.14
2.121303953,367.43
2.128519272,368.67
2.135734592,369.9
2.142949911,371.14
2.150165231,372.43
2.15738055,373.67
2.16459587,374.91
2.17181119,376.09
2.179026509,377.27
2.186241829,378.39
2.193457148,379.46
2.200672468,380.58
2.207887787,381.71
2.215103107,382.83
2.222318426,384.01
2.229533746,385.13
2.236749066,386.31
2.243964385,387.49
2.251179705,388.56
2.258395024,389.63
2.265610344,390.64
2.272825663,391.6
2.280040983,392.55
2.287256303,393.56
2.294471622,394.58
2.301686942,395.7
2.308902261,396.82
2.316117581,398
2.3233329,399.18
2.33054822,400.36
2.33776354,401.54
2.344978859,402.67
2.352194179,403.79
2.359409498,404.86
2.366624818,405.98
2.373840137,407.11
2.381055457,408.29
2.388270777,409.41
2.395486096,410.65
2.402701416,411.83
2.409916735,413.07
2.417132055,414.25
2.424347374,415.37
2.431562694,416.55
2.438778013,417.67
2.445993333,418.85
2.453208653,420.03
2.460423972,421.27
2.467639292,422.51
2.474854611,423.8
2.482069931,425.09
2.48928525,426.44
2.49650057,427.62
2.50371589,428.91
2.510931209,430.09
2.518146529,431.22
2.525361848,432.45
2.532577168,433.58
2.539792487,434.87
2.547007807,435.99
2.554223127,437.23
2.561438446,438.41
2.568653766,439.48
2.575869085,440.49
2.583084405,441.45
2.590299724,442.35
2.597515044,443.19
2.604730364,444.03
2.611945683,444.93
2.619161003,445.89
2.626376322,446.9
2.633591642,448.02
2.640806961,449.2
2.648022281,450.44
2.6552376,451.79
2.66245292,453.08
2.66966824,454.43
2.676883559,455.72
2.684098879,456.96
2.691314198,458.14
2.698529518,459.32
2.705744837,460.33
2.712960157,461.4
2.720175477,462.46
2.727390796,463.48
2.734606116,464.54
2.741821435,465.61
2.749036755,466.74
2.756252074,467.86
2.763467394,469.04
2.770682714,470.22
2.777898033,471.4
2.785113353,472.58
2.792328672,473.7
2.799543992,474.83
2.806759311,475.95
2.813974631,477.02
2.821189951,478.14
2.82840527,479.27
2.83562059,480.39
2.842835909,481.57
2.850051229,482.75
2.857266548,483.88
2.864481868,484.94
2.871697187,486.01
2.878912507,487.02
2.886127827,487.92
2.893343146,488.82
2.900558466,489.61
2.907773785,490.51
2.914989105,491.35
2.922204424,492.25
2.929419744,493.21
2.936635064,494.22
2.943850383,495.23
2.951065703,496.3
2.958281022,497.42
2.965496342,498.55
2.972711661,499.67
2.979926981,500.79
2.987142301,501.86
2.99435762,502.99
3.00157294,504.05
3.008788259,505.23
3.016003579,506.3
3.023218898,507.48
3.030434218,508.61
3.037649537,509.79
3.044864857,510.97
3.052080177,512.2
3.059295496,513.38
3.066510816,514.62
3.073726135,515.85
3.080941455,517.09
3.088156774,518.27
3.095372094,519.45
3.102587414,520.58
3.109802733,521.81
3.117018053,522.94
3.124233372,524.12
3.131448692,525.24
3.138664011,526.42
3.145879331,527.54
3.153094651,528.67
3.16030997,529.74
3.16752529,530.75
3.174740609,531.76
3.181955929,532.83
3.189171248,533.9
3.196386568,534.91
3.203601888,535.97
3.210817207,537.04
3.218032527,538.17
3.225247846,539.23
3.232463166,540.3
3.239678485,541.43
3.246893805,542.38
3.254109124,543.39
3.261324444,544.4
3.268539764,545.42
3.275755083,546.37
3.282970403,547.38
3.290185722,548.34
3.297401042,549.35
3.304616361,550.31
3.311831681,551.32
3.319047001,552.33
3.32626232,553.4
3.33347764,554.41
3.340692959,555.53
3.347908279,556.54
3.355123598,557.61
3.362338918,558.74
3.369554238,559.8
3.376769557,560.81
3.383984877,561.88
3.391200196,562.84
3.398415516,563.85
3.405630835,564.86
3.412846155,565.82
3.420061475,566.72
3.427276794,567.67
3.434492114,568.57
3.441707433,569.41
3.448922753,570.31
3.456138072,571.21
3.463353392,572.05
3.470568711,573.01
3.477784031,573.97
3.484999351,575.09
3.49221467,576.21
3.49942999,577.39
3.506645309,578.63
3.513860629,579.87
3.521075948,581.1
3.528291268,582.28
3.535506588,583.41
3.542721907,584.48
3.549937227,585.43
3.557152546,586.39
3.564367866,587.34
3.571583185,588.18
3.578798505,589.08
3.586013825,589.93
3.593229144,590.77
3.600444464,591.56
3.607659783,592.4
3.614875103,593.24
3.622090422,593.97
3.629305742,594.82
3.636521062,595.6
3.643736381,596.39
3.650951701,597.23
3.65816702,598.02
3.66538234,598.92
3.672597659,599.82
3.679812979,600.72
3.687028298,601.62
3.694243618,602.63
3.701458938,603.64
3.708674257,604.71
3.715889577,605.77
3.723104896,606.84
3.730320216,607.97
3.737535535,609.09
3.744750855,610.16
3.751966175,611.17
3.759181494,612.13
3.766396814,613.08
3.773612133,613.98
3.780827453,614.99
3.788042772,615.89
3.795258092,616.85
3.802473412,617.69
3.809688731,618.64
3.816904051,619.49
3.82411937,620.33
3.83133469,621.12
3.838550009,621.9
3.845765329,622.58
3.852980649,623.25
3.860195968,623.98
3.867411288,624.71
3.874626607,625.56
3.881841927,626.4
3.889057246,627.19
3.896272566,628.03
3.903487885,628.82
3.910703205,629.66
3.917918525,630.33
3.925133844,631.01
3.932349164,631.63
3.939564483,632.25
3.946779803,632.86
3.953995122,633.48
3.961210442,634.21
3.968425762,634.94
3.975641081,635.73
3.982856401,636.46
3.99007172,637.3
3.99728704,638.09
4.004502359,638.88
4.011717679,639.61
4.018932999,640.28
4.026148318,640.9
4.033363638,641.52
4.040578957,642.08
4.047794277,642.64
4.055009596,643.15
4.062224916,643.71
4.069440236,644.33
4.076655555,645
4.083870875,645.62
4.091086194,646.35
4.098301514,647.03
4.105516833,647.7
4.112732153,648.37
4.119947472,649.05
4.127162792,649.78
4.134378112,650.45
4.141593431,651.18
4.148808751,651.92
4.15602407,652.59
4.16323939,653.32
4.170454709,654.05
4.177670029,654.73
4.184885349,655.34
4.192100668,655.96
4.199315988,656.52
4.206531307,657.03
4.213746627,657.54
4.220961946,658.04
4.228177266,658.49
4.235392586,658.94
4.242607905,659.39
4.249823225,659.73
4.257038544,660.12
4.264253864,660.57
4.271469183,660.91
4.278684503,661.41
4.285899823,661.81
4.293115142,662.37
4.300330462,662.93
4.307545781,663.49
4.314761101,664.17
4.32197642,664.78
4.32919174,665.4
4.336407059,666.02
4.343622379,666.58
4.350837699,667.03
4.358053018,667.48
4.365268338,667.93
4.372483657,668.21
4.379698977,668.49
4.386914296,668.83
4.394129616,669.17
4.401344936,669.56
4.408560255,669.96
4.415775575,670.46
4.422990894,670.97
4.430206214,671.53
4.437421533,672.09
4.444636853,672.65
4.451852173,673.16
4.459067492,673.66
4.466282812,674.17
4.473498131,674.62
4.480713451,675.13
4.48792877,675.58
4.49514409,676.02
4.502359409,676.59
4.509574729,677.09
4.516790049,677.65
4.524005368,678.16
4.531220688,678.72
4.538436007,679.34
4.545651327,679.9
4.552866646,680.46
4.560081966,681.08
4.567297286,681.7
4.574512605,682.26
4.581727925,682.88
4.588943244,683.44
4.596158564,684.01
4.603373883,684.57
4.610589203,685.13
4.617804523,685.75
4.625019842,686.31
4.632235162,686.98
4.639450481,687.6
4.646665801,688.22
4.65388112,688.84
4.66109644,689.51
4.66831176,690.07
4.675527079,690.75
4.682742399,691.26
4.689957718,691.87
4.697173038,692.55
4.704388357,693.17
4.711603677,693.9
4.718818996,694.51
4.726034316,695.25
4.733249636,695.92
4.740464955,696.59
4.747680275,697.16
4.754895594,697.66
4.762110914,698.11
4.769326233,698.5
4.776541553,699.01
4.783756873,699.35
4.790972192,699.8
4.798187512,700.3
4.805402831,700.81
4.812618151,701.37
4.81983347,702.05
4.82704879,702.72
4.83426411,703.45
4.841479429,704.12
4.848694749,704.97
4.855910068,705.7
4.863125388,706.54
4.870340707,707.27
4.877556027,708.06
4.884771347,708.85
4.891986666,709.58
4.899201986,710.36
4.906417305,711.09
4.913632625,711.82
4.920847944,712.55
4.928063264,713.23
4.935278583,714.02
4.942493903,714.69
4.949709223,715.42
4.956924542,716.21
4.964139862,716.94
4.971355181,717.73
4.978570501,718.46
4.98578582,719.3
4.99300114,720.14
5.00021646,720.98
5.007431779,721.83
5.014647099,722.67
5.021862418,723.63
5.029077738,724.47
5.036293057,725.26
5.043508377,726.04
5.050723697,726.89
5.057939016,727.56
5.065154336,728.35
5.072369655,729.02
5.079584975,729.75
5.086800294,730.48
5.094015614,731.33
5.101230934,732.17
5.108446253,733.18
5.115661573,734.19
5.122876892,735.26
5.130092212,736.33
5.137307531,737.45
5.144522851,738.52
5.15173817,739.53
5.15895349,740.6
5.16616881,741.67
5.173384129,742.62
5.180599449,743.63
5.187814768,744.7
5.195030088,745.66
5.202245407,746.67
5.209460727,747.74
5.216676047,748.75
5.223891366,749.82
5.231106686,750.83
5.238322005,751.89
5.245537325,752.96
5.252752644,753.97
5.259967964,754.93
5.267183284,755.83
5.274398603,756.67
5.281613923,757.57
5.288829242,758.36
5.296044562,759.2
5.303259881,759.93
5.310475201,760.83
5.317690521,761.73
5.32490584,762.69
5.33212116,763.75
5.339336479,764.82
5.346551799,765.94
5.353767118,767.01
5.360982438,768.08
5.368197757,769.09
5.375413077,770.16
5.382628397,771.12
5.389843716,772.13
5.397059036,773.19
5.404274355,774.21
5.411489675,775.33
5.418704994,776.4
5.425920314,777.58
5.433135634,778.65
5.440350953,779.77
5.447566273,780.89
5.454781592,781.96
5.461996912,783.03
5.469212231,784.04
5.476427551,785.05
5.483642871,786.12
5.49085819,787.13
5.49807351,788.2
5.505288829,789.27
5.512504149,790.45
5.519719468,791.57
5.526934788,792.81
5.534150108,793.99
5.541365427,795.17
5.548580747,796.29
5.555796066,797.47
5.563011386,798.54
5.570226705,799.66
5.577442025,800.73
5.584657344,801.74
5.591872664,802.81
5.599087984,803.99
5.606303303,805.06
5.613518623,806.24
5.620733942,807.36
5.627949262,808.54
5.635164581,809.67
5.642379901,810.79
5.649595221,811.92
5.65681054,812.98
5.66402586,814.05
5.671241179,815.12
5.678456499,816.19
5.685671818,817.26
5.692887138,818.32
5.700102458,819.39
5.707317777,820.4
5.714533097,821.47
5.721748416,822.54
5.728963736,823.61
5.736179055,824.67
5.743394375,825.74
5.750609695,826.87
5.757825014,827.93
5.765040334,829.06
5.772255653,830.18
5.779470973,831.25
5.786686292,832.26
5.793901612,833.27
5.801116931,834.28
5.808332251,835.35
5.815547571,836.36
5.82276289,837.43
5.82997821,838.44
5.837193529,839.51
5.844408849,840.63
5.851624168,841.65
5.858839488,842.77
5.866054808,843.78
5.873270127,844.85
5.880485447,845.97
5.887700766,846.99
5.894916086,848
5.902131405,849.06
5.909346725,850.13
5.916562045,851.14
5.923777364,852.16
5.930992684,853.17
5.938208003,854.29
5.945423323,855.3
5.952638642,856.37
5.959853962,857.38
5.967069281,858.39
5.974284601,859.46
5.981499921,860.47
5.98871524,861.48
5.99593056,862.55
6.003145879,863.62
6.010361199,864.74
6.017576518,865.92
6.024791838,867.1
6.032007158,868.29
6.039222477,869.47
6.046437797,870.7
6.053653116,871.88
6.060868436,873.01
6.068083755,874.13
6.075299075,875.25
6.082514395,876.32
6.089729714,877.39
6.096945034,878.46
6.104160353,879.47
6.111375673,880.59
6.118590992,881.6
6.125806312,882.62
6.133021632,883.63
6.140236951,884.64
6.147452271,885.65
6.15466759,886.66
6.16188291,887.73
6.169098229,888.74
6.176313549,889.81
6.183528868,890.88
6.190744188,891.95
6.197959508,893.01
6.205174827,894.02
6.212390147,895.09
6.219605466,896.1
6.226820786,897.12
6.234036105,898.07
6.241251425,899.08
6.248466745,900.04
6.255682064,900.99
6.262897384,901.89
6.270112703,902.85
6.277328023,903.8
6.284543342,904.76
6.291758662,905.77
6.298973982,906.78
6.306189301,907.85
6.313404621,908.86
6.32061994,909.99
6.32783526,911
6.335050579,912.01
6.342265899,913.02
6.349481219,913.98
6.356696538,914.87
6.363911858,915.77
6.371127177,916.67
6.378342497,917.57
6.385557816,918.53
6.392773136,919.43
6.399988455,920.44
6.407203775,921.34
6.414419095,922.29
6.421634414,923.25
6.428849734,924.2
6.436065053,925.05
6.443280373,925.89
6.450495692,926.73
6.457711012,927.52
6.464926332,928.31
6.472141651,929.15
6.479356971,929.99
6.48657229,930.84
6.49378761,931.79
6.501002929,932.69
6.508218249,933.59
6.515433569,934.43
6.522648888,935.28
6.529864208,936.12
6.537079527,936.79
6.544294847,937.52
6.551510166,938.14
6.558725486,938.82
6.565940806,939.43
6.573156125,940.11
6.580371445,940.84
6.587586764,941.57
6.594802084,942.41
6.602017403,943.2
6.609232723,944.1
6.616448042,944.94
6.623663362,945.84
6.630878682,946.74
6.638094001,947.64
6.645309321,948.48
6.65252464,949.33
6.65973996,950.22
6.666955279,951.01
6.674170599,951.85
6.681385919,952.64
6.688601238,953.43
6.695816558,954.21
6.703031877,955
6.710247197,955.79
6.717462516,956.58
6.724677836,957.31
6.731893156,958.09
6.739108475,958.82
6.746323795,959.55
6.753539114,960.34
6.760754434,961.07
6.767969753,961.75
6.775185073,962.48
6.782400393,963.21
6.789615712,963.94
6.796831032,964.67
6.804046351,965.4
6.811261671,966.07
6.81847699,966.75
6.82569231,967.48
6.832907629,968.21
6.840122949,968.88
6.847338269,969.67
6.854553588,970.4
6.861768908,971.24
6.868984227,972.09
6.876199547,972.87
6.883414866,973.77
6.890630186,974.56
6.897845506,975.35
6.905060825,976.08
6.912276145,976.69
6.919491464,977.26
6.926706784,977.76
6.933922103,978.21
6.941137423,978.66
6.948352743,979.06
6.955568062,979.56
6.962783382,980.07
6.969998701,980.69
6.977214021,981.36
6.98442934,982.09
6.99164466,982.88
6.99885998,983.61
7.006075299,984.28
7.013290619,984.9
7.020505938,985.52
7.027721258,986.08
7.034936577,986.59
7.042151897,987.09
7.049367216,987.49
7.056582536,987.99
7.063797856,988.55
7.071013175,989.12
7.078228495,989.68
7.085443814,990.3
7.092659134,990.91
7.099874453,991.48
7.107089773,992.09
7.114305093,992.6
7.121520412,993.11
7.128735732,993.61
7.135951051,994.12
7.143166371,994.62
7.15038169,995.13
7.15759701,995.69
7.16481233,996.25
7.172027649,996.76
7.179242969,997.38
7.186458288,997.94
7.193673608,998.5
7.200888927,999.12
7.208104247,999.74
7.215319567,1000.36
7.222534886,1000.97
7.229750206,1001.59
7.236965525,1002.27
7.244180845,1003
7.251396164,1003.78
7.258611484,1004.51
7.265826803,1005.36
7.273042123,1006.14
7.280257443,1006.99
7.287472762,1007.66
7.294688082,1008.39
7.301903401,1009.12
7.309118721,1009.68
7.31633404,1010.3
7.32354936,1010.86
7.33076468,1011.37
7.337979999,1011.93
7.345195319,1012.44
7.352410638,1013.06
7.359625958,1013.62
7.366841277,1014.29
7.374056597,1014.97
7.381271917,1015.7
7.388487236,1016.54
7.395702556,1017.38
7.402917875,1018.23
7.410133195,1019.13
7.417348514,1020.08
7.424563834,1021.09
7.431779153,1022.16
7.438994473,1023.17
7.446209793,1024.24
7.453425112,1025.36
7.460640432,1026.49
7.467855751,1027.56
7.475071071,1028.68
7.48228639,1029.75
7.48950171,1030.76
7.49671703,1031.83
7.503932349,1032.84
7.511147669,1033.85
7.518362988,1034.86
7.525578308,1035.93
7.532793627,1037
7.540008947,1038.18
7.547224267,1039.41
7.554439586,1040.65
7.561654906,1041.94
7.568870225,1043.29
7.576085545,1044.7
7.583300864,1046.05
7.590516184,1047.51
7.597731504,1048.97
7.604946823,1050.32
7.612162143,1051.72
7.619377462,1053.13
7.626592782,1054.48
7.633808101,1055.88
7.641023421,1057.34
7.64823874,1058.8
7.65545406,1060.32
7.66266938,1061.84
7.669884699,1063.52
7.677100019,1065.15
7.684315338,1066.9
7.691530658,1068.64
7.698745977,1070.38
7.705961297,1072.18
7.713176617,1074.03
7.720391936,1075.89
7.727607256,1077.85
7.734822575,1079.88
7.742037895,1081.9
7.749253214,1083.98
7.756468534,1086.06
7.763683854,1088.08
7.770899173,1090.16
7.778114493,1092.19
7.785329812,1094.27
7.792545132,1096.34
7.799760451,1098.48
7.806975771,1100.67
7.814191091,1102.81
7.82140641,1105.11
7.82862173,1107.36
7.835837049,1109.78
7.843052369,1112.14
7.850267688,1114.67
7.857483008,1117.14
7.864698327,1119.72
7.871913647,1122.37
7.879128967,1125.06
7.886344286,1127.87
7.893559606,1130.74
7.900774925,1133.61
7.907990245,1136.58
7.915205564,1139.56
7.922420884,1142.54
7.929636204,1145.63
7.936851523,1148.67
7.944066843,1151.76
7.951282162,1154.91
7.958497482,1158.05
7.965712801,1161.31
7.972928121,1164.63
7.980143441,1168.11
7.98735876,1171.65
7.99457408,1175.31
8.001789399,1179.01
8.009004719,1182.89
8.016220038,1186.83
8.023435358,1190.76
8.030650678,1194.86
8.037865997,1198.97
8.045081317,1203.07
8.052296636,1207.28
8.059511956,1211.55
8.066727275,1215.88
8.073942595,1220.27
8.081157914,1224.71
8.088373234,1229.26
8.095588554,1233.87
8.102803873,1238.59
8.110019193,1243.31
8.117234512,1248.14
8.124449832,1252.97
8.131665151,1257.81
8.138880471,1262.81
8.146095791,1267.81
8.15331111,1272.81
8.16052643,1277.98
8.167741749,1283.27
8.174957069,1288.6
8.182172388,1294.11
8.189387708,1299.79
8.196603028,1305.58
8.203818347,1311.59
8.211033667,1317.72
8.218248986,1323.95
8.225464306,1330.36
8.232679625,1336.88
8.239894945,1343.57
8.247110265,1350.37
8.254325584,1357.28
8.261540904,1364.42
8.268756223,1371.67
8.275971543,1379.14
8.283186862,1386.73
8.290402182,1394.43
8.297617501,1402.24
8.304832821,1410.17
8.312048141,1418.09
8.31926346,1426.18
8.32647878,1434.28
8.333694099,1442.54
8.340909419,1450.91
8.348124738,1459.51
8.355340058,1468.28
8.362555378,1477.27
8.369770697,1486.49
8.376986017,1495.87
8.384201336,1505.48
8.391416656,1515.26
8.398631975,1525.15
8.405847295,1535.15
8.413062615,1545.27
8.420277934,1555.5
8.427493254,1565.95
8.434708573,1576.46
8.441923893,1587.2
8.449139212,1598.04
8.456354532,1609.17
8.463569852,1620.41
8.470785171,1631.87
8.478000491,1643.56
8.48521581,1655.37
8.49243113,1667.45
8.499646449,1679.64
8.506861769,1692.12
8.514077088,1704.71
8.521292408,1717.58
8.528507728,1730.62
8.535723047,1743.77
8.542938367,1757.26
8.550153686,1770.91
8.557369006,1784.85
8.564584325,1799.01
8.571799645,1813.46
8.579014965,1828.12
8.586230284,1843.13
8.593445604,1858.42
8.600660923,1873.87
8.607876243,1889.66
8.615091562,1905.68
8.622306882,1921.98
8.629522202,1938.45
8.636737521,1955.19
8.643952841,1972.17
8.65116816,1989.36
8.65838348,2006.84
8.665598799,2024.54
8.672814119,2042.47
8.680029439,2060.79
8.687244758,2079.34
8.694460078,2098.28
8.701675397,2117.55
8.708890717,2137.11
8.716106036,2157.12
8.723321356,2177.41
8.730536675,2198.03
8.737751995,2219.05
8.744967315,2240.35
8.752182634,2262.05
8.759397954,2284.02
8.766613273,2306.33
8.773828593,2328.98
8.781043912,2351.91
8.788259232,2375.23
8.795474552,2398.95
8.802689871,2423
8.809905191,2447.51
8.81712051,2472.46
8.82433583,2497.8
8.831551149,2523.6
8.838766469,2549.85
8.845981789,2576.48
8.853197108,2603.46
8.860412428,2630.83
8.867627747,2658.7
8.874843067,2686.97
8.882058386,2715.69
8.889273706,2744.97
8.896489025,2774.76
8.903704345,2805.11
8.910919665,2836.07
8.918134984,2867.6
8.925350304,2899.75
8.932565623,2932.57
8.939780943,2965.95
8.946996262,2999.95
8.954211582,3034.51
8.961426902,3069.75
8.968642221,3105.66
8.975857541,3142.19
8.98307286,3179.4
8.99028818,3217.28
8.997503499,3255.83
9.004718819,3295.11
9.011934139,3335.02
9.019149458,3375.7
9.026364778,3417.07
9.033580097,3459.11
9.040795417,3501.82
9.048010736,3545.26
9.055226056,3589.43
9.062441376,3634.34
9.069656695,3680.03
9.076872015,3726.5
9.084087334,3773.66
9.091302654,3821.65
9.098517973,3870.49
9.105733293,3920.17
9.112948612,3970.64
9.120163932,4022.12
9.127379252,4074.44
9.134594571,4127.77
9.141809891,4182.06
9.14902521,4237.36
9.15624053,4293.68
9.163455849,4350.94
9.170671169,4409.17
9.177886489,4468.4
9.185101808,4528.59
9.192317128,4589.74
9.199532447,4651.89
9.206747767,4715.01
9.213963086,4779.02
9.221178406,4844.04
9.228393726,4910.13
9.235609045,4977.24
9.242824365,5045.46
9.250039684,5114.76
9.257255004,5185.29
9.264470323,5257
9.271685643,5329.89
9.278900963,5404.07
9.286116282,5479.55
9.293331602,5556.32
9.300546921,5634.33
9.307762241,5713.62
9.31497756,5794.16
9.32219288,5876.04
9.329408199,5959.11
9.336623519,6043.46
9.343838839,6129
9.351054158,6215.88
9.358269478,6304.01
9.365484797,6393.36
9.372700117,6484.01
9.379915436,6576.07
9.387130756,6669.42
9.394346076,6764.28
9.401561395,6860.5
9.408776715,6958.23
9.415992034,7057.48
9.423207354,7158.19
9.430422673,7260.36
9.437637993,7363.94
9.444853313,7469.03
9.452068632,7575.53
9.459283952,7683.43
9.466499271,7792.86
9.473714591,7903.74
9.48092991,8016.19
9.48814523,8130.11
9.49536055,8245.72
9.502575869,8362.95
9.509791189,8481.92
9.517006508,8602.64
9.524221828,8725.05
9.531437147,8849.25
9.538652467,8975.19
9.545867786,9102.88
9.553083106,9232.25
9.560298426,9363.2
9.567513745,9495.6
9.574729065,9629.58
9.581944384,9764.97
9.589159704,9901.82
9.596375023,10040.07
9.603590343,10179.84
9.610805663,10321.24
9.618020982,10464.1
9.625236302,10608.76
9.632451621,10754.93
9.639666941,10902.85
9.64688226,11052.34
9.65409758,11203.41
9.6613129,11356.05
9.668528219,11510.09
9.675743539,11665.54
9.682958858,11822.45
9.690174178,11980.82
9.697389497,12140.6
9.704604817,12301.95
9.711820137,12464.76
9.719035456,12629.15
9.726250776,12794.99
9.733466095,12962.41
9.740681415,13131.41
9.747896734,13301.86
9.755112054,13473.78
9.762327373,13647.1
9.769542693,13821.88
9.776758013,13997.9
9.783973332,14175.26
9.791188652,14353.81
9.798403971,14533.6
9.805619291,14714.39
9.81283461,14896.31
9.82004993,15079.3
9.82726525,15263.24
9.834480569,15448.25
9.841695889,15634.33
9.848911208,15821.36
9.856126528,16009.41
9.863341847,16198.35
9.870557167,16388.2
9.877772487,16578.88
9.884987806,16770.3
9.892203126,16962.39
9.899418445,17155.21
9.906633765,17348.6
9.913849084,17542.49
9.921064404,17736.94
9.928279724,17931.73
9.935495043,18126.86
9.942710363,18322.26
9.949925682,18517.9
9.957141002,18713.7
9.964356321,18909.67
9.971571641,19105.75
9.97878696,19301.94
9.98600228,19498.3
9.9932176,19694.72
10.00043292,19891.25
10.00764824,20087.84
10.01486356,20284.37
10.02207888,20480.68
10.0292942,20676.82
10.03650952,20872.51
10.04372484,21067.75
10.05094016,21262.37
10.05815548,21456.09
10.0653708,21649.08
10.07258611,21841.11
10.07980143,22032.19
10.08701675,22222.21
10.09423207,22411.15
10.10144739,22599.03
10.10866271,22785.67
10.11587803,22971.07
10.12309335,23155.24
10.13030867,23337.83
10.13752399,23518.91
10.14473931,23698.24
10.15195463,23875.89
10.15916995,24051.57
10.16638527,24225.51
10.17360059,24397.48
10.18081591,24567.54
10.18803123,24735.75
10.19524655,24901.93
10.20246187,25066.21
10.20967719,25228.34
10.21689251,25388.18
10.22410783,25545.82
10.23132315,25700.93
10.23853846,25853.4
10.24575378,26003.12
10.2529691,26149.97
10.26018442,26293.84
10.26739974,26434.73
10.27461506,26572.54
10.28183038,26707.08
10.2890457,26838.42
10.29626102,26966.5
10.30347634,27091.15
10.31069166,27212.43
10.31790698,27330.22
10.3251223,27444.53
10.33233762,27555.3
10.33955294,27662.48
10.34676826,27766.05
10.35398358,27865.87
10.3611989,27962.02
10.36841422,28054.36
10.37562954,28142.88
10.38284486,28227.46
10.39006018,28308.05
10.3972755,28384.59
10.40449081,28456.98
10.41170613,28525.15
10.41892145,28589.1
10.42613677,28648.79
10.43335209,28704.09
10.44056741,28755.06
10.44778273,28801.6
10.45499805,28843.8
10.46221337,28881.62
10.46942869,28915.01
10.47664401,28943.95
10.48385933,28968.34
10.49107465,28988.18
10.49828997,29003.35
10.50550529,29013.86
10.51272061,29019.6
10.51993593,29020.55
10.52715125,29016.84
10.53436657,29008.36
10.54158189,28995.26
10.54879721,28977.56
10.55601253,28955.25
10.56322785,28928.38
10.57044316,28896.97
10.57765848,28861.11
10.5848738,28820.7
10.59208912,28775.74
10.59930444,28726.29
10.60651976,28672.28
10.61373508,28613.78
10.6209504,28550.78
10.62816572,28483.39
10.63538104,28411.68
10.64259636,28335.59
10.64981168,28255.16
10.657027,28170.58
10.66424232,28081.73
10.67145764,27988.78
10.67867296,27891.77
10.68588828,27790.73
10.6931036,27685.8
10.70031892,27576.94
10.70753424,27464.26
10.71474956,27347.81
10.72196488,27227.55
10.7291802,27103.57
10.73639551,26975.94
10.74361083,26844.66
10.75082615,26709.83
10.75804147,26571.47
10.76525679,26429.67
10.77247211,26284.57
10.77968743,26136.25
10.78690275,25984.68
10.79411807,25830.08
10.80133339,25672.49
10.80854871,25512.1
10.81576403,25349.01
10.82297935,25183.33
10.83019467,25015.23
10.83740999,24844.83
10.84462531,24672.19
10.85184063,24497.35
10.85905595,24320.43
10.86627127,24141.32
10.87348659,23960.13
10.88070191,23776.87
10.88791723,23591.52
10.89513255,23404.26
10.90234786,23215.03
10.90956318,23024.18
10.9167785,22831.69
10.92399382,22637.69
10.93120914,22442.4
10.93842446,22245.81
10.94563978,22048.15
10.9528551,21849.32
10.96007042,21649.47
10.96728574,21448.61
10.97450106,21246.8
10.98171638,21044.09
10.9889317,20840.58
10.99614702,20636.47
11.00336234,20431.84
11.01057766,20226.82
11.01779298,20021.64
11.0250083,19816.4
11.03222362,19611.21
11.03943894,19406.25
11.04665426,19201.34
11.05386958,18996.72
11.0610849,18792.26
11.06830022,18588.03
11.07551553,18383.91
11.08273085,18180.08
11.08994617,17976.52
11.09716149,17773.3
11.10437681,17570.64
11.11159213,17368.49
11.11880745,17166.96
11.12602277,16966.1
11.13323809,16766.08
11.14045341,16566.8
11.14766873,16368.53
11.15488405,16171.21
11.16209937,15974.96
11.16931469,15779.77
11.17653001,15585.83
11.18374533,15393.06
11.19096065,15201.42
11.19817597,15011.07
11.20539129,14821.9
11.21260661,14633.97
11.21982193,14447.33
11.22703725,14262.09
11.23425257,14078.32
11.24146788,13896.06
11.2486832,13715.49
11.25589852,13536.61
11.26311384,13359.47
11.27032916,13184.07
11.27754448,13010.41
11.2847598,12838.55
11.29197512,12668.43
11.29919044,12500.06
11.30640576,12333.42
11.31362108,12168.59
11.3208364,12005.38
11.32805172,11843.98
11.33526704,11684.26
11.34248236,11526.28
11.34969768,11369.99
11.356913,11215.44
11.36412832,11062.74
11.37134364,10911.9
11.37855896,10763.03
11.38577428,10616.01
11.3929896,10471.07
11.40020492,10328.04
11.40742023,10186.92
11.41463555,10047.66
11.42185087,9910.25
11.42906619,9774.47
11.43628151,9640.49
11.44349683,9508.14
11.45071215,9377.47
11.45792747,9248.55
11.46514279,9121.48
11.47235811,8996.27
11.47957343,8872.96
11.48678875,8751.63
11.49400407,8632.26
11.50121939,8514.97
11.50843471,8399.59
11.51565003,8286.24
11.52286535,8174.85
11.53008067,8065.31
11.53729599,7957.63
11.54451131,7851.81
11.55172663,7747.67
11.55894195,7645.33
11.56615727,7544.73
11.57337258,7445.71
11.5805879,7348.48
11.58780322,7252.94
11.59501854,7159.03
11.60223386,7066.92
11.60944918,6976.44
11.6166645,6887.75
11.62387982,6800.7
11.63109514,6715.28
11.63831046,6631.48
11.64552578,6549.21
11.6527411,6468.5
11.65995642,6389.26
11.66717174,6311.42
11.67438706,6235.05
11.68160238,6160.08
11.6888177,6086.51
11.69603302,6014.46
11.70324834,5943.88
11.71046366,5874.64
11.71767898,5807.03
11.7248943,5740.77
11.73210962,5675.91
11.73932493,5612.46
11.74654025,5550.36
11.75375557,5489.55
11.76097089,5430.1
11.76818621,5371.82
11.77540153,5314.77
11.78261685,5258.91
11.78983217,5204.23
11.79704749,5150.73
11.80426281,5098.35
11.81147813,5047.04
11.81869345,4996.79
11.82590877,4947.62
11.83312409,4899.45
11.84033941,4852.3
11.84755473,4806.05
11.85477005,4760.7
11.86198537,4716.24
11.86920069,4672.58
11.87641601,4629.58
11.88363133,4587.21
11.89084665,4545.45
11.89806197,4504.26
11.90527728,4463.46
11.9124926,4423.05
11.91970792,4383.09
11.92692324,4343.36
11.93413856,4303.79
11.94135388,4264.51
11.9485692,4225.22
11.95578452,4185.83
11.96299984,4146.37
11.97021516,4106.64
11.97743048,4066.46
11.9846458,4025.77
11.99186112,3984.41
11.99907644,3942.14
12.00629176,3898.81
12.01350708,3854.42
12.0207224,3808.73
12.02793772,3761.46
12.03515304,3712.62
12.04236836,3661.87
12.04958368,3608.99
12.056799,3553.8
12.06401432,3495.86
12.07122963,3435.05
12.07844495,3370.98
12.08566027,3303.37
12.09287559,3231.89
12.10009091,3156.24
12.10730623,3075.99
12.11452155,2990.73
12.12173687,2900.14
12.12895219,2803.59
12.13616751,2700.69
12.14338283,2590.82
12.15059815,2473.53
12.15781347,2348.26
12.16502879,2214.44
12.17224411,2071.64
12.17945943,1919.45
12.18667475,1757.37
12.19389007,1584.84
12.20110539,1401.74
12.20832071,1207.51
12.21553603,1002.04
12.22275135,785
12.22996667,556.26
12.23718198,315.95
12.2443973,64.01
12.25161262,-199.22
12.25882794,-473.42
12.26604326,-758.08
12.27325858,-1052.51
12.2804739,-1355.99
12.28768922,-1667.67
12.29490454,-1986.5
12.30211986,-2311.22
12.30933518,-2640.72
12.3165505,-2973.54
12.32376582,-3308.21
12.33098114,-3643.16
12.33819646,-3976.76
12.34541178,-4307.28
12.3526271,-4632.95
12.35984242,-4952
12.36705774,-5262.68
12.37427306,-5563.06
12.38148838,-5851.54
12.3887037,-6126.3
12.39591902,-6385.83
12.40313433,-6628.67
12.41034965,-6853.42
12.41756497,-7058.88
12.42478029,-7244.01
12.43199561,-7408.05
12.43921093,-7550.3
12.44642625,-7670.23
12.45364157,-7767.62
12.46085689,-7842.31
12.46807221,-7894.3
12.47528753,-7923.97
12.48250285,-7931.61
12.48971817,-7917.84
12.49693349,-7883.34
12.50414881,-7828.88
12.51136413,-7755.37
12.51857945,-7663.76
12.52579477,-7555.24
12.53301009,-7430.87
12.54022541,-7291.89
12.54744073,-7139.59
12.55465605,-6975.26
12.56187137,-6800.25
12.56908668,-6615.8
12.576302,-6423.32
12.58351732,-6223.98
12.59073264,-6018.96
12.59794796,-5809.56
12.60516328,-5596.9
12.6123786,-5382.04
12.61959392,-5166.01
12.62680924,-4949.81
12.63402456,-4734.28
12.64123988,-4520.27
12.6484552,-4308.34
12.65567052,-4099.11
12.66288584,-3893.19
12.67010116,-3690.82
12.67731648,-3492.49
12.6845318,-3298.49
12.69174712,-3109.09
12.69896244,-2924.47
12.70617776,-2744.92
12.71339308,-2570.47
12.7206084,-2401.2
12.72782372,-2237.2
12.73503903,-2078.44
12.74225435,-1924.85
12.74946967,-1776.42
12.75668499,-1633.11
12.76390031,-1494.8
12.77111563,-1361.38
12.77833095,-1232.85
12.78554627,-1108.99
12.79276159,-989.73
12.79997691,-874.97
12.80719223,-764.48
12.81440755,-658.15
12.82162287,-555.81
12.82883819,-457.41
12.83605351,-362.77
12.84326883,-271.83
12.85048415,-184.5
12.85769947,-100.82
12.86491479,-20.51
12.87213011,56.36
12.87934543,129.93
12.88656075,200.35
12.89377607,267.68
12.90099138,332.02
12.9082067,393.4
12.91542202,452.01
12.92263734,507.87
12.92985266,561.04
12.93706798,611.62
12.9442833,659.67
12.95149862,705.19
12.95871394,748.35
12.96592926,789.16
12.97314458,827.48
12.9803599,863.56
12.98757522,897.34
12.99479054,928.76
13.00200586,957.98
13.00922118,984.9
13.0164365,1009.57
13.02365182,1031.94
13.03086714,1052.12
13.03808246,1069.93
13.04529778,1085.5
13.0525131,1098.82
13.05972842,1109.72
13.06694373,1118.26
13.07415905,1124.44
13.08137437,1128.21
13.08858969,1129.56
13.09580501,1128.38
13.10302033,1124.61
13.11023565,1118.26
13.11745097,1109.21
13.12466629,1097.36
13.13188161,1082.8
13.13909693,1065.38
13.14631225,1045.15
13.15352757,1022.1
13.16074289,996.25
13.16795821,967.59
13.17517353,936.23
13.18238885,902.23
13.18960417,865.7
13.19681949,826.81
13.20403481,785.61
13.21125013,742.4
13.21846545,697.32
13.22568077,650.68
13.23289608,602.74
13.2401114,553.79
13.24732672,504.17
13.25454204,454.2
13.26175736,404.13
13.26897268,354.34
13.276188,305.22
13.28340332,257.11
13.29061864,210.46
13.29783396,165.56
13.30504928,122.85
13.3122646,82.72
13.31947992,45.46
13.32669524,11.35
13.33391056,-19.22
13.34112588,-46.14
13.3483412,-69.23
13.35555652,-88.34
13.36277184,-103.35
13.36998716,-114.14
13.37720248,-120.83
13.3844178,-123.3
13.39163312,-121.61
13.39884843,-115.77
13.40606375,-105.93
13.41327907,-92.16
13.42049439,-74.68
13.42770971,-53.61
13.43492503,-29.28
13.44214035,-1.85
13.44935567,28.43
13.45657099,61.25
13.46378631,96.32
13.47100163,133.36
13.47821695,172.14
13.48543227,212.37
13.49264759,253.85
13.49986291,296.28
13.50707823,339.39
13.51429355,383
13.52150887,427
13.52872419,471.06
13.53593951,515.07
13.54315483,558.9
13.55037015,602.4
13.55758547,645.45
13.56480079,687.94
13.5720161,729.7
13.57923142,770.78
13.58644674,810.96
13.59366206,850.19
13.60087738,888.46
13.6080927,925.72
13.61530802,961.97
13.62252334,997.04
13.62973866,1031.1
13.63695398,1063.97
13.6441693,1095.78
13.65138462,1126.47
13.65859994,1156.03
13.66581526,1184.52
13.67303058,1212.06
13.6802459,1238.59
13.68746122,1264.16
13.69467654,1288.83
13.70189186,1312.71
13.70910718,1335.7
13.7163225,1357.9
13.72353782,1379.26
13.73075314,1399.88
13.73796845,1419.66
13.74518377,1438.77
13.75239909,1457.04
13.75961441,1474.63
13.76682973,1491.49
13.77404505,1507.62
13.78126037,1523.18
13.78847569,1538.13
13.79569101,1552.46
13.80290633,1566.18
13.81012165,1579.33
13.81733697,1591.86
13.82455229,1603.83
13.83176761,1615.3
13.83898293,1626.25
13.84619825,1636.82
13.85341357,1646.82
13.86062889,1656.43
13.86784421,1665.65
13.87505953,1674.42
13.88227485,1682.79
13.88949017,1690.83
13.89670549,1698.47
13.9039208,1705.72
13.91113612,1712.58
13.91835144,1719.1
13.92556676,1725.28
13.93278208,1731.12
13.9399974,1736.63
13.94721272,1741.75
13.95442804,1746.63
13.96164336,1751.13
13.96885868,1755.4
13.976074,1759.22
13.98328932,1762.82
13.99050464,1766.14
13.99771996,1769.17
14.00493528,1771.87
14.0121506,1774.34
14.01936592,1776.48
14.02658124,1778.28
14.03379656,1779.85
14.04101188,1781.03
14.0482272,1781.82
14.05544252,1782.15
14.06265784,1782.15
14.06987315,1781.65
14.07708847,1780.75
14.08430379,1779.4
14.09151911,1777.6
14.09873443,1775.35
14.10594975,1772.71
14.11316507,1769.51
14.12038039,1765.91
14.12759571,1761.7
14.13481103,1756.92
14.14202635,1751.41
14.14924167,1745.29
14.15645699,1738.43
14.16367231,1730.73
14.17088763,1722.13
14.17810295,1712.69
14.18531827,1702.12
14.19253359,1690.6
14.19974891,1677.96
14.20696423,1664.19
14.21417955,1649.24
14.22139487,1633.05
14.22861019,1615.52
14.2358255,1596.69
14.24304082,1576.46
14.25025614,1554.66
14.25747146,1531.39
14.26468678,1506.44
14.2719021,1479.74
14.27911742,1451.3
14.28633274,1420.84
14.29354806,1388.47
14.30076338,1354.08
14.3079787,1317.49
14.31519402,1278.66
14.32240934,1237.46
14.32962466,1193.8
14.33683998,1147.71
14.3440553,1098.99
14.35127062,1047.68
14.35848594,993.84
14.36570126,937.35
14.37291658,878.34
14.3801319,816.86
14.38734722,753.02
14.39456254,686.87
14.40177785,618.48
14.40899317,548.06
14.41620849,475.62
14.42342381,401.49
14.43063913,325.79
14.43785445,248.68
14.44506977,170.56
14.45228509,91.54
14.45950041,11.97
14.46671573,-67.83
14.47393105,-147.69
14.48114637,-227.1
14.48836169,-305.84
14.49557701,-383.45
14.50279233,-459.43
14.51000765,-533.61
14.51722297,-605.38
14.52443829,-674.51
14.53165361,-740.54
14.53886893,-803.26
14.54608425,-862.33
14.55329957,-917.4
14.56051489,-968.38
14.5677302,-1014.85
14.57494552,-1056.78
14.58216084,-1093.82
14.58937616,-1125.91
14.59659148,-1152.83
14.6038068,-1174.52
14.61102212,-1190.82
14.61823744,-1201.66
14.62545276,-1207.06
14.63266808,-1207.17
14.6398834,-1201.83
14.64709872,-1191.38
14.65431404,-1175.76
14.66152936,-1155.3
14.66874468,-1130.06
14.67596,-1100.33
14.68317532,-1066.39
14.69039064,-1028.46
14.69760596,-986.75
14.70482128,-941.68
14.7120366,-893.46
14.71925192,-842.38
14.72646724,-788.82
14.73368255,-732.96
14.74089787,-675.18
14.74811319,-615.72
14.75532851,-554.97
14.76254383,-493.21
14.76975915,-430.71
14.77697447,-367.82
14.78418979,-304.88
14.79140511,-242.16
14.79862043,-180
14.80583575,-118.52
14.81305107,-57.99
14.82026639,1.23
14.82748171,59.12
14.83469703,115.49
14.84191235,170.17
14.84912767,222.83
14.85634299,273.52
14.86355831,321.96
14.87077363,368.16
14.87798895,412
14.88520427,453.3
14.89241959,492.31
14.8996349,528.72
14.90685022,562.67
14.91406554,594.2
14.92128086,623.2
14.92849618,649.84
14.9357115,674.11
14.94292682,696.14
14.95014214,715.76
14.95735746,733.29
14.96457278,748.64
14.9717881,761.95
14.97900342,773.36
14.98621874,782.86
14.99343406,790.73
15.00064938,796.97
15.0078647,801.86
15.01508002,805.34
15.02229534,807.7
15.02951066,808.99
15.03672598,809.44
15.0439413,809.16
15.05115662,808.26
15.05837194,806.97
15.06558725,805.28
15.07280257,803.43
15.08001789,801.58
15.08723321,799.72
15.09444853,798.04
15.10166385,796.8
15.10887917,795.9
15.11609449,795.62
15.12330981,796.01
15.13052513,797.19
15.13774045,799.22
15.14495577,802.19
15.15217109,806.24
15.15938641,811.3
15.16660173,817.48
15.17381705,824.67
15.18103237,832.99
15.18824769,842.38
15.19546301,852.77
15.20267833,864.18
15.20989365,876.6
15.21710897,889.98
15.22432429,904.37
15.2315396,919.71
15.23875492,936.01
15.24597024,953.15
15.25318556,971.13
15.26040088,989.9
15.2676162,1009.35
15.27483152,1029.47
15.28204684,1050.15
15.28926216,1071.34
15.29647748,1092.8
15.3036928,1114.72
15.31090812,1136.81
15.31812344,1159.06
15.32533876,1181.32
15.33255408,1203.69
15.3397694,1226
15.34698472,1248.31
15.35420004,1270.51
15.36141536,1292.6
15.36863068,1314.57
15.375846,1336.49
15.38306132,1358.24
15.39027664,1379.82
15.39749195,1401.12
15.40470727,1422.14
15.41192259,1442.76
15.41913791,1462.99
15.42635323,1482.72
15.43356855,1502.05
15.44078387,1520.88
15.44799919,1539.2
15.45521451,1556.96
15.46242983,1574.21
15.46964515,1591.07
15.47686047,1607.43
15.48407579,1623.39
15.49129111,1638.79
15.49850643,1653.68
15.50572175,1668.07
15.51293707,1682
15.52015239,1695.38
15.52736771,1708.25
15.53458303,1720.56
15.54179835,1732.36
15.54901367,1743.77
15.55622899,1754.56
15.5634443,1765.01
15.57065962,1775.07
15.57787494,1784.74
15.58509026,1794.07
15.59230558,1803
15.5995209,1811.6
15.60673622,1819.75
15.61395154,1827.56
15.62116686,1835.04
15.62838218,1842.06
15.6355975,1848.86
15.64281282,1855.27
15.65002814,1861.34
15.65724346,1867.18
15.66445878,1872.8
15.6716741,1878.14
15.67888942,1883.26
15.68610474,1888.2
15.69332006,1892.92
15.70053538,1897.36
15.7077507,1901.69
15.71496602,1905.74
15.72218134,1909.61
15.72939665,1913.32
15.73661197,1916.86
15.74382729,1920.24
15.75104261,1923.44
15.75825793,1926.42
15.76547325,1929.34
15.77268857,1932.15
15.77990389,1934.79
15.78711921,1937.38
15.79433453,1939.85
15.80154985,1942.32
15.80876517,1944.68
15.81598049,1947.04
15.82319581,1949.29
15.83041113,1951.43
15.83762645,1953.56
15.84484177,1955.53
15.85205709,1957.44
15.85927241,1959.24
15.86648773,1960.93
15.87370305,1962.56
15.88091837,1964.07
15.88813369,1965.53
15.89534901,1967
15.90256432,1968.4
15.90977964,1969.75
15.91699496,1971.1
15.92421028,1972.45
15.9314256,1973.74
15.93864092,1975.14
15.94585624,1976.49
15.95307156,1977.79
15.96028688,1979.13
15.9675022,1980.43
15.97471752,1981.72
15.98193284,1982.96
15.98914816,1984.19
15.99636348,1985.37
16.0035788,1986.38
16.01079412,1987.4
16.01800944,1988.35
16.02522476,1989.31
16.03244008,1990.21
16.0396554,1990.99
16.04687072,1991.89
16.05408604,1992.68
16.06130136,1993.58
16.06851667,1994.42
16.07573199,1995.32
16.08294731,1996.28
16.09016263,1997.23
16.09737795,1998.19
16.10459327,1999.2
16.11180859,2000.1
16.11902391,2001.11
16.12623923,2002.12
16.13345455,2003.08
16.14066987,2004.03
16.14788519,2005.04
16.15510051,2006.05
16.16231583,2007.07
16.16953115,2008.02
16.17674647,2009.03
16.18396179,2009.93
16.19117711,2010.89
16.19839243,2011.73
16.20560775,2012.57
16.21282307,2013.42
16.22003839,2014.2
16.22725371,2014.99
16.23446902,2015.83
16.24168434,2016.62
16.24889966,2017.41
16.25611498,2018.25
16.2633303,2019.04
16.27054562,2019.82
16.27776094,2020.61
16.28497626,2021.34
16.29219158,2022.13
16.2994069,2022.91
16.30662222,2023.7
16.31383754,2024.43
16.32105286,2025.27
16.32826818,2026.01
16.3354835,2026.79
16.34269882,2027.63
16.34991414,2028.42
16.35712946,2029.38
16.36434478,2030.22
16.3715601,2031.12
16.37877542,2032.02
16.38599074,2032.92
16.39320606,2033.82
16.40042137,2034.72
16.40763669,2035.5
16.41485201,2036.29
16.42206733,2037.08
16.42928265,2037.81
16.43649797,2038.54
16.44371329,2039.27
16.45092861,2040.06
16.45814393,2040.84
16.46535925,2041.63
16.47257457,2042.47
16.47978989,2043.31
16.48700521,2044.21
16.49422053,2045
16.50143585,2045.79
16.50865117,2046.57
16.51586649,2047.3
16.52308181,2048.09
16.53029713,2048.82
16.53751245,2049.61
16.54472777,2050.34
16.55194309,2051.07
16.55915841,2051.86
16.56637372,2052.64
16.57358904,2053.49
16.58080436,2054.27
16.58801968,2055.06
16.595235,2055.9
16.60245032,2056.63
16.60966564,2057.42
16.61688096,2058.21
16.62409628,2058.99
16.6313116,2059.73
16.63852692,2060.57
16.64574224,2061.41
16.65295756,2062.25
16.66017288,2063.21
16.6673882,2064.16
16.67460352,2065.18
16.68181884,2066.19
16.68903416,2067.2
16.69624948,2068.21
16.7034648,2069.22
16.71068012,2070.18
16.71789544,2071.08
16.72511076,2072.03
16.73232607,2072.93
16.73954139,2073.83
16.74675671,2074.67
16.75397203,2075.52
16.76118735,2076.36
16.76840267,2077.2
16.77561799,2077.99
16.78283331,2078.78
16.79004863,2079.62
16.79726395,2080.35
16.80447927,2081.14
16.81169459,2081.87
16.81890991,2082.6
16.82612523,2083.27
16.83334055,2084
16.84055587,2084.68
16.84777119,2085.46
16.85498651,2086.25
16.86220183,2087.09
16.86941715,2087.94
16.87663247,2088.78
16.88384779,2089.62
16.89106311,2090.41
16.89827842,2091.2
16.90549374,2092.04
16.91270906,2092.83
16.91992438,2093.61
16.9271397,2094.4
16.93435502,2095.13
16.94157034,2095.92
16.94878566,2096.59
16.95600098,2097.32
16.9632163,2097.94
16.97043162,2098.67
16.97764694,2099.29
16.98486226,2099.85
16.99207758,2100.53
16.9992929,2101.14
17.00650822,2101.82
17.01372354,2102.49
17.02093886,2103.22
17.02815418,2103.84
17.0353695,2104.57
17.04258482,2105.3
17.04980014,2106.03
17.05701546,2106.76
17.06423077,2107.44
17.07144609,2108.11
17.07866141,2108.79
17.08587673,2109.41
17.09309205,2110.02
17.10030737,2110.53
17.10752269,2111.15
17.11473801,2111.71
17.12195333,2112.33
17.12916865,2112.89
17.13638397,2113.51
17.14359929,2114.18
17.15081461,2114.8
17.15802993,2115.42
17.16524525,2116.04
17.17246057,2116.66
17.17967589,2117.33
17.18689121,2118
17.19410653,2118.68
17.20132185,2119.41
17.20853717,2120.08
17.21575249,2120.87
17.22296781,2121.55
17.23018312,2122.22
17.23739844,2122.95
17.24461376,2123.62
17.25182908,2124.36
17.2590444,2125.09
17.26625972,2125.82
17.27347504,2126.6
17.28069036,2127.39
17.28790568,2128.29
17.295121,2129.13
17.30233632,2129.98
17.30955164,2130.87
17.31676696,2131.72
17.32398228,2132.5
17.3311976,2133.35
17.33841292,2134.08
17.34562824,2134.81
17.35284356,2135.43
17.36005888,2136.04
17.3672742,2136.61
17.37448952,2137.11
17.38170484,2137.62
17.38892016,2138.07
17.39613547,2138.57
17.40335079,2139.08
17.41056611,2139.64
17.41778143,2140.2
17.42499675,2140.88
17.43221207,2141.61
17.43942739,2142.28
17.44664271,2142.9
17.45385803,2143.63
17.46107335,2144.19
17.46828867,2144.81
17.47550399,2145.32
17.48271931,2145.94
17.48993463,2146.39
17.49714995,2146.89
17.50436527,2147.34
17.51158059,2147.85
17.51879591,2148.24
17.52601123,2148.63
17.53322655,2149.08
17.54044187,2149.48
17.54765719,2149.87
17.55487251,2150.32
17.56208782,2150.66
17.56930314,2151.16
17.57651846,2151.61
17.58373378,2152.12
17.5909491,2152.68
17.59816442,2153.24
17.60537974,2153.8
17.61259506,2154.42
17.61981038,2154.98
17.6270257,2155.6
17.63424102,2156.16
17.64145634,2156.78
17.64867166,2157.29
17.65588698,2157.85
17.6631023,2158.36
17.67031762,2158.86
17.67753294,2159.26
17.68474826,2159.76
17.69196358,2160.21
17.6991789,2160.66
17.70639422,2161.22
17.71360954,2161.73
17.72082486,2162.29
17.72804017,2162.85
17.73525549,2163.36
17.74247081,2163.92
17.74968613,2164.48
17.75690145,2164.93
17.76411677,2165.27
17.77133209,2165.61
17.77854741,2166
17.78576273,2166.28
17.79297805,2166.51
17.80019337,2166.79
17.80740869,2167.12
17.81462401,2167.4
17.82183933,2167.74
17.82905465,2168.08
17.83626997,2168.42
17.84348529,2168.81
17.85070061,2169.2
17.85791593,2169.54
17.86513125,2169.93
17.87234657,2170.38
17.87956189,2170.89
17.88677721,2171.34
17.89399252,2171.84
17.90120784,2172.35
17.90842316,2172.86
17.91563848,2173.36
17.9228538,2173.81
17.93006912,2174.32
17.93728444,2174.77
17.94449976,2175.1
17.95171508,2175.5
17.9589304,2175.95
17.96614572,2176.28
17.97336104,2176.73
17.98057636,2177.18
17.98779168,2177.63
17.995007,2178.14
18.00222232,2178.64
18.00943764,2179.15
18.01665296,2179.77
18.02386828,2180.27
18.0310836,2180.84
