0,-1797.1
0.00721532,-1808.79
0.014430639,-1820.48
0.021645959,-1832
0.028861278,-1843.47
0.036076598,-1854.82
0.043291917,-1866.17
0.050507237,-1877.41
0.057722557,-1888.65
0.064937876,-1900
0.072153196,-1911.58
0.079368515,-1923.22
0.086583835,-1935.13
0.093799154,-1947.33
0.101014474,-1959.63
0.108229793,-1972.05
0.115445113,-1984.36
0.122660433,-1996.39
0.129875752,-2008.13
0.137091072,-2019.37
0.144306391,-2030.11
0.151521711,-2040.34
0.15873703,-2050.06
0.16595235,-2059.39
0.17316767,-2068.44
0.180382989,-2077.32
0.187598309,-2085.97
0.194813628,-2094.57
0.202028948,-2103
0.209244267,-2111.37
0.216459587,-2119.75
0.223674907,-2128.01
0.230890226,-2136.21
0.238105546,-2144.42
0.245320865,-2152.57
0.252536185,-2160.83
0.259751504,-2169.03
0.266966824,-2177.24
0.274182144,-2185.5
0.281397463,-2193.76
0.288612783,-2202.02
0.295828102,-2210.17
0.303043422,-2218.38
0.310258741,-2226.53
0.317474061,-2234.68
0.32468938,-2242.66
0.3319047,-2250.64
0.33912002,-2258.56
0.346335339,-2266.37
0.353550659,-2274.24
0.360765978,-2281.94
0.367981298,-2289.58
0.375196617,-2297.23
0.382411937,-2304.7
0.389627257,-2312.23
0.396842576,-2319.71
0.404057896,-2327.12
0.411273215,-2334.49
0.418488535,-2341.91
0.425703854,-2349.21
0.432919174,-2356.63
0.440134494,-2363.99
0.447349813,-2371.35
0.454565133,-2378.72
0.461780452,-2386.08
0.468995772,-2393.44
0.476211091,-2400.75
0.483426411,-2408.05
0.490641731,-2415.3
0.49785705,-2422.55
0.50507237,-2429.75
0.512287689,-2436.94
0.519503009,-2444.08
0.526718328,-2451.1
0.533933648,-2458.07
0.541148967,-2464.87
0.548364287,-2471.56
0.555579607,-2478.13
0.562794926,-2484.54
0.570010246,-2490.78
0.577225565,-2496.9
0.584440885,-2502.97
0.591656204,-2508.93
0.598871524,-2514.78
0.606086844,-2520.57
0.613302163,-2526.3
0.620517483,-2531.92
0.627732802,-2537.48
0.634948122,-2542.93
0.642163441,-2548.44
0.649378761,-2553.78
0.656594081,-2559.06
0.6638094,-2564.29
0.67102472,-2569.52
0.678240039,-2574.63
0.685455359,-2579.86
0.692670678,-2584.97
0.699885998,-2590.03
0.707101318,-2595.09
0.714316637,-2600.09
0.721531957,-2605.09
0.728747276,-2610.04
0.735962596,-2614.81
0.743177915,-2619.59
0.750393235,-2624.25
0.757608554,-2628.81
0.764823874,-2633.36
0.772039194,-2637.8
0.779254513,-2642.18
0.786469833,-2646.57
0.793685152,-2650.84
0.800900472,-2655.05
0.808115791,-2659.27
0.815331111,-2663.37
0.822546431,-2667.47
0.82976175,-2671.46
0.83697707,-2675.45
0.844192389,-2679.44
0.851407709,-2683.38
0.858623028,-2687.25
0.865838348,-2691.19
0.873053668,-2694.95
0.880268987,-2698.66
0.887484307,-2702.37
0.894699626,-2705.97
0.901914946,-2709.45
0.909130265,-2712.99
0.916345585,-2716.37
0.923560905,-2719.85
0.930776224,-2723.28
0.937991544,-2726.71
0.945206863,-2730.13
0.952422183,-2733.56
0.959637502,-2736.99
0.966852822,-2740.36
0.974068141,-2743.62
0.981283461,-2746.88
0.988498781,-2749.97
0.9957141,-2753.06
1.00292942,-2756.1
1.010144739,-2759.13
1.017360059,-2762.06
1.024575378,-2764.98
1.031790698,-2767.96
1.039006018,-2770.88
1.046221337,-2773.69
1.053436657,-2776.5
1.060651976,-2779.31
1.067867296,-2782.01
1.075082615,-2784.71
1.082297935,-2787.29
1.089513255,-2789.76
1.096728574,-2792.29
1.103943894,-2794.82
1.111159213,-2797.24
1.118374533,-2799.6
1.125589852,-2801.96
1.132805172,-2804.26
1.140020492,-2806.62
1.147235811,-2808.93
1.154451131,-2811.18
1.16166645,-2813.42
1.16888177,-2815.62
1.176097089,-2817.86
1.183312409,-2820
1.190527728,-2822.13
1.197743048,-2824.27
1.204958368,-2826.41
1.212173687,-2828.54
1.219389007,-2830.68
1.226604326,-2832.76
1.233819646,-2834.84
1.241034965,-2836.86
1.248250285,-2838.88
1.255465605,-2840.79
1.262680924,-2842.76
1.269896244,-2844.61
1.277111563,-2846.41
1.284326883,-2848.21
1.291542202,-2850.01
1.298757522,-2851.75
1.305972842,-2853.49
1.313188161,-2855.12
1.320403481,-2856.81
1.3276188,-2858.44
1.33483412,-2860.01
1.342049439,-2861.59
1.349264759,-2863.1
1.356480079,-2864.62
1.363695398,-2866.08
1.370910718,-2867.54
1.378126037,-2869.01
1.385341357,-2870.52
1.392556676,-2871.98
1.399771996,-2873.44
1.406987315,-2874.85
1.414202635,-2876.25
1.421417955,-2877.6
1.428633274,-2878.9
1.435848594,-2880.19
1.443063913,-2881.37
1.450279233,-2882.55
1.457494552,-2883.73
1.464709872,-2884.8
1.471925192,-2885.87
1.479140511,-2886.99
1.486355831,-2888.06
1.49357115,-2889.12
1.50078647,-2890.19
1.508001789,-2891.26
1.515217109,-2892.38
1.522432429,-2893.45
1.529647748,-2894.58
1.536863068,-2895.7
1.544078387,-2896.77
1.551293707,-2897.89
1.558509026,-2898.96
1.565724346,-2899.92
1.572939665,-2900.87
1.580154985,-2901.77
1.587370305,-2902.67
1.594585624,-2903.46
1.601800944,-2904.24
1.609016263,-2905.03
1.616231583,-2905.82
1.623446902,-2906.6
1.630662222,-2907.28
1.637877542,-2908.06
1.645092861,-2908.79
1.652308181,-2909.47
1.6595235,-2910.2
1.66673882,-2910.93
1.673954139,-2911.55
1.681169459,-2912.22
1.688384779,-2912.84
1.695600098,-2913.4
1.702815418,-2913.91
1.710030737,-2914.36
1.717246057,-2914.86
1.724461376,-2915.26
1.731676696,-2915.65
1.738892016,-2916.04
1.746107335,-2916.44
1.753322655,-2916.89
1.760537974,-2917.34
1.767753294,-2917.84
1.774968613,-2918.35
1.782183933,-2918.8
1.789399252,-2919.36
1.796614572,-2919.81
1.803829892,-2920.32
1.811045211,-2920.71
1.818260531,-2921.1
1.82547585,-2921.38
1.83269117,-2921.66
1.839906489,-2921.95
1.847121809,-2922.17
1.854337129,-2922.4
1.861552448,-2922.56
1.868767768,-2922.84
1.875983087,-2923.07
1.883198407,-2923.29
1.890413726,-2923.52
1.897629046,-2923.8
1.904844366,-2924.02
1.912059685,-2924.19
1.919275005,-2924.42
1.926490324,-2924.59
1.933705644,-2924.7
1.940920963,-2924.81
1.948136283,-2924.98
1.955351603,-2925.09
1.962566922,-2925.37
1.969782242,-2925.6
1.976997561,-2925.82
1.984212881,-2926.16
1.9914282,-2926.39
1.99864352,-2926.72
2.005858839,-2926.95
2.013074159,-2927.17
2.020289479,-2927.28
2.027504798,-2927.34
2.034720118,-2927.28
2.041935437,-2927.17
2.049150757,-2927
2.056366076,-2926.72
2.063581396,-2926.5
2.070796716,-2926.27
2.078012035,-2926.05
2.085227355,-2925.88
2.092442674,-2925.77
2.099657994,-2925.71
2.106873313,-2925.6
2.114088633,-2925.54
2.121303953,-2925.49
2.128519272,-2925.43
2.135734592,-2925.37
2.142949911,-2925.32
2.150165231,-2925.21
2.15738055,-2925.15
2.16459587,-2925.04
2.17181119,-2924.92
2.179026509,-2924.81
2.186241829,-2924.7
2.193457148,-2924.59
2.200672468,-2924.47
2.207887787,-2924.31
2.215103107,-2924.19
2.222318426,-2924.08
2.229533746,-2923.97
2.236749066,-2923.8
2.243964385,-2923.63
2.251179705,-2923.52
2.258395024,-2923.24
2.265610344,-2923.01
2.272825663,-2922.68
2.280040983,-2922.28
2.287256303,-2921.95
2.294471622,-2921.61
2.301686942,-2921.27
2.308902261,-2920.93
2.316117581,-2920.6
2.3233329,-2920.32
2.33054822,-2919.98
2.33776354,-2919.64
2.344978859,-2919.25
2.352194179,-2918.74
2.359409498,-2918.24
2.366624818,-2917.62
2.373840137,-2917
2.381055457,-2916.44
2.388270777,-2915.82
2.395486096,-2915.26
2.402701416,-2914.7
2.409916735,-2914.25
2.417132055,-2913.74
2.424347374,-2913.29
2.431562694,-2912.9
2.438778013,-2912.5
2.445993333,-2912.11
2.453208653,-2911.72
2.460423972,-2911.32
2.467639292,-2910.93
2.474854611,-2910.48
2.482069931,-2910.03
2.48928525,-2909.53
2.49650057,-2909.02
2.50371589,-2908.57
2.510931209,-2908.06
2.518146529,-2907.67
2.525361848,-2907.33
2.532577168,-2907.05
2.539792487,-2906.83
2.547007807,-2906.66
2.554223127,-2906.43
2.561438446,-2906.21
2.568653766,-2905.93
2.575869085,-2905.54
2.583084405,-2905.09
2.590299724,-2904.47
2.597515044,-2903.85
2.604730364,-2903.23
2.611945683,-2902.56
2.619161003,-2901.94
2.626376322,-2901.38
2.633591642,-2900.87
2.640806961,-2900.42
2.648022281,-2899.97
2.6552376,-2899.63
2.66245292,-2899.18
2.66966824,-2898.73
2.676883559,-2898.17
2.684098879,-2897.55
2.691314198,-2896.82
2.698529518,-2895.92
2.705744837,-2895.03
2.712960157,-2894.18
2.720175477,-2893.28
2.727390796,-2892.38
2.734606116,-2891.6
2.741821435,-2890.87
2.749036755,-2890.19
2.756252074,-2889.52
2.763467394,-2888.96
2.770682714,-2888.34
2.777898033,-2887.66
2.785113353,-2887.05
2.792328672,-2886.37
2.799543992,-2885.7
2.806759311,-2884.97
2.813974631,-2884.24
2.821189951,-2883.56
2.82840527,-2882.83
2.83562059,-2882.16
2.842835909,-2881.48
2.850051229,-2880.75
2.857266548,-2880.13
2.864481868,-2879.46
2.871697187,-2878.84
2.878912507,-2878.22
2.886127827,-2877.72
2.893343146,-2877.15
2.900558466,-2876.65
2.907773785,-2876.14
2.914989105,-2875.58
2.922204424,-2875.02
2.929419744,-2874.46
2.936635064,-2873.78
2.943850383,-2873.05
2.951065703,-2872.43
2.958281022,-2871.65
2.965496342,-2870.86
2.972711661,-2870.13
2.979926981,-2869.34
2.987142301,-2868.56
2.99435762,-2867.82
3.00157294,-2867.09
3.008788259,-2866.36
3.016003579,-2865.69
3.023218898,-2865.01
3.030434218,-2864.28
3.037649537,-2863.61
3.044864857,-2862.94
3.052080177,-2862.15
3.059295496,-2861.36
3.066510816,-2860.58
3.073726135,-2859.73
3.080941455,-2858.89
3.088156774,-2858.05
3.095372094,-2857.2
3.102587414,-2856.42
3.109802733,-2855.63
3.117018053,-2854.96
3.124233372,-2854.22
3.131448692,-2853.49
3.138664011,-2852.76
3.145879331,-2852.03
3.153094651,-2851.19
3.16030997,-2850.35
3.16752529,-2849.5
3.174740609,-2848.6
3.181955929,-2847.71
3.189171248,-2846.86
3.196386568,-2846.02
3.203601888,-2845.18
3.210817207,-2844.39
3.218032527,-2843.55
3.225247846,-2842.7
3.232463166,-2841.8
3.239678485,-2840.96
3.246893805,-2840.12
3.254109124,-2839.16
3.261324444,-2838.32
3.268539764,-2837.42
3.275755083,-2836.58
3.282970403,-2835.79
3.290185722,-2835.06
3.297401042,-2834.27
3.304616361,-2833.54
3.311831681,-2832.81
3.319047001,-2832.08
3.32626232,-2831.35
3.33347764,-2830.62
3.340692959,-2829.83
3.347908279,-2829.1
3.355123598,-2828.37
3.362338918,-2827.64
3.369554238,-2827.02
3.376769557,-2826.29
3.383984877,-2825.67
3.391200196,-2825.06
3.398415516,-2824.38
3.405630835,-2823.76
3.412846155,-2823.09
3.420061475,-2822.42
3.427276794,-2821.68
3.434492114,-2820.84
3.441707433,-2820
3.448922753,-2819.04
3.456138072,-2818.03
3.463353392,-2817.08
3.470568711,-2816.06
3.477784031,-2815.11
3.484999351,-2814.1
3.49221467,-2813.25
3.49942999,-2812.47
3.506645309,-2811.68
3.513860629,-2811.01
3.521075948,-2810.39
3.528291268,-2809.77
3.535506588,-2809.15
3.542721907,-2808.48
3.549937227,-2807.8
3.557152546,-2807.13
3.564367866,-2806.4
3.571583185,-2805.56
3.578798505,-2804.77
3.586013825,-2803.93
3.593229144,-2803.08
3.600444464,-2802.18
3.607659783,-2801.4
3.614875103,-2800.5
3.622090422,-2799.65
3.629305742,-2798.81
3.636521062,-2797.97
3.643736381,-2797.07
3.650951701,-2796.17
3.65816702,-2795.21
3.66538234,-2794.37
3.672597659,-2793.42
3.679812979,-2792.52
3.687028298,-2791.67
3.694243618,-2790.89
3.701458938,-2790.1
3.708674257,-2789.43
3.715889577,-2788.7
3.723104896,-2788.02
3.730320216,-2787.35
3.737535535,-2786.62
3.744750855,-2785.94
3.751966175,-2785.1
3.759181494,-2784.31
3.766396814,-2783.41
3.773612133,-2782.51
3.780827453,-2781.56
3.788042772,-2780.6
3.795258092,-2779.7
3.802473412,-2778.8
3.809688731,-2777.85
3.816904051,-2777.01
3.82411937,-2776.16
3.83133469,-2775.26
3.838550009,-2774.48
3.845765329,-2773.52
3.852980649,-2772.62
3.860195968,-2771.67
3.867411288,-2770.71
3.874626607,-2769.76
3.881841927,-2768.8
3.889057246,-2767.9
3.896272566,-2767
3.903487885,-2766.05
3.910703205,-2765.15
3.917918525,-2764.25
3.925133844,-2763.41
3.932349164,-2762.45
3.939564483,-2761.61
3.946779803,-2760.65
3.953995122,-2759.81
3.961210442,-2758.97
3.968425762,-2758.07
3.975641081,-2757.17
3.982856401,-2756.21
3.99007172,-2755.31
3.99728704,-2754.41
4.004502359,-2753.46
4.011717679,-2752.45
4.018932999,-2751.49
4.026148318,-2750.54
4.033363638,-2749.52
4.040578957,-2748.57
4.047794277,-2747.56
4.055009596,-2746.71
4.062224916,-2745.76
4.069440236,-2744.86
4.076655555,-2743.96
4.083870875,-2743
4.091086194,-2742.05
4.098301514,-2740.98
4.105516833,-2739.97
4.112732153,-2738.85
4.119947472,-2737.78
4.127162792,-2736.71
4.134378112,-2735.64
4.141593431,-2734.69
4.148808751,-2733.84
4.15602407,-2733
4.16323939,-2732.21
4.170454709,-2731.48
4.177670029,-2730.7
4.184885349,-2729.91
4.192100668,-2729.12
4.199315988,-2728.28
4.206531307,-2727.38
4.213746627,-2726.54
4.220961946,-2725.64
4.228177266,-2724.68
4.235392586,-2723.78
4.242607905,-2722.89
4.249823225,-2721.87
4.257038544,-2720.86
4.264253864,-2719.85
4.271469183,-2718.84
4.278684503,-2717.88
4.285899823,-2716.93
4.293115142,-2716.03
4.300330462,-2715.13
4.307545781,-2714.34
4.314761101,-2713.61
4.32197642,-2712.88
4.32919174,-2712.09
4.336407059,-2711.31
4.343622379,-2710.52
4.350837699,-2709.62
4.358053018,-2708.67
4.365268338,-2707.71
4.372483657,-2706.7
4.379698977,-2705.63
4.386914296,-2704.56
4.394129616,-2703.55
4.401344936,-2702.54
4.408560255,-2701.53
4.415775575,-2700.57
4.422990894,-2699.62
4.430206214,-2698.72
4.437421533,-2697.76
4.444636853,-2696.86
4.451852173,-2695.91
4.459067492,-2695.01
4.466282812,-2694
4.473498131,-2693.1
4.480713451,-2692.14
4.48792877,-2691.24
4.49514409,-2690.29
4.502359409,-2689.28
4.509574729,-2688.27
4.516790049,-2687.2
4.524005368,-2686.13
4.531220688,-2684.95
4.538436007,-2683.83
4.545651327,-2682.65
4.552866646,-2681.47
4.560081966,-2680.4
4.567297286,-2679.33
4.574512605,-2678.37
4.581727925,-2677.48
4.588943244,-2676.63
4.596158564,-2675.79
4.603373883,-2674.95
4.610589203,-2674.16
4.617804523,-2673.32
4.625019842,-2672.47
4.632235162,-2671.57
4.639450481,-2670.62
4.646665801,-2669.66
4.65388112,-2668.65
4.66109644,-2667.64
4.66831176,-2666.63
4.675527079,-2665.62
4.682742399,-2664.61
4.689957718,-2663.65
4.697173038,-2662.64
4.704388357,-2661.68
4.711603677,-2660.73
4.718818996,-2659.72
4.726034316,-2658.76
4.733249636,-2657.81
4.740464955,-2656.91
4.747680275,-2655.95
4.754895594,-2655
4.762110914,-2654.04
4.769326233,-2653.08
4.776541553,-2652.19
4.783756873,-2651.23
4.790972192,-2650.33
4.798187512,-2649.49
4.805402831,-2648.59
4.812618151,-2647.69
4.81983347,-2646.79
4.82704879,-2645.83
4.83426411,-2644.88
4.841479429,-2643.92
4.848694749,-2642.91
4.855910068,-2641.96
4.863125388,-2640.95
4.870340707,-2640.1
4.877556027,-2639.2
4.884771347,-2638.42
4.891986666,-2637.63
4.899201986,-2636.79
4.906417305,-2635.94
4.913632625,-2635.1
4.920847944,-2634.26
4.928063264,-2633.36
4.935278583,-2632.46
4.942493903,-2631.56
4.949709223,-2630.72
4.956924542,-2629.87
4.964139862,-2629.09
4.971355181,-2628.24
4.978570501,-2627.4
4.98578582,-2626.56
4.99300114,-2625.77
5.00021646,-2624.87
5.007431779,-2623.97
5.014647099,-2623.07
5.021862418,-2622.17
5.029077738,-2621.28
5.036293057,-2620.38
5.043508377,-2619.42
5.050723697,-2618.58
5.057939016,-2617.62
5.065154336,-2616.72
5.072369655,-2615.77
5.079584975,-2614.81
5.086800294,-2613.86
5.094015614,-2612.96
5.101230934,-2611.95
5.108446253,-2610.99
5.115661573,-2610.04
5.122876892,-2609.14
5.130092212,-2608.24
5.137307531,-2607.34
5.144522851,-2606.44
5.15173817,-2605.6
5.15895349,-2604.75
5.16616881,-2603.97
5.173384129,-2603.18
5.180599449,-2602.39
5.187814768,-2601.61
5.195030088,-2600.87
5.202245407,-2600.03
5.209460727,-2599.3
5.216676047,-2598.46
5.223891366,-2597.73
5.231106686,-2596.94
5.238322005,-2596.21
5.245537325,-2595.37
5.252752644,-2594.58
5.259967964,-2593.85
5.267183284,-2593.12
5.274398603,-2592.39
5.281613923,-2591.6
5.288829242,-2590.87
5.296044562,-2590.08
5.303259881,-2589.24
5.310475201,-2588.45
5.317690521,-2587.56
5.32490584,-2586.71
5.33212116,-2585.76
5.339336479,-2584.86
5.346551799,-2583.9
5.353767118,-2582.95
5.360982438,-2582.05
5.368197757,-2581.15
5.375413077,-2580.25
5.382628397,-2579.35
5.389843716,-2578.56
5.397059036,-2577.72
5.404274355,-2576.99
5.411489675,-2576.26
5.418704994,-2575.53
5.425920314,-2574.8
5.433135634,-2574.12
5.440350953,-2573.39
5.447566273,-2572.72
5.454781592,-2571.99
5.461996912,-2571.2
5.469212231,-2570.41
5.476427551,-2569.63
5.483642871,-2568.78
5.49085819,-2567.94
5.49807351,-2567.1
5.505288829,-2566.26
5.512504149,-2565.41
5.519719468,-2564.57
5.526934788,-2563.73
5.534150108,-2562.88
5.541365427,-2562.1
5.548580747,-2561.37
5.555796066,-2560.64
5.563011386,-2560.02
5.570226705,-2559.4
5.577442025,-2558.84
5.584657344,-2558.28
5.591872664,-2557.77
5.599087984,-2557.15
5.606303303,-2556.53
5.613518623,-2555.86
5.620733942,-2555.13
5.627949262,-2554.4
5.635164581,-2553.55
5.642379901,-2552.82
5.649595221,-2551.92
5.65681054,-2551.14
5.66402586,-2550.35
5.671241179,-2549.56
5.678456499,-2548.72
5.685671818,-2547.99
5.692887138,-2547.2
5.700102458,-2546.53
5.707317777,-2545.86
5.714533097,-2545.18
5.721748416,-2544.56
5.728963736,-2543.94
5.736179055,-2543.33
5.743394375,-2542.71
5.750609695,-2542.03
5.757825014,-2541.3
5.765040334,-2540.52
5.772255653,-2539.62
5.779470973,-2538.61
5.786686292,-2537.54
5.793901612,-2536.36
5.801116931,-2535.23
5.808332251,-2534.17
5.815547571,-2533.04
5.82276289,-2532.09
5.82997821,-2531.13
5.837193529,-2530.29
5.844408849,-2529.56
5.851624168,-2528.83
5.858839488,-2528.21
5.866054808,-2527.65
5.873270127,-2527.08
5.880485447,-2526.58
5.887700766,-2525.9
5.894916086,-2525.29
5.902131405,-2524.61
5.909346725,-2523.82
5.916562045,-2523.04
5.923777364,-2522.19
5.930992684,-2521.3
5.938208003,-2520.4
5.945423323,-2519.44
5.952638642,-2518.49
5.959853962,-2517.53
5.967069281,-2516.52
5.974284601,-2515.56
5.981499921,-2514.61
5.98871524,-2513.71
5.99593056,-2512.75
6.003145879,-2511.85
6.010361199,-2510.95
6.017576518,-2510.11
6.024791838,-2509.33
6.032007158,-2508.54
6.039222477,-2507.81
6.046437797,-2507.08
6.053653116,-2506.35
6.060868436,-2505.62
6.068083755,-2504.77
6.075299075,-2503.93
6.082514395,-2503.03
6.089729714,-2502.13
6.096945034,-2501.18
6.104160353,-2500.28
6.111375673,-2499.32
6.118590992,-2498.31
6.125806312,-2497.35
6.133021632,-2496.4
6.140236951,-2495.5
6.147452271,-2494.54
6.15466759,-2493.65
6.16188291,-2492.75
6.169098229,-2491.96
6.176313549,-2491.17
6.183528868,-2490.5
6.190744188,-2489.82
6.197959508,-2489.15
6.205174827,-2488.42
6.212390147,-2487.69
6.219605466,-2486.9
6.226820786,-2486.06
6.234036105,-2485.16
6.241251425,-2484.32
6.248466745,-2483.36
6.255682064,-2482.41
6.262897384,-2481.51
6.270112703,-2480.61
6.277328023,-2479.76
6.284543342,-2478.81
6.291758662,-2477.97
6.298973982,-2477.07
6.306189301,-2476.11
6.313404621,-2475.27
6.32061994,-2474.37
6.32783526,-2473.53
6.335050579,-2472.63
6.342265899,-2471.73
6.349481219,-2470.88
6.356696538,-2469.99
6.363911858,-2469.09
6.371127177,-2468.13
6.378342497,-2467.18
6.385557816,-2466.16
6.392773136,-2465.1
6.399988455,-2464.14
6.407203775,-2463.18
6.414419095,-2462.23
6.421634414,-2461.33
6.428849734,-2460.43
6.436065053,-2459.53
6.443280373,-2458.63
6.450495692,-2457.73
6.457711012,-2456.72
6.464926332,-2455.77
6.472141651,-2454.75
6.479356971,-2453.74
6.48657229,-2452.73
6.49378761,-2451.83
6.501002929,-2450.93
6.508218249,-2450.03
6.515433569,-2449.13
6.522648888,-2448.29
6.529864208,-2447.34
6.537079527,-2446.44
6.544294847,-2445.48
6.551510166,-2444.53
6.558725486,-2443.51
6.565940806,-2442.56
6.573156125,-2441.66
6.580371445,-2440.7
6.587586764,-2439.81
6.594802084,-2438.91
6.602017403,-2438.01
6.609232723,-2437.11
6.616448042,-2436.21
6.623663362,-2435.42
6.630878682,-2434.52
6.638094001,-2433.68
6.645309321,-2432.84
6.65252464,-2432.05
6.65973996,-2431.21
6.666955279,-2430.36
6.674170599,-2429.46
6.681385919,-2428.62
6.688601238,-2427.67
6.695816558,-2426.71
6.703031877,-2425.81
6.710247197,-2424.86
6.717462516,-2423.9
6.724677836,-2422.95
6.731893156,-2421.99
6.739108475,-2421.09
6.746323795,-2420.14
6.753539114,-2419.18
6.760754434,-2418.28
6.767969753,-2417.33
6.775185073,-2416.48
6.782400393,-2415.64
6.789615712,-2414.74
6.796831032,-2413.95
6.804046351,-2413.17
6.811261671,-2412.32
6.81847699,-2411.48
6.82569231,-2410.53
6.832907629,-2409.57
6.840122949,-2408.56
6.847338269,-2407.55
6.854553588,-2406.54
6.861768908,-2405.47
6.868984227,-2404.51
6.876199547,-2403.61
6.883414866,-2402.71
6.890630186,-2401.87
6.897845506,-2400.97
6.905060825,-2400.13
6.912276145,-2399.23
6.919491464,-2398.22
6.926706784,-2397.26
6.933922103,-2396.14
6.941137423,-2395.07
6.948352743,-2394.06
6.955568062,-2392.93
6.962783382,-2391.92
6.969998701,-2390.97
6.977214021,-2390.01
6.98442934,-2389.11
6.99164466,-2388.21
6.99885998,-2387.37
7.006075299,-2386.47
7.013290619,-2385.57
7.020505938,-2384.73
7.027721258,-2383.83
7.034936577,-2382.88
7.042151897,-2381.98
7.049367216,-2381.02
7.056582536,-2380.07
7.063797856,-2379
7.071013175,-2377.93
7.078228495,-2376.86
7.085443814,-2375.79
7.092659134,-2374.73
7.099874453,-2373.71
7.107089773,-2372.76
7.114305093,-2371.86
7.121520412,-2371.02
7.128735732,-2370.29
7.135951051,-2369.5
7.143166371,-2368.77
7.15038169,-2367.93
7.15759701,-2367.03
7.16481233,-2366.13
7.172027649,-2365.12
7.179242969,-2364.1
7.186458288,-2363.04
7.193673608,-2362.02
7.200888927,-2361.01
7.208104247,-2360.06
7.215319567,-2359.16
7.222534886,-2358.26
7.229750206,-2357.42
7.236965525,-2356.57
7.244180845,-2355.79
7.251396164,-2355
7.258611484,-2354.21
7.265826803,-2353.37
7.273042123,-2352.58
7.280257443,-2351.68
7.287472762,-2350.78
7.294688082,-2349.83
7.301903401,-2348.82
7.309118721,-2347.86
7.31633404,-2346.85
7.32354936,-2345.78
7.33076468,-2344.83
7.337979999,-2343.76
7.345195319,-2342.86
7.352410638,-2341.91
7.359625958,-2340.95
7.366841277,-2340.05
7.374056597,-2339.1
7.381271917,-2338.14
7.388487236,-2337.24
7.395702556,-2336.34
7.402917875,-2335.44
7.410133195,-2334.49
7.417348514,-2333.53
7.424563834,-2332.52
7.431779153,-2331.51
7.438994473,-2330.38
7.446209793,-2329.26
7.453425112,-2328.08
7.460640432,-2326.96
7.467855751,-2325.83
7.475071071,-2324.76
7.48228639,-2323.64
7.48950171,-2322.63
7.49671703,-2321.67
7.503932349,-2320.77
7.511147669,-2319.87
7.518362988,-2318.92
7.525578308,-2318.02
7.532793627,-2317.06
7.540008947,-2316.11
7.547224267,-2315.21
7.554439586,-2314.2
7.561654906,-2313.19
7.568870225,-2312.12
7.576085545,-2311.11
7.583300864,-2310.15
7.590516184,-2309.08
7.597731504,-2308.07
7.604946823,-2307.06
7.612162143,-2306.05
7.619377462,-2305.04
7.626592782,-2303.97
7.633808101,-2302.96
7.641023421,-2301.89
7.64823874,-2300.82
7.65545406,-2299.7
7.66266938,-2298.52
7.669884699,-2297.45
7.677100019,-2296.33
7.684315338,-2295.32
7.691530658,-2294.25
7.698745977,-2293.18
7.705961297,-2292.22
7.713176617,-2291.16
7.720391936,-2290.2
7.727607256,-2289.19
7.734822575,-2288.18
7.742037895,-2287.17
7.749253214,-2286.1
7.756468534,-2285.09
7.763683854,-2284.02
7.770899173,-2282.95
7.778114493,-2281.83
7.785329812,-2280.65
7.792545132,-2279.47
7.799760451,-2278.29
7.806975771,-2277.11
7.814191091,-2275.87
7.82140641,-2274.63
7.82862173,-2273.51
7.835837049,-2272.44
7.843052369,-2271.37
7.850267688,-2270.36
7.857483008,-2269.35
7.864698327,-2268.34
7.871913647,-2267.33
7.879128967,-2266.37
7.886344286,-2265.25
7.893559606,-2264.18
7.900774925,-2263.06
7.907990245,-2261.82
7.915205564,-2260.58
7.922420884,-2259.29
7.929636204,-2257.94
7.936851523,-2256.65
7.944066843,-2255.3
7.951282162,-2254.06
7.958497482,-2252.83
7.965712801,-2251.65
7.972928121,-2250.41
7.980143441,-2249.29
7.98735876,-2248.16
7.99457408,-2246.98
8.001789399,-2245.8
8.009004719,-2244.57
8.016220038,-2243.39
8.023435358,-2242.26
8.030650678,-2241.08
8.037865997,-2239.96
8.045081317,-2238.89
8.052296636,-2237.77
8.059511956,-2236.76
8.066727275,-2235.69
8.073942595,-2234.56
8.081157914,-2233.5
8.088373234,-2232.43
8.095588554,-2231.3
8.102803873,-2230.18
8.110019193,-2229.06
8.117234512,-2227.93
8.124449832,-2226.81
8.131665151,-2225.63
8.138880471,-2224.5
8.146095791,-2223.38
8.15331111,-2222.2
8.16052643,-2221.08
8.167741749,-2219.95
8.174957069,-2218.77
8.182172388,-2217.65
8.189387708,-2216.52
8.196603028,-2215.34
8.203818347,-2214.16
8.211033667,-2212.93
8.218248986,-2211.69
8.225464306,-2210.51
8.232679625,-2209.27
8.239894945,-2208.09
8.247110265,-2206.86
8.254325584,-2205.73
8.261540904,-2204.55
8.268756223,-2203.37
8.275971543,-2202.25
8.283186862,-2201.12
8.290402182,-2200
8.297617501,-2198.93
8.304832821,-2197.86
8.312048141,-2196.8
8.31926346,-2195.67
8.32647878,-2194.55
8.333694099,-2193.42
8.340909419,-2192.3
8.348124738,-2191.12
8.355340058,-2189.94
8.362555378,-2188.76
8.369770697,-2187.58
8.376986017,-2186.46
8.384201336,-2185.28
8.391416656,-2184.15
8.398631975,-2183.08
8.405847295,-2182.02
8.413062615,-2180.95
8.420277934,-2179.94
8.427493254,-2178.87
8.434708573,-2177.91
8.441923893,-2176.9
8.449139212,-2175.89
8.456354532,-2174.88
8.463569852,-2173.87
8.470785171,-2172.86
8.478000491,-2171.79
8.48521581,-2170.78
8.49243113,-2169.82
8.499646449,-2168.75
8.506861769,-2167.74
8.514077088,-2166.67
8.521292408,-2165.66
8.528507728,-2164.59
8.535723047,-2163.53
8.542938367,-2162.46
8.550153686,-2161.39
8.557369006,-2160.32
8.564584325,-2159.26
8.571799645,-2158.13
8.579014965,-2157.06
8.586230284,-2156
8.593445604,-2154.93
8.600660923,-2153.8
8.607876243,-2152.74
8.615091562,-2151.61
8.622306882,-2150.6
8.629522202,-2149.48
8.636737521,-2148.35
8.643952841,-2147.23
8.65116816,-2146.1
8.65838348,-2144.87
8.665598799,-2143.74
8.672814119,-2142.51
8.680029439,-2141.33
8.687244758,-2140.03
8.694460078,-2138.85
8.701675397,-2137.67
8.708890717,-2136.55
8.716106036,-2135.31
8.723321356,-2134.13
8.730536675,-2132.9
8.737751995,-2131.6
8.744967315,-2130.26
8.752182634,-2128.85
8.759397954,-2127.39
8.766613273,-2125.98
8.773828593,-2124.52
8.781043912,-2123.06
8.788259232,-2121.66
8.795474552,-2120.14
8.802689871,-2118.74
8.809905191,-2117.16
8.81712051,-2115.53
8.82433583,-2113.85
8.831551149,-2112.05
8.838766469,-2110.25
8.845981789,-2108.34
8.853197108,-2106.43
8.860412428,-2104.52
8.867627747,-2102.61
8.874843067,-2100.69
8.882058386,-2098.78
8.889273706,-2096.93
8.896489025,-2094.96
8.903704345,-2093.11
8.910919665,-2091.2
8.918134984,-2089.23
8.925350304,-2087.21
8.932565623,-2085.13
8.939780943,-2082.94
8.946996262,-2080.69
8.954211582,-2078.33
8.961426902,-2075.8
8.968642221,-2073.21
8.975857541,-2070.52
8.98307286,-2067.71
8.99028818,-2064.78
8.997503499,-2061.92
9.004718819,-2058.88
9.011934139,-2055.85
9.019149458,-2052.7
9.026364778,-2049.55
9.033580097,-2046.29
9.040795417,-2042.81
9.048010736,-2039.21
9.055226056,-2035.45
9.062441376,-2031.57
9.069656695,-2027.52
9.076872015,-2023.36
9.084087334,-2019.09
9.091302654,-2014.77
9.098517973,-2010.21
9.105733293,-2005.6
9.112948612,-2000.88
9.120163932,-1995.94
9.127379252,-1990.88
9.134594571,-1985.65
9.141809891,-1980.26
9.14902521,-1974.69
9.15624053,-1968.85
9.163455849,-1962.89
9.170671169,-1956.71
9.177886489,-1950.25
9.185101808,-1943.67
9.192317128,-1936.82
9.199532447,-1929.73
9.206747767,-1922.43
9.213963086,-1914.9
9.221178406,-1907.14
9.228393726,-1899.16
9.235609045,-1890.9
9.242824365,-1882.3
9.250039684,-1873.53
9.257255004,-1864.43
9.264470323,-1855.04
9.271685643,-1845.38
9.278900963,-1835.32
9.286116282,-1825.03
9.293331602,-1814.3
9.300546921,-1803.23
9.307762241,-1791.71
9.31497756,-1779.79
9.32219288,-1767.49
9.329408199,-1754.67
9.336623519,-1741.52
9.343838839,-1727.86
9.351054158,-1713.81
9.358269478,-1699.31
9.365484797,-1684.48
9.372700117,-1669.14
9.379915436,-1653.46
9.387130756,-1637.27
9.394346076,-1620.69
9.401561395,-1603.61
9.408776715,-1586.13
9.415992034,-1568.09
9.423207354,-1549.49
9.430422673,-1530.32
9.437637993,-1510.54
9.444853313,-1490.08
9.452068632,-1468.89
9.459283952,-1446.92
9.466499271,-1424.22
9.473714591,-1400.67
9.48092991,-1376.28
9.48814523,-1351.1
9.49536055,-1325.08
9.502575869,-1298.1
9.509791189,-1270.28
9.517006508,-1241.62
9.524221828,-1212.17
9.531437147,-1181.88
9.538652467,-1150.75
9.545867786,-1118.88
9.553083106,-1086.17
9.560298426,-1052.62
9.567513745,-1018.23
9.574729065,-982.99
9.581944384,-946.8
9.589159704,-909.65
9.596375023,-871.49
9.603590343,-832.37
9.610805663,-792.13
9.618020982,-750.77
9.625236302,-708.4
9.632451621,-664.78
9.639666941,-620.05
9.64688226,-574.19
9.65409758,-527.09
9.6613129,-478.88
9.668528219,-429.42
9.675743539,-378.73
9.682958858,-326.74
9.690174178,-273.46
9.697389497,-218.73
9.704604817,-162.53
9.711820137,-104.98
9.719035456,-45.85
9.726250776,14.66
9.733466095,76.71
9.740681415,140.16
9.747896734,205.07
9.755112054,271.5
9.762327373,339.33
9.769542693,408.79
9.776758013,479.77
9.783973332,552.38
9.791188652,626.68
9.798403971,702.66
9.805619291,780.39
9.81283461,859.8
9.82004993,940.95
9.82726525,1023.79
9.834480569,1108.32
9.841695889,1194.58
9.848911208,1282.54
9.856126528,1372.23
9.863341847,1463.78
9.870557167,1557.13
9.877772487,1652.28
9.884987806,1749.33
9.892203126,1848.36
9.899418445,1949.35
9.906633765,2052.31
9.913849084,2157.4
9.921064404,2264.52
9.928279724,2373.66
9.935495043,2484.88
9.942710363,2598.23
9.949925682,2713.61
9.957141002,2831.18
9.964356321,2950.72
9.971571641,3072.45
9.97878696,3196.2
9.98600228,3321.98
9.9932176,3449.89
10.00043292,3579.82
10.00764824,3711.84
10.01486356,3845.76
10.02207888,3981.71
10.0292942,4119.57
10.03650952,4259.45
10.04372484,4401.35
10.05094016,4545.28
10.05815548,4691.18
10.0653708,4839.04
10.07258611,4988.98
10.07980143,5140.78
10.08701675,5294.6
10.09423207,5450.16
10.10144739,5607.69
10.10866271,5767.01
10.11587803,5928.08
10.12309335,6091.01
10.13030867,6255.79
10.13752399,6422.31
10.14473931,6590.57
10.15195463,6760.63
10.15916995,6932.49
10.16638527,7106.04
10.17360059,7281.32
10.18081591,7458.3
10.18803123,7637.01
10.19524655,7817.25
10.20246187,7999.11
10.20967719,8182.43
10.21689251,8367.11
10.22410783,8553.13
10.23132315,8740.39
10.23853846,8928.77
10.24575378,9118.22
10.2529691,9308.63
10.26018442,9500.1
10.26739974,9692.53
10.27461506,9885.86
10.28183038,10079.97
10.2890457,10274.82
10.29626102,10470.34
10.30347634,10666.47
10.31069166,10863.17
10.31790698,11060.27
10.3251223,11257.7
10.33233762,11455.52
10.33955294,11653.63
10.34676826,11851.9
10.35398358,12050.4
10.3611989,12249.01
10.36841422,12447.73
10.37562954,12646.51
10.38284486,12845.18
10.39006018,13043.68
10.3972755,13241.9
10.40449081,13439.66
10.41170613,13636.87
10.41892145,13833.34
10.42613677,14028.98
10.43335209,14223.6
10.44056741,14417.15
10.44778273,14609.58
10.45499805,14800.77
10.46221337,14990.78
10.46942869,15179.45
10.47664401,15366.7
10.48385933,15552.61
10.49107465,15736.89
10.49828997,15919.54
10.50550529,16100.4
10.51272061,16279.51
10.51993593,16456.54
10.52715125,16631.54
10.53436657,16804.41
10.54158189,16975.09
10.54879721,17143.3
10.55601253,17309.09
10.56322785,17472.18
10.57044316,17632.46
10.57765848,17789.88
10.5848738,17944.32
10.59208912,18095.61
10.59930444,18243.81
10.60651976,18388.86
10.61373508,18530.76
10.6209504,18669.52
10.62816572,18805.13
10.63538104,18937.6
10.64259636,19066.8
10.64981168,19192.69
10.657027,19315.15
10.66424232,19434.12
10.67145764,19549.56
10.67867296,19661.17
10.68588828,19768.96
10.6931036,19872.76
10.70031892,19972.58
10.70753424,20068.23
10.71474956,20159.67
10.72196488,20247
10.7291802,20330.06
10.73639551,20408.8
10.74361083,20483.32
10.75082615,20553.46
10.75804147,20619.21
10.76525679,20680.7
10.77247211,20737.68
10.77968743,20790.29
10.78690275,20838.39
10.79411807,20882.06
10.80133339,20921.23
10.80854871,20955.91
10.81576403,20986.03
10.82297935,21011.66
10.83019467,21032.73
10.83740999,21049.42
10.84462531,21061.62
10.85184063,21069.38
10.85905595,21072.86
10.86627127,21071.85
10.87348659,21066.51
10.88070191,21056.84
10.88791723,21042.85
10.89513255,21024.42
10.90234786,21001.77
10.90956318,20974.73
10.9167785,20943.37
10.92399382,20907.69
10.93120914,20867.79
10.93842446,20823.67
10.94563978,20775.39
10.9528551,20722.9
10.96007042,20666.36
10.96728574,20605.78
10.97450106,20541.32
10.98171638,20472.92
10.9889317,20400.65
10.99614702,20324.61
11.00336234,20244.92
11.01057766,20161.58
11.01779298,20074.75
11.0250083,19984.38
11.03222362,19890.58
11.03943894,19793.41
11.04665426,19692.92
11.05386958,19589.29
11.0610849,19482.57
11.06830022,19372.81
11.07551553,19260.18
11.08273085,19144.69
11.08994617,19026.62
11.09716149,18905.9
11.10437681,18782.65
11.11159213,18656.99
11.11880745,18528.91
11.12602277,18398.47
11.13323809,18265.78
11.14045341,18130.73
11.14766873,17993.49
11.15488405,17854.12
11.16209937,17712.61
11.16931469,17569.01
11.17653001,17423.57
11.18374533,17276.32
11.19096065,17127.39
11.19817597,16976.89
11.20539129,16824.93
11.21260661,16671.5
11.21982193,16516.78
11.22703725,16360.88
11.23425257,16203.75
11.24146788,16045.43
11.2486832,15886.11
11.25589852,15725.82
11.26311384,15564.75
11.27032916,15402.84
11.27754448,15240.31
11.2847598,15077.22
11.29197512,14913.62
11.29919044,14749.52
11.30640576,14584.96
11.31362108,14419.9
11.3208364,14254.45
11.32805172,14088.49
11.33526704,13922.14
11.34248236,13755.39
11.34969768,13588.48
11.356913,13421.51
11.36412832,13254.6
11.37134364,13087.85
11.37855896,12921.5
11.38577428,12755.54
11.3929896,12590.03
11.40020492,12425.03
11.40742023,12260.59
11.41463555,12096.71
11.42185087,11933.39
11.42906619,11770.69
11.43628151,11608.67
11.44349683,11447.26
11.45071215,11286.58
11.45792747,11126.64
11.46514279,10967.43
11.47235811,10808.83
11.47957343,10651.08
11.48678875,10494.05
11.49400407,10337.87
11.50121939,10182.59
11.50843471,10028.21
11.51565003,9874.9
11.52286535,9722.76
11.53008067,9571.75
11.53729599,9421.81
11.54451131,9273.05
11.55172663,9125.41
11.55894195,8978.79
11.56615727,8833.23
11.57337258,8688.74
11.5805879,8545.32
11.58780322,8403.08
11.59501854,8262.01
11.60223386,8122.24
11.60944918,7983.88
11.6166645,7846.98
11.62387982,7711.53
11.63109514,7577.61
11.63831046,7445.26
11.64552578,7314.43
11.6527411,7185
11.65995642,7057.09
11.66717174,6930.52
11.67438706,6805.42
11.68160238,6681.67
11.6888177,6559.43
11.69603302,6438.55
11.70324834,6319.07
11.71046366,6201.1
11.71767898,6084.54
11.7248943,5969.39
11.73210962,5855.7
11.73932493,5743.35
11.74654025,5632.47
11.75375557,5522.77
11.76097089,5414.53
11.76818621,5307.58
11.77540153,5201.98
11.78261685,5097.73
11.78983217,4994.77
11.79704749,4893.1
11.80426281,4792.9
11.81147813,4693.93
11.81869345,4596.37
11.82590877,4500.1
11.83312409,4405.06
11.84033941,4311.27
11.84755473,4218.65
11.85477005,4127.21
11.86198537,4036.78
11.86920069,3947.48
11.87641601,3859.08
11.88363133,3771.69
11.89084665,3685.2
11.89806197,3599.55
11.90527728,3514.8
11.9124926,3430.84
11.91970792,3347.6
11.92692324,3265.05
11.93413856,3183.11
11.94135388,3101.73
11.9485692,3020.75
11.95578452,2940.1
11.96299984,2859.62
11.97021516,2779.31
11.97743048,2698.94
11.9846458,2618.47
11.99186112,2537.76
11.99907644,2456.72
12.00629176,2375.23
12.01350708,2293.18
12.0207224,2210.4
12.02793772,2126.77
12.03515304,2041.91
12.04236836,1955.76
12.04958368,1867.91
12.056799,1778.16
12.06401432,1686.05
12.07122963,1591.3
12.07844495,1493.57
12.08566027,1392.52
12.09287559,1287.76
12.10009091,1178.9
12.10730623,1065.49
12.11452155,947.25
12.12173687,823.72
12.12895219,694.29
12.13616751,558.62
12.14338283,415.99
12.15059815,266.16
12.15781347,108.35
12.16502879,-57.82
12.17224411,-232.78
12.17945943,-417.06
12.18667475,-611.11
12.19389007,-815.23
12.20110539,-1029.75
12.20832071,-1254.94
12.21553603,-1490.92
12.22275135,-1737.87
12.22996667,-1995.6
12.23718198,-2264.24
12.2443973,-2543.33
12.25161262,-2832.59
12.25882794,-3131.63
12.26604326,-3439.6
12.27325858,-3755.84
12.2804739,-4079.55
12.28768922,-4409.56
12.29490454,-4744.74
12.30211986,-5083.73
12.30933518,-5425.21
12.3165505,-5767.52
12.32376582,-6108.99
12.33098114,-6447.99
12.33819646,-6782.66
12.34541178,-7111.26
12.3526271,-7431.94
12.35984242,-7743.01
12.36705774,-8042.72
12.37427306,-8329.4
12.38148838,-8601.46
12.3887037,-8857.4
12.39591902,-9095.97
12.40313433,-9315.76
12.41034965,-9515.61
12.41756497,-9694.66
12.42478029,-9852.02
12.43199561,-9987.18
12.43921093,-10099.7
12.44642625,-10189.34
12.45364157,-10256.1
12.46085689,-10300.27
12.46807221,-10322.14
12.47528753,-10322.19
12.48250285,-10301.12
12.48971817,-10259.64
12.49693349,-10198.72
12.50414881,-10119.25
12.51136413,-10022.37
12.51857945,-9909.12
12.52579477,-9780.76
12.53301009,-9638.69
12.54022541,-9484.25
12.54744073,-9318.69
12.55465605,-9143.45
12.56187137,-8959.79
12.56908668,-8769.11
12.576302,-8572.46
12.58351732,-8371.21
12.59073264,-8166.36
12.59794796,-7958.98
12.60516328,-7750.2
12.6123786,-7540.8
12.61959392,-7331.68
12.62680924,-7123.74
12.63402456,-6917.43
12.64123988,-6713.59
12.6484552,-6512.73
12.65567052,-6315.36
12.66288584,-6121.86
12.67010116,-5932.75
12.67731648,-5748.3
12.6845318,-5568.85
12.69174712,-5394.52
12.69896244,-5225.47
12.70617776,-5061.76
12.71339308,-4903.5
12.7206084,-4750.58
12.72782372,-4603
12.73503903,-4460.65
12.74225435,-4323.52
12.74946967,-4191.56
12.75668499,-4064.66
12.76390031,-3942.76
12.77111563,-3825.75
12.77833095,-3713.58
12.78554627,-3606.12
12.79276159,-3503.22
12.79997691,-3404.76
12.80719223,-3310.57
12.81440755,-3220.54
12.82162287,-3134.55
12.82883819,-3052.33
12.83605351,-2973.82
12.84326883,-2898.85
12.85048415,-2827.25
12.85769947,-2758.91
12.86491479,-2693.72
12.87213011,-2631.56
12.87934543,-2572.44
12.88656075,-2516.07
12.89377607,-2462.62
12.90099138,-2411.82
12.9082067,-2363.77
12.91542202,-2318.25
12.92263734,-2275.31
12.92985266,-2234.9
12.93706798,-2196.85
12.9442833,-2161.22
12.95149862,-2127.95
12.95871394,-2096.99
12.96592926,-2068.32
12.97314458,-2041.85
12.9803599,-2017.58
12.98757522,-1995.49
12.99479054,-1975.43
13.00200586,-1957.55
13.00922118,-1941.82
13.0164365,-1928.16
13.02365182,-1916.53
13.03086714,-1907.14
13.03808246,-1899.89
13.04529778,-1894.95
13.0525131,-1892.25
13.05972842,-1891.8
13.06694373,-1893.77
13.07415905,-1898.09
13.08137437,-1904.95
13.08858969,-1914.34
13.09580501,-1926.36
13.10302033,-1940.97
13.11023565,-1958.28
13.11745097,-1978.4
13.12466629,-2001.28
13.13188161,-2026.96
13.13909693,-2055.62
13.14631225,-2087.04
13.15352757,-2121.43
13.16074289,-2158.64
13.16795821,-2198.71
13.17517353,-2241.42
13.18238885,-2286.83
13.18960417,-2334.66
13.19681949,-2384.79
13.20403481,-2437
13.21125013,-2491.06
13.21846545,-2546.7
13.22568077,-2603.57
13.23289608,-2661.46
13.2401114,-2719.96
13.24732672,-2778.75
13.25454204,-2837.31
13.26175736,-2895.42
13.26897268,-2952.52
13.276188,-3008.21
13.28340332,-3062.11
13.29061864,-3113.76
13.29783396,-3162.71
13.30504928,-3208.57
13.3122646,-3251
13.31947992,-3289.72
13.32669524,-3324.39
13.33391056,-3354.85
13.34112588,-3380.76
13.3483412,-3402.12
13.35555652,-3418.81
13.36277184,-3430.72
13.36998716,-3437.97
13.37720248,-3440.39
13.3844178,-3438.09
13.39163312,-3431.23
13.39884843,-3419.93
13.40606375,-3404.37
13.41327907,-3384.7
13.42049439,-3361.2
13.42770971,-3334.06
13.43492503,-3303.6
13.44214035,-3270.05
13.44935567,-3233.74
13.45657099,-3194.97
13.46378631,-3154
13.47100163,-3111.11
13.47821695,-3066.72
13.48543227,-3021.08
13.49264759,-2974.38
13.49986291,-2927.06
13.50707823,-2879.23
13.51429355,-2831.07
13.52150887,-2782.91
13.52872419,-2734.91
13.53593951,-2687.14
13.54315483,-2639.88
13.55037015,-2593.06
13.55758547,-2547.04
13.56480079,-2501.74
13.5720161,-2457.34
13.57923142,-2413.95
13.58644674,-2371.58
13.59366206,-2330.22
13.60087738,-2289.98
13.6080927,-2250.86
13.61530802,-2212.93
13.62252334,-2176.12
13.62973866,-2140.48
13.63695398,-2106.03
13.6441693,-2072.65
13.65138462,-2040.45
13.65859994,-2009.37
13.66581526,-1979.42
13.67303058,-1950.58
13.6802459,-1922.82
13.68746122,-1896.13
13.69467654,-1870.5
13.70189186,-1845.88
13.70910718,-1822.17
13.7163225,-1799.46
13.72353782,-1777.6
13.73075314,-1756.53
13.73796845,-1736.35
13.74518377,-1716.91
13.75239909,-1698.25
13.75961441,-1680.32
13.76682973,-1663.18
13.77404505,-1646.77
13.78126037,-1630.98
13.78847569,-1615.97
13.79569101,-1601.64
13.80290633,-1587.98
13.81012165,-1575
13.81733697,-1562.58
13.82455229,-1550.78
13.83176761,-1539.54
13.83898293,-1528.8
13.84619825,-1518.58
13.85341357,-1508.85
13.86062889,-1499.64
13.86784421,-1490.87
13.87505953,-1482.44
13.88227485,-1474.51
13.88949017,-1466.93
13.89670549,-1459.68
13.9039208,-1452.77
13.91113612,-1446.19
13.91835144,-1439.84
13.92556676,-1433.88
13.93278208,-1428.26
13.9399974,-1422.92
13.94721272,-1417.86
13.95442804,-1413.26
13.96164336,-1408.93
13.96885868,-1405
13.976074,-1401.4
13.98328932,-1398.14
13.99050464,-1395.27
13.99771996,-1392.74
14.00493528,-1390.55
14.0121506,-1388.7
14.01936592,-1387.12
14.02658124,-1385.94
14.03379656,-1385.04
14.04101188,-1384.54
14.0482272,-1384.31
14.05544252,-1384.48
14.06265784,-1385.1
14.06987315,-1386
14.07708847,-1387.46
14.08430379,-1389.26
14.09151911,-1391.56
14.09873443,-1394.37
14.10594975,-1397.75
14.11316507,-1401.62
14.12038039,-1406.12
14.12759571,-1411.18
14.13481103,-1417.02
14.14202635,-1423.48
14.14924167,-1430.73
14.15645699,-1438.83
14.16367231,-1447.71
14.17088763,-1457.43
14.17810295,-1468.11
14.18531827,-1479.68
14.19253359,-1492.22
14.19974891,-1505.87
14.20696423,-1520.6
14.21417955,-1536.56
14.22139487,-1553.81
14.22861019,-1572.47
14.2358255,-1592.65
14.24304082,-1614.4
14.25025614,-1637.89
14.25747146,-1663.18
14.26468678,-1690.27
14.2719021,-1719.32
14.27911742,-1750.4
14.28633274,-1783.67
14.29354806,-1819.08
14.30076338,-1856.79
14.3079787,-1896.86
14.31519402,-1939.34
14.32240934,-1984.25
14.32962466,-2031.79
14.33683998,-2081.81
14.3440553,-2134.47
14.35127062,-2189.66
14.35848594,-2247.43
14.36570126,-2307.74
14.37291658,-2370.51
14.3801319,-2435.65
14.38734722,-2503.09
14.39456254,-2572.66
14.40177785,-2644.26
14.40899317,-2717.83
14.41620849,-2793.08
14.42342381,-2869.9
14.43063913,-2947.97
14.43785445,-3027.1
14.44506977,-3107.01
14.45228509,-3187.43
14.45950041,-3267.86
14.46671573,-3348.22
14.47393105,-3428.03
14.48114637,-3506.93
14.48836169,-3584.66
14.49557701,-3660.92
14.50279233,-3735.22
14.51000765,-3807.38
14.51722297,-3876.9
14.52443829,-3943.44
14.53165361,-4006.61
14.53886893,-4066.12
14.54608425,-4121.59
14.55329957,-4172.73
14.56051489,-4219.27
14.5677302,-4260.97
14.57494552,-4297.61
14.58216084,-4329.19
14.58937616,-4355.33
14.59659148,-4376.18
14.6038068,-4391.46
14.61102212,-4401.3
14.61823744,-4405.63
14.62545276,-4404.56
14.63266808,-4398.04
14.6398834,-4386.29
14.64709872,-4369.43
14.65431404,-4347.57
14.66152936,-4320.93
14.66874468,-4289.74
14.67596,-4254.17
14.68317532,-4214.55
14.69039064,-4171.1
14.69760596,-4124.18
14.70482128,-4074.1
14.7120366,-4021.11
14.71925192,-3965.64
14.72646724,-3907.97
14.73368255,-3848.51
14.74089787,-3787.59
14.74811319,-3725.55
14.75532851,-3662.72
14.76254383,-3599.44
14.76975915,-3535.99
14.77697447,-3472.59
14.78418979,-3409.42
14.79140511,-3346.82
14.79862043,-3284.89
14.80583575,-3223.96
14.81305107,-3164.11
14.82026639,-3105.66
14.82748171,-3048.79
14.83469703,-2993.66
14.84191235,-2940.38
14.84912767,-2889.29
14.85634299,-2840.4
14.86355831,-2793.81
14.87077363,-2749.64
14.87798895,-2707.94
14.88520427,-2668.71
14.89241959,-2632.07
14.8996349,-2597.9
14.90685022,-2566.2
14.91406554,-2536.98
14.92128086,-2510.11
14.92849618,-2485.66
14.9357115,-2463.58
14.94292682,-2443.8
14.95014214,-2426.26
14.95735746,-2410.86
14.96457278,-2397.54
14.9717881,-2386.3
14.97900342,-2376.92
14.98621874,-2369.22
14.99343406,-2363.15
15.00064938,-2358.54
15.0078647,-2355.28
15.01508002,-2353.15
15.02229534,-2352.13
15.02951066,-2351.97
15.03672598,-2352.58
15.0439413,-2353.82
15.05115662,-2355.45
15.05837194,-2357.3
15.06558725,-2359.33
15.07280257,-2361.35
15.08001789,-2363.15
15.08723321,-2364.67
15.09444853,-2365.85
15.10166385,-2366.46
15.10887917,-2366.63
15.11609449,-2366.07
15.12330981,-2364.72
15.13052513,-2362.59
15.13774045,-2359.55
15.14495577,-2355.45
15.15217109,-2350.34
15.15938641,-2344.15
15.16660173,-2336.9
15.17381705,-2328.53
15.18103237,-2318.98
15.18824769,-2308.35
15.19546301,-2296.66
15.20267833,-2283.85
15.20989365,-2270.08
15.21710897,-2255.19
15.22432429,-2239.4
15.2315396,-2222.54
15.23875492,-2204.78
15.24597024,-2186.23
15.25318556,-2166.9
15.26040088,-2146.84
15.2676162,-2126.15
15.27483152,-2104.85
15.28204684,-2083.22
15.28926216,-2061.07
15.29647748,-2038.59
15.3036928,-2015.83
15.31090812,-1992.79
15.31812344,-1969.64
15.32533876,-1946.26
15.33255408,-1922.88
15.3397694,-1899.5
15.34698472,-1876.18
15.35420004,-1853.02
15.36141536,-1830.04
15.36863068,-1807.33
15.375846,-1784.91
15.38306132,-1762.82
15.39027664,-1741.13
15.39749195,-1719.77
15.40470727,-1698.86
15.41192259,-1678.41
15.41913791,-1658.29
15.42635323,-1638.73
15.43356855,-1619.62
15.44078387,-1601.13
15.44799919,-1583.09
15.45521451,-1565.61
15.46242983,-1548.81
15.46964515,-1532.46
15.47686047,-1516.66
15.48407579,-1501.43
15.49129111,-1486.71
15.49850643,-1472.44
15.50572175,-1458.67
15.51293707,-1445.35
15.52015239,-1432.48
15.52736771,-1420.06
15.53458303,-1408.09
15.54179835,-1396.57
15.54901367,-1385.49
15.55622899,-1374.82
15.5634443,-1364.59
15.57065962,-1354.81
15.57787494,-1345.48
15.58509026,-1336.6
15.59230558,-1328.06
15.5995209,-1319.91
15.60673622,-1312.1
15.61395154,-1304.62
15.62116686,-1297.32
15.62838218,-1290.29
15.6355975,-1283.43
15.64281282,-1276.92
15.65002814,-1270.51
15.65724346,-1264.38
15.66445878,-1258.48
15.6716741,-1252.86
15.67888942,-1247.52
15.68610474,-1242.3
15.69332006,-1237.41
15.70053538,-1232.63
15.7077507,-1228.13
15.71496602,-1223.75
15.72218134,-1219.54
15.72939665,-1215.43
15.73661197,-1211.61
15.74382729,-1207.85
15.75104261,-1204.3
15.75825793,-1200.93
15.76547325,-1197.67
15.77268857,-1194.53
15.77990389,-1191.55
15.78711921,-1188.63
15.79433453,-1185.82
15.80154985,-1183.23
15.80876517,-1180.59
15.81598049,-1178.12
15.82319581,-1175.7
15.83041113,-1173.45
15.83762645,-1171.2
15.84484177,-1169.01
15.85205709,-1166.93
15.85927241,-1164.91
15.86648773,-1162.94
15.87370305,-1161.03
15.88091837,-1159.23
15.88813369,-1157.49
15.89534901,-1155.8
15.90256432,-1154.23
15.90977964,-1152.71
15.91699496,-1151.25
15.92421028,-1149.9
15.9314256,-1148.55
15.93864092,-1147.21
15.94585624,-1145.91
15.95307156,-1144.56
15.96028688,-1143.22
15.9675022,-1141.92
15.97471752,-1140.57
15.98193284,-1139.28
15.98914816,-1137.93
15.99636348,-1136.58
16.0035788,-1135.24
16.01079412,-1133.89
16.01800944,-1132.59
16.02522476,-1131.24
16.03244008,-1129.95
16.0396554,-1128.77
16.04687072,-1127.48
16.05408604,-1126.3
16.06130136,-1125.18
16.06851667,-1124.05
16.07573199,-1122.93
16.08294731,-1121.75
16.09016263,-1120.68
16.09737795,-1119.61
16.10459327,-1118.49
16.11180859,-1117.53
16.11902391,-1116.52
16.12623923,-1115.57
16.13345455,-1114.55
16.14066987,-1113.6
16.14788519,-1112.7
16.15510051,-1111.74
16.16231583,-1110.79
16.16953115,-1109.83
16.17674647,-1108.99
16.18396179,-1108.03
16.19117711,-1107.14
16.19839243,-1106.24
16.20560775,-1105.39
16.21282307,-1104.49
16.22003839,-1103.54
16.22725371,-1102.53
16.23446902,-1101.57
16.24168434,-1100.5
16.24889966,-1099.38
16.25611498,-1098.31
16.2633303,-1097.13
16.27054562,-1096.06
16.27776094,-1095
16.28497626,-1093.98
16.29219158,-1093.03
16.2994069,-1092.07
16.30662222,-1091.17
16.31383754,-1090.33
16.32105286,-1089.43
16.32826818,-1088.53
16.3354835,-1087.58
16.34269882,-1086.62
16.34991414,-1085.72
16.35712946,-1084.77
16.36434478,-1083.87
16.3715601,-1083.03
16.37877542,-1082.18
16.38599074,-1081.4
16.39320606,-1080.66
16.40042137,-1079.88
16.40763669,-1079.09
16.41485201,-1078.25
16.42206733,-1077.41
16.42928265,-1076.45
16.43649797,-1075.55
16.44371329,-1074.54
16.45092861,-1073.53
16.45814393,-1072.46
16.46535925,-1071.39
16.47257457,-1070.38
16.47978989,-1069.37
16.48700521,-1068.41
16.49422053,-1067.4
16.50143585,-1066.45
16.50865117,-1065.6
16.51586649,-1064.65
16.52308181,-1063.75
16.53029713,-1062.85
16.53751245,-1061.95
16.54472777,-1060.99
16.55194309,-1060.04
16.55915841,-1059.2
16.56637372,-1058.24
16.57358904,-1057.4
16.58080436,-1056.56
16.58801968,-1055.71
16.595235,-1054.93
16.60245032,-1054.14
16.60966564,-1053.35
16.61688096,-1052.51
16.62409628,-1051.61
16.6313116,-1050.71
16.63852692,-1049.75
16.64574224,-1048.8
16.65295756,-1047.84
16.66017288,-1046.83
16.6673882,-1045.82
16.67460352,-1044.87
16.68181884,-1043.85
16.68903416,-1043.01
16.69624948,-1042.06
16.7034648,-1041.21
16.71068012,-1040.31
16.71789544,-1039.41
16.72511076,-1038.51
16.73232607,-1037.67
16.73954139,-1036.83
16.74675671,-1035.99
16.75397203,-1035.09
16.76118735,-1034.24
16.76840267,-1033.4
16.77561799,-1032.5
16.78283331,-1031.55
16.79004863,-1030.53
16.79726395,-1029.58
16.80447927,-1028.51
16.81169459,-1027.5
16.81890991,-1026.49
16.82612523,-1025.53
16.83334055,-1024.63
16.84055587,-1023.73
16.84777119,-1022.84
16.85498651,-1021.99
16.86220183,-1021.15
16.86941715,-1020.36
16.87663247,-1019.52
16.88384779,-1018.68
16.89106311,-1017.78
16.89827842,-1016.82
16.90549374,-1015.92
16.91270906,-1015.02
16.91992438,-1014.01
16.9271397,-1013.06
16.93435502,-1012.04
16.94157034,-1011.03
16.94878566,-1010.08
16.95600098,-1009.07
16.9632163,-1008.17
16.97043162,-1007.27
16.97764694,-1006.48
16.98486226,-1005.75
16.99207758,-1005.08
16.9992929,-1004.46
17.00650822,-1003.78
17.01372354,-1003.11
17.02093886,-1002.49
17.02815418,-1001.82
17.0353695,-1001.09
17.04258482,-1000.36
17.04980014,-999.68
17.05701546,-999.01
17.06423077,-998.33
17.07144609,-997.71
17.07866141,-997.1
17.08587673,-996.42
17.09309205,-995.75
17.10030737,-995.02
17.10752269,-994.23
17.11473801,-993.33
17.12195333,-992.43
17.12916865,-991.53
17.13638397,-990.63
17.14359929,-989.73
17.15081461,-988.89
17.15802993,-987.99
17.16524525,-987.15
17.17246057,-986.31
17.17967589,-985.46
17.18689121,-984.56
17.19410653,-983.61
17.20132185,-982.71
17.20853717,-981.7
17.21575249,-980.74
17.22296781,-979.79
17.23018312,-978.89
17.23739844,-977.99
17.24461376,-977.14
17.25182908,-976.3
17.2590444,-975.51
17.26625972,-974.73
17.27347504,-973.94
17.28069036,-973.15
17.28790568,-972.31
17.295121,-971.52
17.30233632,-970.57
17.30955164,-969.61
17.31676696,-968.66
17.32398228,-967.7
17.3311976,-966.69
17.33841292,-965.68
17.34562824,-964.78
17.35284356,-963.94
17.36005888,-963.04
17.3672742,-962.25
17.37448952,-961.46
17.38170484,-960.68
17.38892016,-959.83
17.39613547,-958.99
17.40335079,-958.15
17.41056611,-957.31
17.41778143,-956.52
17.42499675,-955.68
17.43221207,-954.89
17.43942739,-954.21
17.44664271,-953.48
17.45385803,-952.81
17.46107335,-952.08
17.46828867,-951.35
17.47550399,-950.51
17.48271931,-949.66
17.48993463,-948.71
17.49714995,-947.7
17.50436527,-946.8
17.51158059,-945.78
17.51879591,-944.89
17.52601123,-944.04
17.53322655,-943.2
17.54044187,-942.47
17.54765719,-941.74
17.55487251,-941.12
17.56208782,-940.5
17.56930314,-939.88
17.57651846,-939.27
17.58373378,-938.7
17.5909491,-938.03
17.59816442,-937.41
17.60537974,-936.74
17.61259506,-936.12
17.61981038,-935.39
17.6270257,-934.71
17.63424102,-933.98
17.64145634,-933.31
17.64867166,-932.63
17.65588698,-931.9
17.6631023,-931.17
17.67031762,-930.39
17.67753294,-929.66
17.68474826,-928.98
17.69196358,-928.19
17.6991789,-927.52
17.70639422,-926.79
17.71360954,-926.11
17.72082486,-925.44
17.72804017,-924.77
17.73525549,-924.09
17.74247081,-923.47
17.74968613,-922.74
17.75690145,-922.07
17.76411677,-921.39
17.77133209,-920.61
17.77854741,-919.82
17.78576273,-919.09
17.79297805,-918.3
17.80019337,-917.52
17.80740869,-916.79
17.81462401,-916
17.82183933,-915.27
17.82905465,-914.54
17.83626997,-913.81
17.84348529,-913.13
17.85070061,-912.4
17.85791593,-911.67
17.86513125,-911
17.87234657,-910.32
17.87956189,-909.59
17.88677721,-908.92
17.89399252,-908.24
17.90120784,-907.51
17.90842316,-906.84
17.91563848,-906.16
17.9228538,-905.43
17.93006912,-904.76
17.93728444,-904.08
17.94449976,-903.35
17.95171508,-902.57
17.9589304,-901.84
17.96614572,-901.11
17.97336104,-900.26
17.98057636,-899.53
17.98779168,-898.75
17.995007,-898.01
18.00222232,-897.23
18.00943764,-896.5
18.01665296,-895.77
