0,102.95
0.00721532,103.85
0.014430639,104.75
0.021645959,105.71
0.028861278,106.61
0.036076598,107.51
0.043291917,108.4
0.050507237,109.19
0.057722557,109.92
0.064937876,110.43
0.072153196,110.77
0.079368515,110.71
0.086583835,110.37
0.093799154,109.7
0.101014474,108.69
0.108229793,107.56
0.115445113,106.33
0.122660433,105.15
0.129875752,104.25
0.137091072,103.68
0.144306391,103.63
0.151521711,103.97
0.15873703,104.81
0.16595235,105.99
0.17316767,107.45
0.180382989,109.19
0.187598309,110.99
0.194813628,112.84
0.202028948,114.7
0.209244267,116.55
0.216459587,118.46
0.223674907,120.21
0.230890226,121.95
0.238105546,123.64
0.245320865,125.32
0.252536185,126.95
0.259751504,128.52
0.266966824,130.04
0.274182144,131.56
0.281397463,132.96
0.288612783,134.31
0.295828102,135.61
0.303043422,136.9
0.310258741,138.08
0.317474061,139.2
0.32468938,140.33
0.3319047,141.34
0.33912002,142.41
0.346335339,143.42
0.353550659,144.49
0.360765978,145.5
0.367981298,146.45
0.375196617,147.46
0.382411937,148.48
0.389627257,149.49
0.396842576,150.39
0.404057896,151.29
0.411273215,152.18
0.418488535,153.03
0.425703854,153.76
0.432919174,154.43
0.440134494,155.05
0.447349813,155.67
0.454565133,156.17
0.461780452,156.62
0.468995772,157.07
0.476211091,157.41
0.483426411,157.8
0.490641731,158.14
0.49785705,158.48
0.50507237,158.82
0.512287689,159.15
0.519503009,159.49
0.526718328,159.88
0.533933648,160.33
0.541148967,160.73
0.548364287,161.23
0.555579607,161.79
0.562794926,162.36
0.570010246,163.03
0.577225565,163.82
0.584440885,164.6
0.591656204,165.39
0.598871524,166.23
0.606086844,167.13
0.613302163,167.98
0.620517483,168.82
0.627732802,169.61
0.634948122,170.45
0.642163441,171.24
0.649378761,172.02
0.656594081,172.75
0.6638094,173.54
0.67102472,174.38
0.678240039,175.17
0.685455359,176.07
0.692670678,176.91
0.699885998,177.76
0.707101318,178.6
0.714316637,179.44
0.721531957,180.23
0.728747276,180.96
0.735962596,181.69
0.743177915,182.31
0.750393235,182.93
0.757608554,183.49
0.764823874,184.05
0.772039194,184.61
0.779254513,185.17
0.786469833,185.79
0.793685152,186.47
0.800900472,187.14
0.808115791,187.82
0.815331111,188.49
0.822546431,189.16
0.82976175,189.89
0.83697707,190.57
0.844192389,191.24
0.851407709,191.92
0.858623028,192.59
0.865838348,193.27
0.873053668,193.94
0.880268987,194.62
0.887484307,195.4
0.894699626,196.19
0.901914946,197.03
0.909130265,197.88
0.916345585,198.72
0.923560905,199.56
0.930776224,200.35
0.937991544,201.08
0.945206863,201.81
0.952422183,202.43
0.959637502,202.99
0.966852822,203.61
0.974068141,204.23
0.981283461,204.79
0.988498781,205.46
0.9957141,206.14
1.00292942,206.75
1.010144739,207.43
1.017360059,208.1
1.024575378,208.72
1.031790698,209.28
1.039006018,209.73
1.046221337,210.13
1.053436657,210.52
1.060651976,210.86
1.067867296,211.14
1.075082615,211.48
1.082297935,211.87
1.089513255,212.21
1.096728574,212.54
1.103943894,212.99
1.111159213,213.44
1.118374533,213.95
1.125589852,214.51
1.132805172,215.07
1.140020492,215.69
1.147235811,216.31
1.154451131,217.04
1.16166645,217.77
1.16888177,218.5
1.176097089,219.18
1.183312409,219.79
1.190527728,220.47
1.197743048,221.03
1.204958368,221.54
1.212173687,222.15
1.219389007,222.6
1.226604326,223.17
1.233819646,223.78
1.241034965,224.4
1.248250285,225.02
1.255465605,225.69
1.262680924,226.37
1.269896244,226.93
1.277111563,227.61
1.284326883,228.11
1.291542202,228.67
1.298757522,229.18
1.305972842,229.68
1.313188161,230.25
1.320403481,230.81
1.3276188,231.43
1.33483412,232.16
1.342049439,232.94
1.349264759,233.84
1.356480079,234.8
1.363695398,235.75
1.370910718,236.77
1.378126037,237.83
1.385341357,238.79
1.392556676,239.74
1.399771996,240.59
1.406987315,241.54
1.414202635,242.33
1.421417955,243.12
1.428633274,243.96
1.435848594,244.86
1.443063913,245.7
1.450279233,246.66
1.457494552,247.72
1.464709872,248.74
1.471925192,249.86
1.479140511,251.04
1.486355831,252.28
1.49357115,253.46
1.50078647,254.75
1.508001789,256.04
1.515217109,257.45
1.522432429,258.85
1.529647748,260.26
1.536863068,261.66
1.544078387,263.12
1.551293707,264.53
1.558509026,265.93
1.565724346,267.34
1.572939665,268.69
1.580154985,270.09
1.587370305,271.44
1.594585624,272.9
1.601800944,274.36
1.609016263,275.94
1.616231583,277.51
1.623446902,279.2
1.630662222,280.88
1.637877542,282.62
1.645092861,284.48
1.652308181,286.33
1.6595235,288.24
1.66673882,290.21
1.673954139,292.18
1.681169459,294.26
1.688384779,296.39
1.695600098,298.47
1.702815418,300.61
1.710030737,302.8
1.717246057,304.99
1.724461376,307.18
1.731676696,309.43
1.738892016,311.68
1.746107335,313.93
1.753322655,316.12
1.760537974,318.37
1.767753294,320.67
1.774968613,322.92
1.782183933,325.22
1.789399252,327.47
1.796614572,329.83
1.803829892,332.19
1.811045211,334.55
1.818260531,336.91
1.82547585,339.27
1.83269117,341.69
1.839906489,344.05
1.847121809,346.41
1.854337129,348.72
1.861552448,350.96
1.868767768,353.27
1.875983087,355.46
1.883198407,357.65
1.890413726,359.73
1.897629046,361.92
1.904844366,364.11
1.912059685,366.25
1.919275005,368.39
1.926490324,370.58
1.933705644,372.83
1.940920963,375.07
1.948136283,377.32
1.955351603,379.51
1.962566922,381.71
1.969782242,383.84
1.976997561,386.03
1.984212881,388.11
1.9914282,390.25
1.99864352,392.33
2.005858839,394.41
2.013074159,396.43
2.020289479,398.45
2.027504798,400.42
2.034720118,402.39
2.041935437,404.24
2.049150757,406.04
2.056366076,407.89
2.063581396,409.58
2.070796716,411.32
2.078012035,413.01
2.085227355,414.64
2.092442674,416.21
2.099657994,417.79
2.106873313,419.42
2.114088633,420.99
2.121303953,422.45
2.128519272,423.91
2.135734592,425.32
2.142949911,426.67
2.150165231,428.01
2.15738055,429.31
2.16459587,430.6
2.17181119,431.89
2.179026509,433.18
2.186241829,434.42
2.193457148,435.66
2.200672468,436.95
2.207887787,438.07
2.215103107,439.2
2.222318426,440.32
2.229533746,441.28
2.236749066,442.18
2.243964385,443.02
2.251179705,443.81
2.258395024,444.54
2.265610344,445.27
2.272825663,446
2.280040983,446.73
2.287256303,447.46
2.294471622,448.19
2.301686942,448.98
2.308902261,449.82
2.316117581,450.61
2.3233329,451.39
2.33054822,452.18
2.33776354,452.91
2.344978859,453.59
2.352194179,454.26
2.359409498,454.77
2.366624818,455.33
2.373840137,455.83
2.381055457,456.34
2.388270777,456.79
2.395486096,457.18
2.402701416,457.63
2.409916735,457.97
2.417132055,458.36
2.424347374,458.76
2.431562694,459.15
2.438778013,459.49
2.445993333,459.88
2.453208653,460.16
2.460423972,460.5
2.467639292,460.89
2.474854611,461.17
2.482069931,461.51
2.48928525,461.79
2.49650057,462.13
2.50371589,462.41
2.510931209,462.69
2.518146529,463.03
2.525361848,463.31
2.532577168,463.65
2.539792487,463.93
2.547007807,464.15
2.554223127,464.38
2.561438446,464.6
2.568653766,464.77
2.575869085,464.99
2.583084405,465.16
2.590299724,465.33
2.597515044,465.56
2.604730364,465.72
2.611945683,465.95
2.619161003,466.12
2.626376322,466.23
2.633591642,466.34
2.640806961,466.34
2.648022281,466.4
2.6552376,466.46
2.66245292,466.51
2.66966824,466.57
2.676883559,466.74
2.684098879,466.9
2.691314198,467.07
2.698529518,467.35
2.705744837,467.64
2.712960157,467.86
2.720175477,468.03
2.727390796,468.14
2.734606116,468.25
2.741821435,468.25
2.749036755,468.25
2.756252074,468.2
2.763467394,468.14
2.770682714,468.14
2.777898033,468.14
2.785113353,468.25
2.792328672,468.37
2.799543992,468.53
2.806759311,468.76
2.813974631,469.04
2.821189951,469.32
2.82840527,469.66
2.83562059,469.88
2.842835909,470.11
2.850051229,470.33
2.857266548,470.39
2.864481868,470.39
2.871697187,470.39
2.878912507,470.39
2.886127827,470.33
2.893343146,470.33
2.900558466,470.33
2.907773785,470.45
2.914989105,470.56
2.922204424,470.67
2.929419744,470.84
2.936635064,470.95
2.943850383,471.06
2.951065703,471.12
2.958281022,471.23
2.965496342,471.29
2.972711661,471.34
2.979926981,471.46
2.987142301,471.46
2.99435762,471.51
3.00157294,471.63
3.008788259,471.68
3.016003579,471.85
3.023218898,471.96
3.030434218,472.19
3.037649537,472.36
3.044864857,472.58
3.052080177,472.81
3.059295496,473.09
3.066510816,473.26
3.073726135,473.48
3.080941455,473.65
3.088156774,473.82
3.095372094,473.93
3.102587414,474.04
3.109802733,474.15
3.117018053,474.27
3.124233372,474.44
3.131448692,474.6
3.138664011,474.83
3.145879331,475.11
3.153094651,475.39
3.16030997,475.73
3.16752529,476.01
3.174740609,476.35
3.181955929,476.63
3.189171248,476.85
3.196386568,477.13
3.203601888,477.41
3.210817207,477.58
3.218032527,477.86
3.225247846,478.09
3.232463166,478.37
3.239678485,478.71
3.246893805,479.1
3.254109124,479.49
3.261324444,479.94
3.268539764,480.34
3.275755083,480.67
3.282970403,481.01
3.290185722,481.35
3.297401042,481.69
3.304616361,482.02
3.311831681,482.42
3.319047001,482.81
3.32626232,483.26
3.33347764,483.76
3.340692959,484.21
3.347908279,484.66
3.355123598,485.17
3.362338918,485.62
3.369554238,486.01
3.376769557,486.41
3.383984877,486.74
3.391200196,487.08
3.398415516,487.42
3.405630835,487.75
3.412846155,487.98
3.420061475,488.26
3.427276794,488.49
3.434492114,488.65
3.441707433,488.82
3.448922753,489.1
3.456138072,489.33
3.463353392,489.55
3.470568711,489.95
3.477784031,490.34
3.484999351,490.73
3.49221467,491.18
3.49942999,491.69
3.506645309,492.19
3.513860629,492.64
3.521075948,493.04
3.528291268,493.49
3.535506588,493.82
3.542721907,494.27
3.549937227,494.67
3.557152546,495.06
3.564367866,495.57
3.571583185,495.96
3.578798505,496.47
3.586013825,496.97
3.593229144,497.42
3.600444464,497.87
3.607659783,498.43
3.614875103,498.88
3.622090422,499.33
3.629305742,499.78
3.636521062,500.23
3.643736381,500.68
3.650951701,501.13
3.65816702,501.58
3.66538234,502.14
3.672597659,502.65
3.679812979,503.15
3.687028298,503.77
3.694243618,504.39
3.701458938,504.95
3.708674257,505.57
3.715889577,506.13
3.723104896,506.75
3.730320216,507.31
3.737535535,507.93
3.744750855,508.49
3.751966175,509.11
3.759181494,509.73
3.766396814,510.35
3.773612133,511.02
3.780827453,511.64
3.788042772,512.31
3.795258092,512.88
3.802473412,513.38
3.809688731,513.89
3.816904051,514.39
3.82411937,514.9
3.83133469,515.29
3.838550009,515.8
3.845765329,516.3
3.852980649,516.87
3.860195968,517.48
3.867411288,518.1
3.874626607,518.83
3.881841927,519.51
3.889057246,520.18
3.896272566,520.8
3.903487885,521.47
3.910703205,521.98
3.917918525,522.6
3.925133844,523.16
3.932349164,523.78
3.939564483,524.4
3.946779803,525.02
3.953995122,525.75
3.961210442,526.48
3.968425762,527.15
3.975641081,527.88
3.982856401,528.56
3.99007172,529.23
3.99728704,529.85
4.004502359,530.47
4.011717679,530.97
4.018932999,531.59
4.026148318,532.1
4.033363638,532.55
4.040578957,533.11
4.047794277,533.67
4.055009596,534.23
4.062224916,534.85
4.069440236,535.52
4.076655555,536.26
4.083870875,537.04
4.091086194,537.77
4.098301514,538.56
4.105516833,539.4
4.112732153,540.19
4.119947472,540.98
4.127162792,541.71
4.134378112,542.33
4.141593431,543.06
4.148808751,543.67
4.15602407,544.24
4.16323939,544.85
4.170454709,545.42
4.177670029,545.98
4.184885349,546.6
4.192100668,547.16
4.199315988,547.83
4.206531307,548.45
4.213746627,549.18
4.220961946,549.86
4.228177266,550.47
4.235392586,551.2
4.242607905,551.88
4.249823225,552.5
4.257038544,553.06
4.264253864,553.62
4.271469183,554.18
4.278684503,554.75
4.285899823,555.25
4.293115142,555.87
4.300330462,556.38
4.307545781,556.99
4.314761101,557.67
4.32197642,558.34
4.32919174,559.02
4.336407059,559.69
4.343622379,560.48
4.350837699,561.21
4.358053018,562
4.365268338,562.78
4.372483657,563.51
4.379698977,564.24
4.386914296,564.97
4.394129616,565.76
4.401344936,566.49
4.408560255,567.22
4.415775575,567.95
4.422990894,568.68
4.430206214,569.3
4.437421533,569.98
4.444636853,570.59
4.451852173,571.21
4.459067492,571.77
4.466282812,572.34
4.473498131,572.9
4.480713451,573.46
4.48792877,574.02
4.49514409,574.64
4.502359409,575.2
4.509574729,575.88
4.516790049,576.55
4.524005368,577.23
4.531220688,577.96
4.538436007,578.74
4.545651327,579.59
4.552866646,580.37
4.560081966,581.16
4.567297286,581.95
4.574512605,582.62
4.581727925,583.24
4.588943244,583.86
4.596158564,584.36
4.603373883,584.81
4.610589203,585.32
4.617804523,585.77
4.625019842,586.33
4.632235162,586.89
4.639450481,587.57
4.646665801,588.18
4.65388112,588.86
4.66109644,589.59
4.66831176,590.26
4.675527079,590.99
4.682742399,591.67
4.689957718,592.4
4.697173038,593.02
4.704388357,593.75
4.711603677,594.37
4.718818996,595.1
4.726034316,595.77
4.733249636,596.5
4.740464955,597.12
4.747680275,597.74
4.754895594,598.3
4.762110914,598.81
4.769326233,599.26
4.776541553,599.59
4.783756873,599.99
4.790972192,600.27
4.798187512,600.49
4.805402831,600.77
4.812618151,601.11
4.81983347,601.45
4.82704879,601.84
4.83426411,602.35
4.841479429,602.8
4.848694749,603.41
4.855910068,603.98
4.863125388,604.59
4.870340707,605.21
4.877556027,605.83
4.884771347,606.39
4.891986666,607.01
4.899201986,607.63
4.906417305,608.3
4.913632625,608.98
4.920847944,609.65
4.928063264,610.38
4.935278583,611.11
4.942493903,611.84
4.949709223,612.58
4.956924542,613.31
4.964139862,613.87
4.971355181,614.49
4.978570501,614.99
4.98578582,615.55
4.99300114,616.06
5.00021646,616.57
5.007431779,617.01
5.014647099,617.58
5.021862418,618.14
5.029077738,618.64
5.036293057,619.26
5.043508377,619.82
5.050723697,620.27
5.057939016,620.84
5.065154336,621.29
5.072369655,621.79
5.079584975,622.24
5.086800294,622.75
5.094015614,623.2
5.101230934,623.76
5.108446253,624.32
5.115661573,625
5.122876892,625.73
5.130092212,626.51
5.137307531,627.3
5.144522851,628.2
5.15173817,629.04
5.15895349,629.94
5.16616881,630.73
5.173384129,631.51
5.180599449,632.36
5.187814768,633.09
5.195030088,633.82
5.202245407,634.55
5.209460727,635.34
5.216676047,636.18
5.223891366,637.02
5.231106686,637.87
5.238322005,638.71
5.245537325,639.49
5.252752644,640.28
5.259967964,641.07
5.267183284,641.74
5.274398603,642.42
5.281613923,643.09
5.288829242,643.71
5.296044562,644.38
5.303259881,645
5.310475201,645.68
5.317690521,646.41
5.32490584,647.08
5.33212116,647.76
5.339336479,648.43
5.346551799,649.16
5.353767118,649.78
5.360982438,650.4
5.368197757,650.96
5.375413077,651.52
5.382628397,652.03
5.389843716,652.59
5.397059036,653.15
5.404274355,653.71
5.411489675,654.33
5.418704994,655.06
5.425920314,655.85
5.433135634,656.75
5.440350953,657.7
5.447566273,658.66
5.454781592,659.67
5.461996912,660.68
5.469212231,661.64
5.476427551,662.65
5.483642871,663.55
5.49085819,664.39
5.49807351,665.29
5.505288829,666.08
5.512504149,666.98
5.519719468,667.82
5.526934788,668.72
5.534150108,669.51
5.541365427,670.46
5.548580747,671.36
5.555796066,672.37
5.563011386,673.33
5.570226705,674.34
5.577442025,675.41
5.584657344,676.47
5.591872664,677.54
5.599087984,678.61
5.606303303,679.68
5.613518623,680.63
5.620733942,681.64
5.627949262,682.6
5.635164581,683.56
5.642379901,684.51
5.649595221,685.41
5.65681054,686.37
5.66402586,687.32
5.671241179,688.22
5.678456499,689.18
5.685671818,690.13
5.692887138,691.14
5.700102458,692.1
5.707317777,693.05
5.714533097,694.01
5.721748416,694.91
5.728963736,695.92
5.736179055,696.88
5.743394375,697.77
5.750609695,698.73
5.757825014,699.63
5.765040334,700.53
5.772255653,701.43
5.779470973,702.38
5.786686292,703.23
5.793901612,704.18
5.801116931,705.08
5.808332251,705.98
5.815547571,706.93
5.82276289,707.83
5.82997821,708.79
5.837193529,709.69
5.844408849,710.64
5.851624168,711.54
5.858839488,712.55
5.866054808,713.51
5.873270127,714.58
5.880485447,715.65
5.887700766,716.77
5.894916086,717.89
5.902131405,719.07
5.909346725,720.14
5.916562045,721.27
5.923777364,722.22
5.930992684,723.18
5.938208003,724.02
5.945423323,724.86
5.952638642,725.59
5.959853962,726.38
5.967069281,727.17
5.974284601,727.95
5.981499921,728.8
5.98871524,729.64
5.99593056,730.48
6.003145879,731.38
6.010361199,732.22
6.017576518,733.12
6.024791838,734.02
6.032007158,734.87
6.039222477,735.65
6.046437797,736.5
6.053653116,737.28
6.060868436,738.13
6.068083755,738.91
6.075299075,739.76
6.082514395,740.65
6.089729714,741.61
6.096945034,742.51
6.104160353,743.41
6.111375673,744.25
6.118590992,745.15
6.125806312,745.88
6.133021632,746.67
6.140236951,747.4
6.147452271,748.19
6.15466759,748.92
6.16188291,749.65
6.169098229,750.43
6.176313549,751.28
6.183528868,752.12
6.190744188,753.02
6.197959508,753.92
6.205174827,754.7
6.212390147,755.55
6.219605466,756.39
6.226820786,757.12
6.234036105,757.85
6.241251425,758.53
6.248466745,759.2
6.255682064,759.82
6.262897384,760.44
6.270112703,761.11
6.277328023,761.73
6.284543342,762.4
6.291758662,763.13
6.298973982,763.92
6.306189301,764.71
6.313404621,765.44
6.32061994,766.17
6.32783526,766.9
6.335050579,767.52
6.342265899,768.14
6.349481219,768.7
6.356696538,769.32
6.363911858,769.94
6.371127177,770.61
6.378342497,771.34
6.385557816,772.13
6.392773136,773.03
6.399988455,773.87
6.407203775,774.71
6.414419095,775.5
6.421634414,776.34
6.428849734,777.07
6.436065053,777.86
6.443280373,778.59
6.450495692,779.26
6.457711012,779.99
6.464926332,780.73
6.472141651,781.46
6.479356971,782.19
6.48657229,782.92
6.49378761,783.7
6.501002929,784.43
6.508218249,785.11
6.515433569,785.84
6.522648888,786.57
6.529864208,787.3
6.537079527,788.03
6.544294847,788.82
6.551510166,789.61
6.558725486,790.39
6.565940806,791.12
6.573156125,791.97
6.580371445,792.75
6.587586764,793.48
6.594802084,794.27
6.602017403,795
6.609232723,795.73
6.616448042,796.52
6.623663362,797.3
6.630878682,798.09
6.638094001,798.77
6.645309321,799.5
6.65252464,800.11
6.65973996,800.68
6.666955279,801.24
6.674170599,801.74
6.681385919,802.25
6.688601238,802.76
6.695816558,803.21
6.703031877,803.77
6.710247197,804.33
6.717462516,804.89
6.724677836,805.51
6.731893156,806.18
6.739108475,806.86
6.746323795,807.59
6.753539114,808.32
6.760754434,809.05
6.767969753,809.67
6.775185073,810.29
6.782400393,810.9
6.789615712,811.35
6.796831032,811.86
6.804046351,812.25
6.811261671,812.7
6.81847699,813.1
6.82569231,813.55
6.832907629,814
6.840122949,814.56
6.847338269,815.12
6.854553588,815.68
6.861768908,816.41
6.868984227,817.09
6.876199547,817.82
6.883414866,818.6
6.890630186,819.39
6.897845506,820.12
6.905060825,820.8
6.912276145,821.53
6.919491464,822.14
6.926706784,822.76
6.933922103,823.27
6.941137423,823.77
6.948352743,824.22
6.955568062,824.62
6.962783382,825.07
6.969998701,825.46
6.977214021,825.91
6.98442934,826.42
6.99164466,827.03
6.99885998,827.71
7.006075299,828.38
7.013290619,829.17
7.020505938,830.01
7.027721258,830.86
7.034936577,831.81
7.042151897,832.71
7.049367216,833.67
7.056582536,834.51
7.063797856,835.3
7.071013175,836.08
7.078228495,836.87
7.085443814,837.66
7.092659134,838.33
7.099874453,839.17
7.107089773,839.9
7.114305093,840.8
7.121520412,841.65
7.128735732,842.49
7.135951051,843.39
7.143166371,844.23
7.15038169,845.13
7.15759701,845.86
7.16481233,846.59
7.172027649,847.32
7.179242969,847.94
7.186458288,848.62
7.193673608,849.29
7.200888927,849.96
7.208104247,850.58
7.215319567,851.31
7.222534886,852.04
7.229750206,852.77
7.236965525,853.56
7.244180845,854.35
7.251396164,855.25
7.258611484,856.2
7.265826803,857.21
7.273042123,858.23
7.280257443,859.29
7.287472762,860.36
7.294688082,861.37
7.301903401,862.44
7.309118721,863.4
7.31633404,864.41
7.32354936,865.31
7.33076468,866.21
7.337979999,867.05
7.345195319,867.95
7.352410638,868.73
7.359625958,869.47
7.366841277,870.25
7.374056597,870.93
7.381271917,871.71
7.388487236,872.5
7.395702556,873.46
7.402917875,874.47
7.410133195,875.59
7.417348514,876.77
7.424563834,878.06
7.431779153,879.36
7.438994473,880.59
7.446209793,881.89
7.453425112,883.12
7.460640432,884.13
7.467855751,885.15
7.475071071,886.1
7.48228639,886.94
7.48950171,887.79
7.49671703,888.52
7.503932349,889.36
7.511147669,890.2
7.518362988,891.1
7.525578308,892.06
7.532793627,893.01
7.540008947,894.08
7.547224267,895.2
7.554439586,896.27
7.561654906,897.45
7.568870225,898.63
7.576085545,899.93
7.583300864,901.16
7.590516184,902.4
7.597731504,903.63
7.604946823,904.87
7.612162143,906.05
7.619377462,907.23
7.626592782,908.36
7.633808101,909.54
7.641023421,910.6
7.64823874,911.67
7.65545406,912.74
7.66266938,913.92
7.669884699,915.1
7.677100019,916.28
7.684315338,917.57
7.691530658,918.81
7.698745977,920.1
7.705961297,921.45
7.713176617,922.74
7.720391936,924.09
7.727607256,925.38
7.734822575,926.73
7.742037895,928.03
7.749253214,929.37
7.756468534,930.67
7.763683854,931.96
7.770899173,933.25
7.778114493,934.54
7.785329812,935.78
7.792545132,937.07
7.799760451,938.48
7.806975771,939.77
7.814191091,941.18
7.82140641,942.53
7.82862173,943.93
7.835837049,945.34
7.843052369,946.74
7.850267688,948.09
7.857483008,949.55
7.864698327,950.96
7.871913647,952.42
7.879128967,953.99
7.886344286,955.51
7.893559606,957.08
7.900774925,958.71
7.907990245,960.23
7.915205564,961.8
7.922420884,963.21
7.929636204,964.61
7.936851523,965.96
7.944066843,967.25
7.951282162,968.6
7.958497482,969.95
7.965712801,971.3
7.972928121,972.76
7.980143441,974.33
7.98735876,975.85
7.99457408,977.54
8.001789399,979.17
8.009004719,980.8
8.016220038,982.37
8.023435358,984
8.030650678,985.63
8.037865997,987.2
8.045081317,988.83
8.052296636,990.46
8.059511956,992.15
8.066727275,993.84
8.073942595,995.58
8.081157914,997.32
8.088373234,999.06
8.095588554,1000.8
8.102803873,1002.49
8.110019193,1004.18
8.117234512,1005.81
8.124449832,1007.44
8.131665151,1009.12
8.138880471,1010.81
8.146095791,1012.55
8.15331111,1014.35
8.16052643,1016.26
8.167741749,1018.17
8.174957069,1020.19
8.182172388,1022.22
8.189387708,1024.24
8.196603028,1026.32
8.203818347,1028.34
8.211033667,1030.37
8.218248986,1032.33
8.225464306,1034.19
8.232679625,1036.04
8.239894945,1037.78
8.247110265,1039.53
8.254325584,1041.21
8.261540904,1042.95
8.268756223,1044.64
8.275971543,1046.38
8.283186862,1048.18
8.290402182,1050.04
8.297617501,1051.89
8.304832821,1053.8
8.312048141,1055.77
8.31926346,1057.74
8.32647878,1059.65
8.333694099,1061.67
8.340909419,1063.58
8.348124738,1065.55
8.355340058,1067.51
8.362555378,1069.48
8.369770697,1071.39
8.376986017,1073.36
8.384201336,1075.33
8.391416656,1077.29
8.398631975,1079.26
8.405847295,1081.23
8.413062615,1083.14
8.420277934,1084.99
8.427493254,1086.85
8.434708573,1088.65
8.441923893,1090.5
8.449139212,1092.3
8.456354532,1094.04
8.463569852,1095.9
8.470785171,1097.75
8.478000491,1099.6
8.48521581,1101.57
8.49243113,1103.43
8.499646449,1105.45
8.506861769,1107.3
8.514077088,1109.16
8.521292408,1111.01
8.528507728,1112.81
8.535723047,1114.5
8.542938367,1116.3
8.550153686,1118.04
8.557369006,1119.84
8.564584325,1121.69
8.571799645,1123.66
8.579014965,1125.62
8.586230284,1127.76
8.593445604,1129.84
8.600660923,1131.92
8.607876243,1134.05
8.615091562,1136.13
8.622306882,1138.27
8.629522202,1140.35
8.636737521,1142.43
8.643952841,1144.56
8.65116816,1146.76
8.65838348,1148.95
8.665598799,1151.25
8.672814119,1153.56
8.680029439,1155.92
8.687244758,1158.33
8.694460078,1160.75
8.701675397,1163.17
8.708890717,1165.53
8.716106036,1167.89
8.723321356,1170.3
8.730536675,1172.61
8.737751995,1174.97
8.744967315,1177.39
8.752182634,1179.8
8.759397954,1182.33
8.766613273,1184.92
8.773828593,1187.56
8.781043912,1190.31
8.788259232,1193.18
8.795474552,1196.16
8.802689871,1199.19
8.809905191,1202.28
8.81712051,1205.43
8.82433583,1208.69
8.831551149,1211.95
8.838766469,1215.21
8.845981789,1218.47
8.853197108,1221.84
8.860412428,1225.27
8.867627747,1228.7
8.874843067,1232.18
8.882058386,1235.78
8.889273706,1239.49
8.896489025,1243.25
8.903704345,1247.19
8.910919665,1251.18
8.918134984,1255.45
8.925350304,1259.77
8.932565623,1264.21
8.939780943,1268.82
8.946996262,1273.66
8.954211582,1278.55
8.961426902,1283.6
8.968642221,1288.77
8.975857541,1294.11
8.98307286,1299.56
8.99028818,1305.18
8.997503499,1310.8
9.004718819,1316.65
9.011934139,1322.66
9.019149458,1328.73
9.026364778,1334.97
9.033580097,1341.38
9.040795417,1347.95
9.048010736,1354.64
9.055226056,1361.5
9.062441376,1368.52
9.069656695,1375.71
9.076872015,1383.08
9.084087334,1390.66
9.091302654,1398.48
9.098517973,1406.51
9.105733293,1414.77
9.112948612,1423.32
9.120163932,1432.14
9.127379252,1441.19
9.134594571,1450.52
9.141809891,1460.13
9.14902521,1469.91
9.15624053,1480.08
9.163455849,1490.48
9.170671169,1501.15
9.177886489,1512.22
9.185101808,1523.69
9.192317128,1535.49
9.199532447,1547.69
9.206747767,1560.33
9.213963086,1573.37
9.221178406,1586.86
9.228393726,1600.57
9.235609045,1614.79
9.242824365,1629.29
9.250039684,1644.24
9.257255004,1659.52
9.264470323,1675.15
9.271685643,1691.28
9.278900963,1707.74
9.286116282,1724.77
9.293331602,1742.25
9.300546921,1760.29
9.307762241,1778.84
9.31497756,1798.06
9.32219288,1817.84
9.329408199,1838.13
9.336623519,1859.03
9.343838839,1880.5
9.351054158,1902.48
9.358269478,1925.01
9.365484797,1948
9.372700117,1971.6
9.379915436,1995.77
9.387130756,2020.5
9.394346076,2045.84
9.401561395,2071.81
9.408776715,2098.5
9.415992034,2125.98
9.423207354,2154.08
9.430422673,2183.08
9.437637993,2212.76
9.444853313,2243.16
9.452068632,2274.35
9.459283952,2306.16
9.466499271,2338.76
9.473714591,2371.97
9.48092991,2405.75
9.48814523,2440.31
9.49536055,2475.49
9.502575869,2511.52
9.509791189,2548.38
9.517006508,2586.15
9.524221828,2624.87
9.531437147,2664.72
9.538652467,2705.63
9.545867786,2747.56
9.553083106,2790.66
9.560298426,2834.78
9.567513745,2880.02
9.574729065,2926.27
9.581944384,2973.71
9.589159704,3022.15
9.596375023,3071.72
9.603590343,3122.35
9.610805663,3174.11
9.618020982,3227
9.625236302,3280.95
9.632451621,3335.97
9.639666941,3392
9.64688226,3448.99
9.65409758,3507.1
9.6613129,3566.22
9.668528219,3626.47
9.675743539,3687.73
9.682958858,3750.22
9.690174178,3813.9
9.697389497,3878.75
9.704604817,3944.84
9.711820137,4012.17
9.719035456,4080.9
9.726250776,4150.81
9.733466095,4222.13
9.740681415,4294.8
9.747896734,4368.7
9.755112054,4444.01
9.762327373,4520.61
9.769542693,4598.45
9.776758013,4677.63
9.783973332,4758.28
9.791188652,4840.22
9.798403971,4923.56
9.805619291,5008.43
9.81283461,5094.69
9.82004993,5182.53
9.82726525,5271.84
9.834480569,5362.66
9.841695889,5454.88
9.848911208,5548.56
9.856126528,5643.66
9.863341847,5740.21
9.870557167,5838.11
9.877772487,5937.41
9.884987806,6038.07
9.892203126,6140.13
9.899418445,6243.65
9.906633765,6348.57
9.913849084,6454.96
9.921064404,6562.75
9.928279724,6672
9.935495043,6782.89
9.942710363,6895.23
9.949925682,7009.26
9.957141002,7124.75
9.964356321,7241.87
9.971571641,7360.62
9.97878696,7480.95
9.98600228,7602.9
9.9932176,7726.48
10.00043292,7851.58
10.00764824,7978.2
10.01486356,8106.23
10.02207888,8235.6
10.0292942,8366.32
10.03650952,8498.28
10.04372484,8631.47
10.05094016,8765.79
10.05815548,8901.46
10.0653708,9038.3
10.07258611,9176.44
10.07980143,9315.93
10.08701675,9456.77
10.09423207,9598.96
10.10144739,9742.38
10.10866271,9886.98
10.11587803,10032.82
10.12309335,10179.73
10.13030867,10327.76
10.13752399,10476.8
10.14473931,10626.85
10.15195463,10777.97
10.15916995,10930.16
10.16638527,11083.37
10.17360059,11237.58
10.18081591,11392.75
10.18803123,11548.87
10.19524655,11705.89
10.20246187,11863.76
10.20967719,12022.52
10.21689251,12182.08
10.22410783,12342.53
10.23132315,12503.71
10.23853846,12665.73
10.24575378,12828.38
10.2529691,12991.69
10.26018442,13155.63
10.26739974,13320.01
10.27461506,13484.79
10.28183038,13649.85
10.2890457,13815.14
10.29626102,13980.59
10.30347634,14145.98
10.31069166,14311.55
10.31790698,14477.06
10.3251223,14642.62
10.33233762,14808.08
10.33955294,14973.53
10.34676826,15138.76
10.35398358,15303.82
10.3611989,15468.6
10.36841422,15632.87
10.37562954,15796.75
10.38284486,15960.12
10.39006018,16122.82
10.3972755,16285.07
10.40449081,16446.64
10.41170613,16607.66
10.41892145,16768
10.42613677,16927.72
10.43335209,17086.65
10.44056741,17244.85
10.44778273,17402.27
10.45499805,17558.73
10.46221337,17714.12
10.46942869,17868.45
10.47664401,18021.54
10.48385933,18173.28
10.49107465,18323.56
10.49828997,18472.26
10.50550529,18619.34
10.51272061,18764.67
10.51993593,18908.26
10.52715125,19050.11
10.53436657,19190.1
10.54158189,19328.3
10.54879721,19464.58
10.55601253,19598.9
10.56322785,19731.25
10.57044316,19861.52
10.57765848,19989.49
10.5848738,20115.27
10.59208912,20238.63
10.59930444,20359.68
10.60651976,20478.15
10.61373508,20594.09
10.6209504,20707.33
10.62816572,20817.99
10.63538104,20925.95
10.64259636,21031.22
10.64981168,21133.72
10.657027,21233.48
10.66424232,21330.54
10.67145764,21424.67
10.67867296,21516.11
10.68588828,21604.68
10.6931036,21690.22
10.70031892,21772.83
10.70753424,21852.41
10.71474956,21928.79
10.72196488,22001.9
10.7291802,22071.81
10.73639551,22138.47
10.74361083,22201.69
10.75082615,22261.49
10.75804147,22317.8
10.76525679,22370.74
10.77247211,22420.25
10.77968743,22466.28
10.78690275,22508.99
10.79411807,22548.33
10.80133339,22584.25
10.80854871,22616.9
10.81576403,22646.12
10.82297935,22671.97
10.83019467,22694.45
10.83740999,22713.39
10.84462531,22728.96
10.85184063,22740.88
10.85905595,22749.31
10.86627127,22754.25
10.87348659,22755.54
10.88070191,22753.35
10.88791723,22747.62
10.89513255,22738.29
10.90234786,22725.53
10.90956318,22709.23
10.9167785,22689.56
10.92399382,22666.58
10.93120914,22640.22
10.93842446,22610.72
10.94563978,22577.95
10.9528551,22542.15
10.96007042,22503.21
10.96728574,22461.17
10.97450106,22416.04
10.98171638,22367.82
10.9889317,22316.4
10.99614702,22261.94
11.00336234,22204.28
11.01057766,22143.58
11.01779298,22079.85
11.0250083,22013.03
11.03222362,21943.34
11.03943894,21870.79
11.04665426,21795.37
11.05386958,21717.25
11.0610849,21636.55
11.06830022,21553.2
11.07551553,21467.5
11.08273085,21379.37
11.08994617,21288.95
11.09716149,21196.33
11.10437681,21101.41
11.11159213,21004.35
11.11880745,20905.1
11.12602277,20803.72
11.13323809,20700.14
11.14045341,20594.49
11.14766873,20486.75
11.15488405,20376.99
11.16209937,20265.32
11.16931469,20151.8
11.17653001,20036.48
11.18374533,19919.35
11.19096065,19800.55
11.19817597,19680.22
11.20539129,19558.27
11.21260661,19434.97
11.21982193,19310.26
11.22703725,19184.26
11.23425257,19057.02
11.24146788,18928.6
11.2486832,18799.06
11.25589852,18668.45
11.26311384,18536.67
11.27032916,18403.81
11.27754448,18270
11.2847598,18135.17
11.29197512,17999.56
11.29919044,17863.22
11.30640576,17726.32
11.31362108,17588.8
11.3208364,17450.88
11.32805172,17312.57
11.33526704,17173.87
11.34248236,17034.83
11.34969768,16895.57
11.356913,16756.08
11.36412832,16616.42
11.37134364,16476.65
11.37855896,16336.83
11.38577428,16197
11.3929896,16057.07
11.40020492,15917.13
11.40742023,15777.19
11.41463555,15637.25
11.42185087,15497.37
11.42906619,15357.54
11.43628151,15217.89
11.44349683,15078.46
11.45071215,14939.3
11.45792747,14800.49
11.46514279,14661.96
11.47235811,14523.87
11.47957343,14386.24
11.48678875,14249
11.49400407,14112.26
11.50121939,13975.92
11.50843471,13840.03
11.51565003,13704.59
11.52286535,13569.65
11.53008067,13435.22
11.53729599,13301.47
11.54451131,13168.27
11.55172663,13035.87
11.55894195,12904.25
11.56615727,12773.58
11.57337258,12643.81
11.5805879,12514.89
11.58780322,12386.98
11.59501854,12260.08
11.60223386,12134.14
11.60944918,12009.09
11.6166645,11885.11
11.62387982,11762.09
11.63109514,11640.08
11.63831046,11519.08
11.64552578,11399.21
11.6527411,11280.35
11.65995642,11162.55
11.66717174,11045.82
11.67438706,10930.22
11.68160238,10815.57
11.6888177,10701.99
11.69603302,10589.48
11.70324834,10477.87
11.71046366,10367.27
11.71767898,10257.68
11.7248943,10149.04
11.73210962,10041.47
11.73932493,9934.92
11.74654025,9829.49
11.75375557,9725.18
11.76097089,9622.05
11.76818621,9520.11
11.77540153,9419.4
11.78261685,9319.92
11.78983217,9221.74
11.79704749,9124.63
11.80426281,9028.64
11.81147813,8933.72
11.81869345,8839.75
11.82590877,8746.63
11.83312409,8654.29
11.84033941,8562.85
11.84755473,8472.09
11.85477005,8382.17
11.86198537,8293.09
11.86920069,8204.86
11.87641601,8117.58
11.88363133,8031.14
11.89084665,7945.78
11.89806197,7861.25
11.90527728,7777.63
11.9124926,7694.79
11.91970792,7612.79
11.92692324,7531.41
11.93413856,7450.71
11.94135388,7370.63
11.9485692,7290.99
11.95578452,7211.8
11.96299984,7133.07
11.97021516,7054.67
11.97743048,6976.55
11.9846458,6898.55
11.99186112,6820.54
11.99907644,6742.37
12.00629176,6663.91
12.01350708,6584.78
12.0207224,6504.75
12.02793772,6423.54
12.03515304,6340.93
12.04236836,6256.35
12.04958368,6169.69
12.056799,6080.44
12.06401432,5988.16
12.07122963,5892.4
12.07844495,5792.64
12.08566027,5688.39
12.09287559,5579.03
12.10009091,5463.82
12.10730623,5342.09
12.11452155,5213.05
12.12173687,5075.87
12.12895219,4929.52
12.13616751,4773.17
12.14338283,4605.7
12.15059815,4426.14
12.15781347,4233.26
12.16502879,4026.16
12.17224411,3803.72
12.17945943,3564.87
12.18667475,3308.49
12.19389007,3033.78
12.20110539,2739.69
12.20832071,2425.31
12.21553603,2089.96
12.22275135,1732.75
12.22996667,1353.18
12.23718198,950.67
12.2443973,525.02
12.25161262,76.15
12.25882794,-395.87
12.26604326,-890.6
12.27325858,-1407.36
12.2804739,-1945.3
12.28768922,-2503.09
12.29490454,-3079.36
12.30211986,-3672.33
12.30933518,-4280.13
12.3165505,-4900.41
12.32376582,-5530.86
12.33098114,-6168.79
12.33819646,-6811.38
12.34541178,-7455.49
12.3526271,-8098.02
12.35984242,-8735.67
12.36705774,-9365.05
12.37427306,-9982.69
12.38148838,-10585.15
12.3887037,-11169.13
12.39591902,-11731.18
12.40313433,-12268.17
12.41034965,-12776.95
12.41756497,-13254.77
12.42478029,-13698.86
12.43199561,-14106.87
12.43921093,-14476.83
12.44642625,-14806.78
12.45364157,-15095.2
12.46085689,-15341.08
12.46807221,-15543.51
12.47528753,-15701.94
12.48250285,-15816.25
12.48971817,-15886.67
12.49693349,-15913.53
12.50414881,-15897.79
12.51136413,-15840.47
12.51857945,-15742.91
12.52579477,-15606.68
12.53301009,-15433.64
12.54022541,-15225.76
12.54744073,-14985.16
12.55465605,-14714.17
12.56187137,-14415.24
12.56908668,-14090.74
12.576302,-13743.31
12.58351732,-13375.43
12.59073264,-12989.5
12.59794796,-12588.29
12.60516328,-12173.98
12.6123786,-11749.28
12.61959392,-11316.26
12.62680924,-10877.22
12.63402456,-10434.37
12.64123988,-9989.66
12.6484552,-9544.72
12.65567052,-9101.36
12.66288584,-8661.03
12.67010116,-8225.09
12.67731648,-7794.77
12.6845318,-7371.19
12.69174712,-6955.31
12.69896244,-6548.08
12.70617776,-6150.3
12.71339308,-5762.69
12.7206084,-5385.81
12.72782372,-5020.06
12.73503903,-4665.89
12.74225435,-4323.35
12.74946967,-3992.67
12.75668499,-3673.85
12.76390031,-3366.77
12.77111563,-3071.44
12.77833095,-2787.8
12.78554627,-2515.68
12.79276159,-2254.91
12.79997691,-2005.38
12.80719223,-1766.92
12.81440755,-1539.2
12.82162287,-1322.04
12.82883819,-1115.17
12.83605351,-918.3
12.84326883,-731.16
12.85048415,-553.45
12.85769947,-384.8
12.86491479,-225.02
12.87213011,-73.67
12.87934543,69.51
12.88656075,204.68
12.89377607,332.36
12.90099138,452.69
12.9082067,566.15
12.91542202,672.93
12.92263734,773.25
12.92985266,867.5
12.93706798,955.84
12.9442833,1038.46
12.95149862,1115.68
12.95871394,1187.61
12.96592926,1254.44
12.97314458,1316.37
12.9803599,1373.47
12.98757522,1425.96
12.99479054,1473.84
13.00200586,1517.28
13.00922118,1556.34
13.0164365,1591.02
13.02365182,1621.42
13.03086714,1647.61
13.03808246,1669.58
13.04529778,1687.29
13.0525131,1700.72
13.05972842,1709.88
13.06694373,1714.66
13.07415905,1714.99
13.08137437,1710.84
13.08858969,1702.01
13.09580501,1688.47
13.10302033,1669.98
13.11023565,1646.54
13.11745097,1617.88
13.12466629,1583.94
13.13188161,1544.65
13.13909693,1499.8
13.14631225,1449.39
13.15352757,1393.36
13.16074289,1331.77
13.16795821,1264.5
13.17517353,1191.83
13.18238885,1113.6
13.18960417,1030.14
13.19681949,941.46
13.20403481,847.94
13.21125013,749.7
13.21846545,647.14
13.22568077,540.53
13.23289608,430.37
13.2401114,317.19
13.24732672,201.42
13.25454204,83.68
13.26175736,-35.46
13.26897268,-155.22
13.276188,-274.93
13.28340332,-393.79
13.29061864,-511.02
13.29783396,-625.73
13.30504928,-737.23
13.3122646,-844.62
13.31947992,-947.25
13.32669524,-1044.3
13.33391056,-1135.35
13.34112588,-1219.59
13.3483412,-1296.7
13.35555652,-1366.16
13.36277184,-1427.64
13.36998716,-1480.7
13.37720248,-1525.26
13.3844178,-1561.06
13.39163312,-1587.87
13.39884843,-1605.8
13.40606375,-1614.85
13.41327907,-1615.13
13.42049439,-1606.81
13.42770971,-1590.17
13.43492503,-1565.61
13.44214035,-1533.52
13.44935567,-1494.35
13.45657099,-1448.49
13.46378631,-1396.4
13.47100163,-1338.68
13.47821695,-1275.74
13.48543227,-1207.96
13.49264759,-1136.02
13.49986291,-1060.32
13.50707823,-981.42
13.51429355,-899.76
13.52150887,-816.02
13.52872419,-730.54
13.53593951,-643.93
13.54315483,-556.49
13.55037015,-468.76
13.55758547,-381.09
13.56480079,-293.86
13.5720161,-207.37
13.57923142,-121.95
13.58644674,-37.99
13.59366206,44.39
13.60087738,124.93
13.6080927,203.38
13.61530802,279.76
13.62252334,353.89
13.62973866,425.82
13.63695398,495.4
13.6441693,562.56
13.65138462,627.41
13.65859994,689.74
13.66581526,749.53
13.67303058,806.8
13.6802459,861.6
13.68746122,913.86
13.69467654,963.71
13.70189186,1011.26
13.70910718,1056.61
13.7163225,1099.72
13.72353782,1140.8
13.73075314,1179.86
13.73796845,1216.95
13.74518377,1252.07
13.75239909,1285.4
13.75961441,1316.76
13.76682973,1346.43
13.77404505,1374.31
13.78126037,1400.5
13.78847569,1425.23
13.79569101,1448.44
13.80290633,1470.24
13.81012165,1490.81
13.81733697,1510.15
13.82455229,1528.3
13.83176761,1545.38
13.83898293,1561.29
13.84619825,1576.12
13.85341357,1590.01
13.86062889,1602.88
13.86784421,1614.9
13.87505953,1626.03
13.88227485,1636.37
13.88949017,1646.04
13.89670549,1655.03
13.9039208,1663.46
13.91113612,1671.27
13.91835144,1678.58
13.92556676,1685.38
13.93278208,1691.73
13.9399974,1697.57
13.94721272,1703.02
13.95442804,1708.08
13.96164336,1712.75
13.96885868,1717.07
13.976074,1721.06
13.98328932,1724.66
13.99050464,1728.03
13.99771996,1731.01
14.00493528,1733.77
14.0121506,1736.29
14.01936592,1738.65
14.02658124,1740.79
14.03379656,1742.7
14.04101188,1744.44
14.0482272,1746.02
14.05544252,1747.42
14.06265784,1748.55
14.06987315,1749.5
14.07708847,1750.12
14.08430379,1750.51
14.09151911,1750.57
14.09873443,1750.34
14.10594975,1749.84
14.11316507,1749
14.12038039,1747.82
14.12759571,1746.3
14.13481103,1744.5
14.14202635,1742.31
14.14924167,1739.78
14.15645699,1736.8
14.16367231,1733.37
14.17088763,1729.49
14.17810295,1725
14.18531827,1719.88
14.19253359,1714.1
14.19974891,1707.63
14.20696423,1700.21
14.21417955,1692.01
14.22139487,1682.9
14.22861019,1672.73
14.2358255,1661.44
14.24304082,1648.85
14.25025614,1635.02
14.25747146,1619.62
14.26468678,1602.76
14.2719021,1584.16
14.27911742,1563.82
14.28633274,1541.56
14.29354806,1517.28
14.30076338,1490.87
14.3079787,1462.21
14.31519402,1431.24
14.32240934,1397.69
14.32962466,1361.55
14.33683998,1322.55
14.3440553,1280.74
14.35127062,1236
14.35848594,1188.23
14.36570126,1137.37
14.37291658,1083.42
14.3801319,1026.38
14.38734722,966.07
14.39456254,902.68
14.40177785,836.08
14.40899317,766.34
14.41620849,693.62
14.42342381,618.03
14.43063913,539.68
14.43785445,458.76
14.44506977,375.52
14.45228509,290.16
14.45950041,202.93
14.46671573,114.02
14.47393105,23.77
14.48114637,-67.55
14.48836169,-159.55
14.49557701,-251.88
14.50279233,-344.16
14.51000765,-435.77
14.51722297,-526.42
14.52443829,-615.5
14.53165361,-702.55
14.53886893,-787.19
14.54608425,-868.9
14.55329957,-947.19
14.56051489,-1021.6
14.5677302,-1091.79
14.57494552,-1157.32
14.58216084,-1217.79
14.58937616,-1272.98
14.59659148,-1322.55
14.6038068,-1366.27
14.61102212,-1403.87
14.61823744,-1435.29
14.62545276,-1460.24
14.63266808,-1478.73
14.6398834,-1490.64
14.64709872,-1495.87
14.65431404,-1494.63
14.66152936,-1486.77
14.66874468,-1472.49
14.67596,-1451.98
14.68317532,-1425.28
14.69039064,-1392.74
14.69760596,-1354.47
14.70482128,-1310.8
14.7120366,-1261.91
14.71925192,-1208.13
14.72646724,-1149.73
14.73368255,-1087.07
14.74089787,-1020.53
14.74811319,-950.56
14.75532851,-877.5
14.76254383,-801.91
14.76975915,-724.13
14.77697447,-644.72
14.78418979,-564.02
14.79140511,-482.58
14.79862043,-400.81
14.80583575,-319.15
14.81305107,-237.89
14.82026639,-157.58
14.82748171,-78.39
14.83469703,-0.84
14.84191235,74.85
14.84912767,148.42
14.85634299,219.62
14.86355831,288.36
14.87077363,354.22
14.87798895,417.34
14.88520427,477.47
14.89241959,534.51
14.8996349,588.3
14.90685022,638.71
14.91406554,685.69
14.92128086,729.19
14.92849618,769.04
14.9357115,805.28
14.94292682,837.82
14.95014214,866.82
14.95735746,892.17
14.96457278,914.14
14.9717881,932.69
14.97900342,948.09
14.98621874,960.4
14.99343406,969.84
15.00064938,976.53
15.0078647,980.69
15.01508002,982.54
15.02229534,982.31
15.02951066,980.07
15.03672598,976.08
15.0439413,970.51
15.05115662,963.54
15.05837194,955.23
15.06558725,945.95
15.07280257,935.78
15.08001789,924.93
15.08723321,913.53
15.09444853,901.95
15.10166385,890.2
15.10887917,878.68
15.11609449,867.5
15.12330981,856.71
15.13052513,846.65
15.13774045,837.32
15.14495577,828.89
15.15217109,821.53
15.15938641,815.29
15.16660173,810.23
15.17381705,806.52
15.18103237,804.16
15.18824769,803.32
15.19546301,803.88
15.20267833,805.96
15.20989365,809.61
15.21710897,814.78
15.22432429,821.47
15.2315396,829.73
15.23875492,839.45
15.24597024,850.69
15.25318556,863.23
15.26040088,877.16
15.2676162,892.23
15.27483152,908.41
15.28204684,925.61
15.28926216,943.71
15.29647748,962.7
15.3036928,982.6
15.31090812,1003.17
15.31812344,1024.46
15.32533876,1046.44
15.33255408,1068.98
15.3397694,1092.07
15.34698472,1115.62
15.35420004,1139.56
15.36141536,1163.73
15.36863068,1188.12
15.375846,1212.57
15.38306132,1237.01
15.39027664,1261.35
15.39749195,1285.46
15.40470727,1309.29
15.41192259,1332.78
15.41913791,1355.76
15.42635323,1378.36
15.43356855,1400.39
15.44078387,1421.97
15.44799919,1442.99
15.45521451,1463.5
15.46242983,1483.39
15.46964515,1502.73
15.47686047,1521.55
15.48407579,1539.71
15.49129111,1557.24
15.49850643,1574.04
15.50572175,1590.17
15.51293707,1605.69
15.52015239,1620.52
15.52736771,1634.68
15.53458303,1648.17
15.54179835,1661.04
15.54901367,1673.29
15.55622899,1684.98
15.5634443,1696.11
15.57065962,1706.73
15.57787494,1716.85
15.58509026,1726.46
15.59230558,1735.56
15.5995209,1744.16
15.60673622,1752.37
15.61395154,1760.12
15.62116686,1767.49
15.62838218,1774.4
15.6355975,1780.97
15.64281282,1787.27
15.65002814,1793.11
15.65724346,1798.73
15.66445878,1804.02
15.6716741,1808.96
15.67888942,1813.63
15.68610474,1818.01
15.69332006,1822.17
15.70053538,1825.99
15.7077507,1829.64
15.71496602,1833.07
15.72218134,1836.33
15.72939665,1839.48
15.73661197,1842.46
15.74382729,1845.38
15.75104261,1848.19
15.75825793,1850.89
15.76547325,1853.53
15.77268857,1856.06
15.77990389,1858.47
15.78711921,1860.78
15.79433453,1862.97
15.80154985,1865.05
15.80876517,1867.02
15.81598049,1868.87
15.82319581,1870.61
15.83041113,1872.35
15.83762645,1873.98
15.84484177,1875.61
15.85205709,1877.13
15.85927241,1878.65
15.86648773,1880.11
15.87370305,1881.51
15.88091837,1882.86
15.88813369,1884.16
15.89534901,1885.45
15.90256432,1886.69
15.90977964,1887.87
15.91699496,1888.99
15.92421028,1890
15.9314256,1891.01
15.93864092,1892.08
15.94585624,1893.04
15.95307156,1894.1
15.96028688,1895.12
15.9675022,1896.18
15.97471752,1897.31
15.98193284,1898.49
15.98914816,1899.67
15.99636348,1900.74
16.0035788,1901.92
16.01079412,1902.98
16.01800944,1903.94
16.02522476,1904.89
16.03244008,1905.85
16.0396554,1906.64
16.04687072,1907.48
16.05408604,1908.21
16.06130136,1908.94
16.06851667,1909.67
16.07573199,1910.4
16.08294731,1911.13
16.09016263,1911.92
16.09737795,1912.71
16.10459327,1913.55
16.11180859,1914.5
16.11902391,1915.4
16.12623923,1916.36
16.13345455,1917.31
16.14066987,1918.27
16.14788519,1919.17
16.15510051,1920.12
16.16231583,1920.97
16.16953115,1921.87
16.17674647,1922.71
16.18396179,1923.55
16.19117711,1924.45
16.19839243,1925.24
16.20560775,1926.14
16.21282307,1926.92
16.22003839,1927.77
16.22725371,1928.55
16.23446902,1929.4
16.24168434,1930.24
16.24889966,1931.14
16.25611498,1932.15
16.2633303,1933.11
16.27054562,1934.17
16.27776094,1935.24
16.28497626,1936.31
16.29219158,1937.27
16.2994069,1938.11
16.30662222,1939.01
16.31383754,1939.79
16.32105286,1940.47
16.32826818,1941.14
16.3354835,1941.82
16.34269882,1942.55
16.34991414,1943.22
16.35712946,1943.95
16.36434478,1944.68
16.3715601,1945.47
16.37877542,1946.26
16.38599074,1947.04
16.39320606,1947.83
16.40042137,1948.56
16.40763669,1949.35
16.41485201,1950.14
16.42206733,1950.87
16.42928265,1951.71
16.43649797,1952.55
16.44371329,1953.45
16.45092861,1954.35
16.45814393,1955.31
16.46535925,1956.26
16.47257457,1957.27
16.47978989,1958.23
16.48700521,1959.18
16.49422053,1960.19
16.50143585,1961.09
16.50865117,1961.88
16.51586649,1962.72
16.52308181,1963.57
16.53029713,1964.35
16.53751245,1965.08
16.54472777,1965.87
16.55194309,1966.71
16.55915841,1967.44
16.56637372,1968.23
16.57358904,1969.02
16.58080436,1969.69
16.58801968,1970.42
16.595235,1971.1
16.60245032,1971.77
16.60966564,1972.45
16.61688096,1973.18
16.62409628,1973.96
16.6313116,1974.86
16.63852692,1975.76
16.64574224,1976.72
16.65295756,1977.73
16.66017288,1978.74
16.6673882,1979.75
16.67460352,1980.71
16.68181884,1981.66
16.68903416,1982.51
16.69624948,1983.35
16.7034648,1984.19
16.71068012,1984.98
16.71789544,1985.77
16.72511076,1986.5
16.73232607,1987.17
16.73954139,1987.9
16.74675671,1988.63
16.75397203,1989.31
16.76118735,1990.04
16.76840267,1990.71
16.77561799,1991.5
16.78283331,1992.29
16.79004863,1993.13
16.79726395,1993.97
16.80447927,1994.87
16.81169459,1995.77
16.81890991,1996.67
16.82612523,1997.57
16.83334055,1998.47
16.84055587,1999.31
16.84777119,2000.15
16.85498651,2000.94
16.86220183,2001.73
16.86941715,2002.57
16.87663247,2003.41
16.88384779,2004.37
16.89106311,2005.32
16.89827842,2006.34
16.90549374,2007.35
16.91270906,2008.3
16.91992438,2009.31
16.9271397,2010.21
16.93435502,2011.11
16.94157034,2011.96
16.94878566,2012.74
16.95600098,2013.58
16.9632163,2014.32
16.97043162,2015.1
16.97764694,2015.89
16.98486226,2016.62
16.99207758,2017.46
16.9992929,2018.31
17.00650822,2019.15
17.01372354,2019.94
17.02093886,2020.78
17.02815418,2021.62
17.0353695,2022.46
17.04258482,2023.25
17.04980014,2024.04
17.05701546,2024.77
17.06423077,2025.44
17.07144609,2026.17
17.07866141,2026.96
17.08587673,2027.75
17.09309205,2028.59
17.10030737,2029.55
17.10752269,2030.61
17.11473801,2031.68
17.12195333,2032.86
17.12916865,2033.99
17.13638397,2035.22
17.14359929,2036.29
17.15081461,2037.36
17.15802993,2038.31
17.16524525,2039.16
17.17246057,2040.06
17.17967589,2040.84
17.18689121,2041.63
17.19410653,2042.47
17.20132185,2043.37
17.20853717,2044.27
17.21575249,2045.23
17.22296781,2046.18
17.23018312,2047.14
17.23739844,2048.15
17.24461376,2049.1
17.25182908,2050.06
17.2590444,2050.96
17.26625972,2051.91
17.27347504,2052.81
17.28069036,2053.71
17.28790568,2054.61
17.295121,2055.57
17.30233632,2056.52
17.30955164,2057.48
17.31676696,2058.43
17.32398228,2059.44
17.3311976,2060.4
17.33841292,2061.47
17.34562824,2062.42
17.35284356,2063.55
17.36005888,2064.67
17.3672742,2065.74
17.37448952,2066.81
17.38170484,2067.93
17.38892016,2069
17.39613547,2069.95
17.40335079,2071.02
17.41056611,2071.98
17.41778143,2072.93
17.42499675,2073.94
17.43221207,2074.9
17.43942739,2075.91
17.44664271,2076.87
17.45385803,2077.82
17.46107335,2078.72
17.46828867,2079.73
17.47550399,2080.69
17.48271931,2081.7
17.48993463,2082.77
17.49714995,2083.78
17.50436527,2084.9
17.51158059,2086.03
17.51879591,2087.09
17.52601123,2088.22
17.53322655,2089.29
17.54044187,2090.3
17.54765719,2091.2
17.55487251,2092.15
17.56208782,2093.05
17.56930314,2094.01
17.57651846,2094.96
17.58373378,2095.97
17.5909491,2096.93
17.59816442,2098.05
17.60537974,2099.18
17.61259506,2100.3
17.61981038,2101.48
17.6270257,2102.61
17.63424102,2103.67
17.64145634,2104.74
17.64867166,2105.75
17.65588698,2106.71
17.6631023,2107.61
17.67031762,2108.45
17.67753294,2109.35
17.68474826,2110.14
17.69196358,2110.98
17.6991789,2111.82
17.70639422,2112.67
17.71360954,2113.56
17.72082486,2114.46
17.72804017,2115.42
17.73525549,2116.32
17.74247081,2117.27
17.74968613,2118.23
17.75690145,2119.13
17.76411677,2120.08
17.77133209,2120.98
17.77854741,2121.94
17.78576273,2122.84
17.79297805,2123.74
17.80019337,2124.58
17.80740869,2125.48
17.81462401,2126.43
17.82183933,2127.33
17.82905465,2128.23
17.83626997,2129.19
17.84348529,2130.09
17.85070061,2130.99
17.85791593,2131.94
17.86513125,2132.79
17.87234657,2133.68
17.87956189,2134.64
17.88677721,2135.54
17.89399252,2136.44
17.90120784,2137.28
17.90842316,2138.18
17.91563848,2139.02
17.9228538,2139.92
17.93006912,2140.71
17.93728444,2141.55
17.94449976,2142.34
17.95171508,2143.13
17.9589304,2143.91
17.96614572,2144.7
17.97336104,2145.49
17.98057636,2146.33
17.98779168,2147.12
17.995007,2147.96
18.00222232,2148.75
18.00943764,2149.53
18.01665296,2150.32
