0,34.11
0.00721532,34.78
0.014430639,35.51
0.021645959,36.19
0.028861278,36.81
0.036076598,37.37
0.043291917,37.99
0.050507237,38.44
0.057722557,38.94
0.064937876,39.28
0.072153196,39.39
0.079368515,39.34
0.086583835,39.05
0.093799154,38.55
0.101014474,37.87
0.108229793,37.03
0.115445113,36.13
0.122660433,35.34
0.129875752,34.78
0.137091072,34.39
0.144306391,34.45
0.151521711,34.73
0.15873703,35.34
0.16595235,36.19
0.17316767,37.37
0.180382989,38.6
0.187598309,39.95
0.194813628,41.36
0.202028948,42.76
0.209244267,44.22
0.216459587,45.57
0.223674907,46.92
0.230890226,48.16
0.238105546,49.39
0.245320865,50.58
0.252536185,51.7
0.259751504,52.71
0.266966824,53.78
0.274182144,54.79
0.281397463,55.86
0.288612783,56.93
0.295828102,57.88
0.303043422,58.89
0.310258741,59.9
0.317474061,60.8
0.32468938,61.65
0.3319047,62.49
0.33912002,63.22
0.346335339,64.01
0.353550659,64.74
0.360765978,65.52
0.367981298,66.31
0.375196617,67.15
0.382411937,68
0.389627257,68.9
0.396842576,69.74
0.404057896,70.58
0.411273215,71.37
0.418488535,72.04
0.425703854,72.72
0.432919174,73.28
0.440134494,73.79
0.447349813,74.18
0.454565133,74.57
0.461780452,74.97
0.468995772,75.3
0.476211091,75.64
0.483426411,75.87
0.490641731,76.2
0.49785705,76.48
0.50507237,76.76
0.512287689,77.1
0.519503009,77.49
0.526718328,77.89
0.533933648,78.39
0.541148967,78.96
0.548364287,79.63
0.555579607,80.36
0.562794926,81.09
0.570010246,81.93
0.577225565,82.78
0.584440885,83.62
0.591656204,84.46
0.598871524,85.42
0.606086844,86.26
0.613302163,87.22
0.620517483,88.17
0.627732802,89.13
0.634948122,90.14
0.642163441,91.1
0.649378761,92.11
0.656594081,93.06
0.6638094,94.07
0.67102472,94.97
0.678240039,95.98
0.685455359,96.94
0.692670678,97.84
0.699885998,98.74
0.707101318,99.58
0.714316637,100.42
0.721531957,101.21
0.728747276,102
0.735962596,102.78
0.743177915,103.57
0.750393235,104.41
0.757608554,105.2
0.764823874,106.16
0.772039194,107.06
0.779254513,108.01
0.786469833,109.08
0.793685152,110.03
0.800900472,111.1
0.808115791,112.11
0.815331111,113.13
0.822546431,114.08
0.82976175,115.04
0.83697707,115.99
0.844192389,116.89
0.851407709,117.79
0.858623028,118.58
0.865838348,119.42
0.873053668,120.21
0.880268987,120.94
0.887484307,121.61
0.894699626,122.34
0.901914946,123.07
0.909130265,123.75
0.916345585,124.42
0.923560905,125.1
0.930776224,125.77
0.937991544,126.39
0.945206863,127.06
0.952422183,127.68
0.959637502,128.36
0.966852822,129.09
0.974068141,129.82
0.981283461,130.66
0.988498781,131.45
0.9957141,132.35
1.00292942,133.25
1.010144739,134.09
1.017360059,134.93
1.024575378,135.61
1.031790698,136.28
1.039006018,136.95
1.046221337,137.52
1.053436657,138.13
1.060651976,138.75
1.067867296,139.37
1.075082615,139.99
1.082297935,140.78
1.089513255,141.62
1.096728574,142.52
1.103943894,143.36
1.111159213,144.26
1.118374533,145.22
1.125589852,146.06
1.132805172,147.01
1.140020492,147.91
1.147235811,148.81
1.154451131,149.77
1.16166645,150.67
1.16888177,151.62
1.176097089,152.52
1.183312409,153.42
1.190527728,154.26
1.197743048,154.99
1.204958368,155.78
1.212173687,156.51
1.219389007,157.3
1.226604326,158.03
1.233819646,158.82
1.241034965,159.66
1.248250285,160.56
1.255465605,161.46
1.262680924,162.36
1.269896244,163.26
1.277111563,164.21
1.284326883,165.11
1.291542202,166.01
1.298757522,166.91
1.305972842,167.7
1.313188161,168.43
1.320403481,169.16
1.3276188,169.94
1.33483412,170.62
1.342049439,171.35
1.349264759,172.14
1.356480079,172.92
1.363695398,173.77
1.370910718,174.61
1.378126037,175.45
1.385341357,176.29
1.392556676,177.14
1.399771996,177.92
1.406987315,178.65
1.414202635,179.39
1.421417955,180.06
1.428633274,180.68
1.435848594,181.35
1.443063913,181.97
1.450279233,182.7
1.457494552,183.38
1.464709872,184.16
1.471925192,184.89
1.479140511,185.68
1.486355831,186.47
1.49357115,187.25
1.50078647,188.1
1.508001789,188.94
1.515217109,189.73
1.522432429,190.51
1.529647748,191.36
1.536863068,192.31
1.544078387,193.15
1.551293707,194.05
1.558509026,194.9
1.565724346,195.8
1.572939665,196.64
1.580154985,197.48
1.587370305,198.27
1.594585624,199
1.601800944,199.73
1.609016263,200.46
1.616231583,201.19
1.623446902,201.92
1.630662222,202.71
1.637877542,203.5
1.645092861,204.34
1.652308181,205.18
1.6595235,206.14
1.66673882,207.09
1.673954139,208.16
1.681169459,209.23
1.688384779,210.24
1.695600098,211.19
1.702815418,212.26
1.710030737,213.16
1.717246057,214.06
1.724461376,214.96
1.731676696,215.86
1.738892016,216.7
1.746107335,217.6
1.753322655,218.56
1.760537974,219.51
1.767753294,220.41
1.774968613,221.37
1.782183933,222.32
1.789399252,223.22
1.796614572,224.12
1.803829892,224.96
1.811045211,225.69
1.818260531,226.48
1.82547585,227.21
1.83269117,228
1.839906489,228.84
1.847121809,229.85
1.854337129,230.81
1.861552448,231.88
1.868767768,233
1.875983087,234.18
1.883198407,235.42
1.890413726,236.65
1.897629046,237.83
1.904844366,239.01
1.912059685,240.14
1.919275005,241.26
1.926490324,242.27
1.933705644,243.28
1.940920963,244.3
1.948136283,245.25
1.955351603,246.15
1.962566922,247.05
1.969782242,247.89
1.976997561,248.79
1.984212881,249.69
1.9914282,250.53
1.99864352,251.49
2.005858839,252.56
2.013074159,253.51
2.020289479,254.64
2.027504798,255.71
2.034720118,256.77
2.041935437,257.78
2.049150757,258.74
2.056366076,259.7
2.063581396,260.59
2.070796716,261.49
2.078012035,262.39
2.085227355,263.24
2.092442674,264.19
2.099657994,265.2
2.106873313,266.21
2.114088633,267.28
2.121303953,268.46
2.128519272,269.59
2.135734592,270.77
2.142949911,271.95
2.150165231,273.13
2.15738055,274.25
2.16459587,275.38
2.17181119,276.44
2.179026509,277.45
2.186241829,278.52
2.193457148,279.53
2.200672468,280.6
2.207887787,281.56
2.215103107,282.62
2.222318426,283.58
2.229533746,284.59
2.236749066,285.49
2.243964385,286.45
2.251179705,287.35
2.258395024,288.3
2.265610344,289.14
2.272825663,290.1
2.280040983,291.05
2.287256303,292.12
2.294471622,293.13
2.301686942,294.26
2.308902261,295.33
2.316117581,296.45
2.3233329,297.52
2.33054822,298.64
2.33776354,299.77
2.344978859,300.78
2.352194179,301.79
2.359409498,302.8
2.366624818,303.76
2.373840137,304.66
2.381055457,305.55
2.388270777,306.4
2.395486096,307.3
2.402701416,308.08
2.409916735,308.93
2.417132055,309.83
2.424347374,310.67
2.431562694,311.57
2.438778013,312.35
2.445993333,313.25
2.453208653,314.1
2.460423972,314.94
2.467639292,315.78
2.474854611,316.68
2.482069931,317.58
2.48928525,318.48
2.49650057,319.32
2.50371589,320.22
2.510931209,321.12
2.518146529,321.91
2.525361848,322.7
2.532577168,323.48
2.539792487,324.21
2.547007807,324.94
2.554223127,325.67
2.561438446,326.4
2.568653766,327.19
2.575869085,327.92
2.583084405,328.71
2.590299724,329.5
2.597515044,330.34
2.604730364,331.13
2.611945683,331.91
2.619161003,332.81
2.626376322,333.71
2.633591642,334.61
2.640806961,335.51
2.648022281,336.35
2.6552376,337.25
2.66245292,338.09
2.66966824,338.88
2.676883559,339.56
2.684098879,340.23
2.691314198,340.96
2.698529518,341.58
2.705744837,342.25
2.712960157,342.98
2.720175477,343.66
2.727390796,344.39
2.734606116,345.06
2.741821435,345.79
2.749036755,346.47
2.756252074,347.2
2.763467394,347.93
2.770682714,348.72
2.777898033,349.56
2.785113353,350.35
2.792328672,351.25
2.799543992,352.09
2.806759311,352.99
2.813974631,353.83
2.821189951,354.62
2.82840527,355.4
2.83562059,356.02
2.842835909,356.7
2.850051229,357.26
2.857266548,357.88
2.864481868,358.44
2.871697187,359.11
2.878912507,359.73
2.886127827,360.41
2.893343146,361.08
2.900558466,361.81
2.907773785,362.54
2.914989105,363.22
2.922204424,363.95
2.929419744,364.62
2.936635064,365.3
2.943850383,365.91
2.951065703,366.59
2.958281022,367.32
2.965496342,367.99
2.972711661,368.72
2.979926981,369.45
2.987142301,370.18
2.99435762,370.97
3.00157294,371.76
3.008788259,372.43
3.016003579,373.16
3.023218898,373.89
3.030434218,374.57
3.037649537,375.24
3.044864857,375.92
3.052080177,376.54
3.059295496,377.27
3.066510816,377.88
3.073726135,378.56
3.080941455,379.29
3.088156774,379.96
3.095372094,380.69
3.102587414,381.37
3.109802733,382.1
3.117018053,382.83
3.124233372,383.56
3.131448692,384.29
3.138664011,384.97
3.145879331,385.64
3.153094651,386.31
3.16030997,386.93
3.16752529,387.55
3.174740609,388.17
3.181955929,388.73
3.189171248,389.35
3.196386568,389.85
3.203601888,390.36
3.210817207,390.92
3.218032527,391.43
3.225247846,391.88
3.232463166,392.44
3.239678485,392.95
3.246893805,393.51
3.254109124,394.07
3.261324444,394.74
3.268539764,395.42
3.275755083,396.15
3.282970403,396.94
3.290185722,397.72
3.297401042,398.57
3.304616361,399.35
3.311831681,400.14
3.319047001,400.93
3.32626232,401.66
3.33347764,402.39
3.340692959,403.01
3.347908279,403.68
3.355123598,404.3
3.362338918,404.92
3.369554238,405.48
3.376769557,406.1
3.383984877,406.66
3.391200196,407.28
3.398415516,408.01
3.405630835,408.68
3.412846155,409.47
3.420061475,410.31
3.427276794,411.1
3.434492114,411.88
3.441707433,412.67
3.448922753,413.4
3.456138072,414.08
3.463353392,414.75
3.470568711,415.26
3.477784031,415.88
3.484999351,416.44
3.49221467,417
3.49942999,417.56
3.506645309,418.18
3.513860629,418.85
3.521075948,419.53
3.528291268,420.26
3.535506588,420.99
3.542721907,421.66
3.549937227,422.39
3.557152546,423.12
3.564367866,423.86
3.571583185,424.53
3.578798505,425.32
3.586013825,426.05
3.593229144,426.83
3.600444464,427.68
3.607659783,428.46
3.614875103,429.31
3.622090422,430.21
3.629305742,431.05
3.636521062,431.84
3.643736381,432.57
3.650951701,433.3
3.65816702,434.03
3.66538234,434.7
3.672597659,435.38
3.679812979,436.11
3.687028298,436.84
3.694243618,437.51
3.701458938,438.24
3.708674257,438.97
3.715889577,439.65
3.723104896,440.32
3.730320216,441.05
3.737535535,441.67
3.744750855,442.29
3.751966175,442.96
3.759181494,443.58
3.766396814,444.31
3.773612133,444.93
3.780827453,445.66
3.788042772,446.39
3.795258092,447.12
3.802473412,447.8
3.809688731,448.53
3.816904051,449.2
3.82411937,449.88
3.83133469,450.55
3.838550009,451.17
3.845765329,451.79
3.852980649,452.35
3.860195968,452.91
3.867411288,453.53
3.874626607,454.09
3.881841927,454.65
3.889057246,455.27
3.896272566,455.83
3.903487885,456.45
3.910703205,457.13
3.917918525,457.8
3.925133844,458.53
3.932349164,459.21
3.939564483,459.94
3.946779803,460.67
3.953995122,461.28
3.961210442,461.85
3.968425762,462.41
3.975641081,462.86
3.982856401,463.31
3.99007172,463.76
3.99728704,464.15
4.004502359,464.43
4.011717679,464.83
4.018932999,465.16
4.026148318,465.5
4.033363638,465.89
4.040578957,466.34
4.047794277,466.79
4.055009596,467.3
4.062224916,467.8
4.069440236,468.42
4.076655555,468.98
4.083870875,469.49
4.091086194,470
4.098301514,470.45
4.105516833,470.95
4.112732153,471.34
4.119947472,471.74
4.127162792,472.13
4.134378112,472.52
4.141593431,472.97
4.148808751,473.42
4.15602407,473.87
4.16323939,474.44
4.170454709,474.94
4.177670029,475.56
4.184885349,476.18
4.192100668,476.8
4.199315988,477.47
4.206531307,478.14
4.213746627,478.88
4.220961946,479.49
4.228177266,480.17
4.235392586,480.79
4.242607905,481.29
4.249823225,481.8
4.257038544,482.19
4.264253864,482.53
4.271469183,482.81
4.278684503,483.09
4.285899823,483.37
4.293115142,483.65
4.300330462,483.99
4.307545781,484.38
4.314761101,484.83
4.32197642,485.28
4.32919174,485.79
4.336407059,486.24
4.343622379,486.69
4.350837699,487.08
4.358053018,487.47
4.365268338,487.75
4.372483657,488.09
4.379698977,488.43
4.386914296,488.71
4.394129616,489.1
4.401344936,489.55
4.408560255,490
4.415775575,490.56
4.422990894,491.18
4.430206214,491.8
4.437421533,492.42
4.444636853,493.04
4.451852173,493.6
4.459067492,494.16
4.466282812,494.67
4.473498131,495.06
4.480713451,495.51
4.48792877,495.9
4.49514409,496.35
4.502359409,496.8
4.509574729,497.2
4.516790049,497.65
4.524005368,498.1
4.531220688,498.6
4.538436007,499.05
4.545651327,499.56
4.552866646,499.95
4.560081966,500.4
4.567297286,500.79
4.574512605,501.19
4.581727925,501.58
4.588943244,501.92
4.596158564,502.31
4.603373883,502.76
4.610589203,503.15
4.617804523,503.66
4.625019842,504.17
4.632235162,504.67
4.639450481,505.18
4.646665801,505.63
4.65388112,506.13
4.66109644,506.58
4.66831176,507.03
4.675527079,507.48
4.682742399,507.93
4.689957718,508.38
4.697173038,508.94
4.704388357,509.45
4.711603677,510.01
4.718818996,510.57
4.726034316,511.08
4.733249636,511.58
4.740464955,512.03
4.747680275,512.43
4.754895594,512.82
4.762110914,513.16
4.769326233,513.55
4.776541553,513.89
4.783756873,514.17
4.790972192,514.51
4.798187512,514.84
4.805402831,515.18
4.812618151,515.57
4.81983347,515.97
4.82704879,516.36
4.83426411,516.87
4.841479429,517.32
4.848694749,517.71
4.855910068,518.16
4.863125388,518.61
4.870340707,519.06
4.877556027,519.45
4.884771347,519.85
4.891986666,520.29
4.899201986,520.74
4.906417305,521.25
4.913632625,521.76
4.920847944,522.32
4.928063264,522.94
4.935278583,523.5
4.942493903,524
4.949709223,524.51
4.956924542,525.02
4.964139862,525.41
4.971355181,525.8
4.978570501,526.2
4.98578582,526.59
4.99300114,526.98
5.00021646,527.49
5.007431779,527.94
5.014647099,528.44
5.021862418,529.01
5.029077738,529.57
5.036293057,530.19
5.043508377,530.75
5.050723697,531.37
5.057939016,531.93
5.065154336,532.49
5.072369655,532.94
5.079584975,533.45
5.086800294,533.95
5.094015614,534.34
5.101230934,534.74
5.108446253,535.19
5.115661573,535.58
5.122876892,536.09
5.130092212,536.54
5.137307531,537.1
5.144522851,537.6
5.15173817,538.22
5.15895349,538.78
5.16616881,539.35
5.173384129,539.91
5.180599449,540.36
5.187814768,540.81
5.195030088,541.26
5.202245407,541.65
5.209460727,542.1
5.216676047,542.49
5.223891366,543
5.231106686,543.56
5.238322005,544.12
5.245537325,544.8
5.252752644,545.53
5.259967964,546.26
5.267183284,546.93
5.274398603,547.66
5.281613923,548.45
5.288829242,549.18
5.296044562,549.91
5.303259881,550.7
5.310475201,551.37
5.317690521,552.05
5.32490584,552.72
5.33212116,553.28
5.339336479,553.9
5.346551799,554.52
5.353767118,555.08
5.360982438,555.7
5.368197757,556.21
5.375413077,556.82
5.382628397,557.44
5.389843716,558
5.397059036,558.62
5.404274355,559.19
5.411489675,559.8
5.418704994,560.42
5.425920314,561.1
5.433135634,561.71
5.440350953,562.39
5.447566273,563.06
5.454781592,563.74
5.461996912,564.3
5.469212231,564.86
5.476427551,565.37
5.483642871,565.76
5.49085819,566.21
5.49807351,566.49
5.505288829,566.88
5.512504149,567.22
5.519719468,567.56
5.526934788,568.01
5.534150108,568.51
5.541365427,569.08
5.548580747,569.69
5.555796066,570.37
5.563011386,571.04
5.570226705,571.83
5.577442025,572.5
5.584657344,573.24
5.591872664,573.91
5.599087984,574.58
5.606303303,575.31
5.613518623,575.99
5.620733942,576.66
5.627949262,577.34
5.635164581,578.07
5.642379901,578.69
5.649595221,579.36
5.65681054,580.04
5.66402586,580.6
5.671241179,581.16
5.678456499,581.72
5.685671818,582.23
5.692887138,582.73
5.700102458,583.24
5.707317777,583.74
5.714533097,584.31
5.721748416,584.81
5.728963736,585.43
5.736179055,586.05
5.743394375,586.78
5.750609695,587.51
5.757825014,588.24
5.765040334,588.97
5.772255653,589.76
5.779470973,590.43
5.786686292,591.11
5.793901612,591.78
5.801116931,592.4
5.808332251,592.96
5.815547571,593.47
5.82276289,594.03
5.82997821,594.48
5.837193529,595.04
5.844408849,595.55
5.851624168,596.11
5.858839488,596.61
5.866054808,597.23
5.873270127,597.85
5.880485447,598.47
5.887700766,599.03
5.894916086,599.71
5.902131405,600.27
5.909346725,600.83
5.916562045,601.39
5.923777364,601.9
5.930992684,602.4
5.938208003,602.91
5.945423323,603.41
5.952638642,603.92
5.959853962,604.48
5.967069281,605.04
5.974284601,605.66
5.981499921,606.28
5.98871524,606.84
5.99593056,607.52
6.003145879,608.14
6.010361199,608.75
6.017576518,609.32
6.024791838,609.88
6.032007158,610.44
6.039222477,610.95
6.046437797,611.45
6.053653116,611.96
6.060868436,612.46
6.068083755,613.02
6.075299075,613.59
6.082514395,614.2
6.089729714,614.82
6.096945034,615.39
6.104160353,616
6.111375673,616.68
6.118590992,617.24
6.125806312,617.8
6.133021632,618.25
6.140236951,618.7
6.147452271,619.09
6.15466759,619.43
6.16188291,619.77
6.169098229,620.16
6.176313549,620.61
6.183528868,621.17
6.190744188,621.74
6.197959508,622.47
6.205174827,623.2
6.212390147,624.04
6.219605466,624.83
6.226820786,625.56
6.234036105,626.23
6.241251425,626.85
6.248466745,627.47
6.255682064,627.97
6.262897384,628.48
6.270112703,628.87
6.277328023,629.32
6.284543342,629.83
6.291758662,630.33
6.298973982,630.95
6.306189301,631.51
6.313404621,632.13
6.32061994,632.81
6.32783526,633.48
6.335050579,634.21
6.342265899,634.94
6.349481219,635.62
6.356696538,636.35
6.363911858,636.97
6.371127177,637.58
6.378342497,638.15
6.385557816,638.65
6.392773136,639.16
6.399988455,639.66
6.407203775,640.06
6.414419095,640.51
6.421634414,640.9
6.428849734,641.18
6.436065053,641.52
6.443280373,641.86
6.450495692,642.19
6.457711012,642.59
6.464926332,642.98
6.472141651,643.43
6.479356971,643.99
6.48657229,644.55
6.49378761,645.17
6.501002929,645.85
6.508218249,646.46
6.515433569,647.19
6.522648888,647.81
6.529864208,648.43
6.537079527,648.99
6.544294847,649.5
6.551510166,650
6.558725486,650.45
6.565940806,650.85
6.573156125,651.13
6.580371445,651.47
6.587586764,651.75
6.594802084,652.14
6.602017403,652.48
6.609232723,652.87
6.616448042,653.26
6.623663362,653.77
6.630878682,654.33
6.638094001,654.84
6.645309321,655.46
6.65252464,656.07
6.65973996,656.64
6.666955279,657.2
6.674170599,657.7
6.681385919,658.15
6.688601238,658.66
6.695816558,659.11
6.703031877,659.5
6.710247197,659.9
6.717462516,660.4
6.724677836,660.96
6.731893156,661.58
6.739108475,662.14
6.746323795,662.87
6.753539114,663.55
6.760754434,664.28
6.767969753,664.95
6.775185073,665.68
6.782400393,666.3
6.789615712,666.86
6.796831032,667.37
6.804046351,667.93
6.811261671,668.44
6.81847699,668.94
6.82569231,669.45
6.832907629,669.96
6.840122949,670.52
6.847338269,671.14
6.854553588,671.75
6.861768908,672.37
6.868984227,672.99
6.876199547,673.61
6.883414866,674.28
6.890630186,674.9
6.897845506,675.52
6.905060825,676.14
6.912276145,676.76
6.919491464,677.32
6.926706784,677.94
6.933922103,678.44
6.941137423,678.89
6.948352743,679.4
6.955568062,679.85
6.962783382,680.24
6.969998701,680.69
6.977214021,681.2
6.98442934,681.7
6.99164466,682.21
6.99885998,682.77
7.006075299,683.44
7.013290619,684.06
7.020505938,684.74
7.027721258,685.41
7.034936577,686.03
7.042151897,686.7
7.049367216,687.32
7.056582536,688
7.063797856,688.56
7.071013175,689.23
7.078228495,689.79
7.085443814,690.3
7.092659134,690.75
7.099874453,691.26
7.107089773,691.65
7.114305093,692.04
7.121520412,692.49
7.128735732,692.94
7.135951051,693.45
7.143166371,693.95
7.15038169,694.57
7.15759701,695.19
7.16481233,695.86
7.172027649,696.54
7.179242969,697.16
7.186458288,697.83
7.193673608,698.45
7.200888927,698.95
7.208104247,699.52
7.215319567,700.02
7.222534886,700.53
7.229750206,701.09
7.236965525,701.6
7.244180845,702.16
7.251396164,702.72
7.258611484,703.34
7.265826803,703.96
7.273042123,704.63
7.280257443,705.25
7.287472762,705.87
7.294688082,706.49
7.301903401,707.16
7.309118721,707.83
7.31633404,708.45
7.32354936,709.18
7.33076468,709.8
7.337979999,710.48
7.345195319,711.15
7.352410638,711.82
7.359625958,712.39
7.366841277,712.95
7.374056597,713.51
7.381271917,714.13
7.388487236,714.69
7.395702556,715.25
7.402917875,715.87
7.410133195,716.55
7.417348514,717.22
7.424563834,717.89
7.431779153,718.62
7.438994473,719.36
7.446209793,720.03
7.453425112,720.76
7.460640432,721.55
7.467855751,722.28
7.475071071,723.01
7.48228639,723.74
7.48950171,724.53
7.49671703,725.26
7.503932349,726.04
7.511147669,726.83
7.518362988,727.62
7.525578308,728.35
7.532793627,729.08
7.540008947,729.81
7.547224267,730.6
7.554439586,731.33
7.561654906,732.06
7.568870225,732.84
7.576085545,733.63
7.583300864,734.42
7.590516184,735.32
7.597731504,736.16
7.604946823,737.06
7.612162143,738.01
7.619377462,738.97
7.626592782,739.92
7.633808101,740.88
7.641023421,741.78
7.64823874,742.68
7.65545406,743.58
7.66266938,744.42
7.669884699,745.21
7.677100019,746.11
7.684315338,746.89
7.691530658,747.79
7.698745977,748.75
7.705961297,749.7
7.713176617,750.77
7.720391936,751.78
7.727607256,752.91
7.734822575,754.03
7.742037895,755.15
7.749253214,756.28
7.756468534,757.4
7.763683854,758.58
7.770899173,759.71
7.778114493,760.83
7.785329812,761.95
7.792545132,763.13
7.799760451,764.32
7.806975771,765.55
7.814191091,766.73
7.82140641,767.97
7.82862173,769.15
7.835837049,770.38
7.843052369,771.68
7.850267688,772.91
7.857483008,774.21
7.864698327,775.56
7.871913647,776.9
7.879128967,778.31
7.886344286,779.71
7.893559606,781.23
7.900774925,782.69
7.907990245,784.21
7.915205564,785.73
7.922420884,787.36
7.929636204,788.93
7.936851523,790.5
7.944066843,792.19
7.951282162,793.88
7.958497482,795.62
7.965712801,797.42
7.972928121,799.22
7.980143441,801.13
7.98735876,802.92
7.99457408,804.78
8.001789399,806.69
8.009004719,808.54
8.016220038,810.4
8.023435358,812.37
8.030650678,814.28
8.037865997,816.19
8.045081317,818.21
8.052296636,820.18
8.059511956,822.26
8.066727275,824.39
8.073942595,826.64
8.081157914,828.95
8.088373234,831.36
8.095588554,833.78
8.102803873,836.31
8.110019193,838.84
8.117234512,841.42
8.124449832,844.01
8.131665151,846.54
8.138880471,849.12
8.146095791,851.76
8.15331111,854.46
8.16052643,857.27
8.167741749,860.19
8.174957069,863.23
8.182172388,866.43
8.189387708,869.8
8.196603028,873.29
8.203818347,876.94
8.211033667,880.65
8.218248986,884.41
8.225464306,888.35
8.232679625,892.28
8.239894945,896.33
8.247110265,900.43
8.254325584,904.59
8.261540904,908.92
8.268756223,913.3
8.275971543,917.74
8.283186862,922.29
8.290402182,926.9
8.297617501,931.68
8.304832821,936.4
8.312048141,941.29
8.31926346,946.29
8.32647878,951.4
8.333694099,956.63
8.340909419,962.03
8.348124738,967.59
8.355340058,973.32
8.362555378,979.22
8.369770697,985.35
8.376986017,991.53
8.384201336,997.88
8.391416656,1004.4
8.398631975,1011.03
8.405847295,1017.83
8.413062615,1024.63
8.420277934,1031.6
8.427493254,1038.8
8.434708573,1046.1
8.441923893,1053.58
8.449139212,1061.22
8.456354532,1069.09
8.463569852,1077.12
8.470785171,1085.39
8.478000491,1093.87
8.48521581,1102.53
8.49243113,1111.41
8.499646449,1120.4
8.506861769,1129.62
8.514077088,1139.06
8.521292408,1148.72
8.528507728,1158.5
8.535723047,1168.56
8.542938367,1178.79
8.550153686,1189.36
8.557369006,1200.2
8.564584325,1211.22
8.571799645,1222.51
8.579014965,1234.09
8.586230284,1245.84
8.593445604,1257.81
8.600660923,1269.89
8.607876243,1282.2
8.615091562,1294.73
8.622306882,1307.43
8.629522202,1320.41
8.636737521,1333.62
8.643952841,1347.11
8.65116816,1360.88
8.65838348,1374.93
8.665598799,1389.37
8.672814119,1404.1
8.680029439,1419.16
8.687244758,1434.5
8.694460078,1450.24
8.701675397,1466.25
8.708890717,1482.66
8.716106036,1499.35
8.723321356,1516.38
8.730536675,1533.81
8.737751995,1551.56
8.744967315,1569.72
8.752182634,1588.15
8.759397954,1607.09
8.766613273,1626.25
8.773828593,1645.87
8.781043912,1665.76
8.788259232,1686.11
8.795474552,1706.79
8.802689871,1727.81
8.809905191,1749.33
8.81712051,1771.19
8.82433583,1793.51
8.831551149,1816.21
8.838766469,1839.42
8.845981789,1863.03
8.853197108,1887.08
8.860412428,1911.58
8.867627747,1936.53
8.874843067,1961.88
8.882058386,1987.73
8.889273706,2013.98
8.896489025,2040.84
8.903704345,2068.1
8.910919665,2095.97
8.918134984,2124.3
8.925350304,2153.24
8.932565623,2182.63
8.939780943,2212.65
8.946996262,2243.16
8.954211582,2274.24
8.961426902,2305.88
8.968642221,2338.03
8.975857541,2370.74
8.98307286,2404.01
8.99028818,2437.84
8.997503499,2472.23
9.004718819,2507.13
9.011934139,2542.6
9.019149458,2578.62
9.026364778,2615.15
9.033580097,2652.3
9.040795417,2690.12
9.048010736,2728.51
9.055226056,2767.73
9.062441376,2807.63
9.069656695,2848.38
9.076872015,2889.97
9.084087334,2932.4
9.091302654,2975.67
9.098517973,3019.79
9.105733293,3064.69
9.112948612,3110.38
9.120163932,3156.92
9.127379252,3204.24
9.134594571,3252.35
9.141809891,3301.3
9.14902521,3351.03
9.15624053,3401.61
9.163455849,3453.09
9.170671169,3505.53
9.177886489,3558.86
9.185101808,3613.21
9.192317128,3668.51
9.199532447,3724.82
9.206747767,3782.09
9.213963086,3840.37
9.221178406,3899.6
9.228393726,3959.79
9.235609045,4020.99
9.242824365,4083.09
9.250039684,4146.26
9.257255004,4210.39
9.264470323,4275.75
9.271685643,4342.23
9.278900963,4409.9
9.286116282,4478.8
9.293331602,4548.99
9.300546921,4620.42
9.307762241,4693.14
9.31497756,4767.16
9.32219288,4842.47
9.329408199,4919.01
9.336623519,4996.91
9.343838839,5076.15
9.351054158,5156.74
9.358269478,5238.79
9.365484797,5322.19
9.372700117,5407.05
9.379915436,5493.26
9.387130756,5580.82
9.394346076,5669.73
9.401561395,5759.88
9.408776715,5851.31
9.415992034,5944.04
9.423207354,6038.07
9.430422673,6133.38
9.437637993,6230.1
9.444853313,6328.28
9.452068632,6428.04
9.459283952,6529.37
9.466499271,6632.33
9.473714591,6736.91
9.48092991,6843.19
9.48814523,6951.09
9.49536055,7060.57
9.502575869,7171.73
9.509791189,7284.36
9.517006508,7398.61
9.524221828,7514.38
9.531437147,7631.67
9.538652467,7750.59
9.545867786,7870.92
9.553083106,7992.87
9.560298426,8116.46
9.567513745,8241.56
9.574729065,8368.34
9.581944384,8496.76
9.589159704,8626.92
9.596375023,8758.71
9.603590343,8892.18
9.610805663,9027.34
9.618020982,9164.19
9.625236302,9302.67
9.632451621,9442.83
9.639666941,9584.74
9.64688226,9728.33
9.65409758,9873.72
9.6613129,10020.85
9.668528219,10169.72
9.675743539,10320.23
9.682958858,10472.42
9.690174178,10626.12
9.697389497,10781.35
9.704604817,10937.92
9.711820137,11095.9
9.719035456,11255.23
9.726250776,11416.01
9.733466095,11578.15
9.740681415,11741.8
9.747896734,11906.92
9.755112054,12073.5
9.762327373,12241.59
9.769542693,12411.09
9.776758013,12581.94
9.783973332,12754.14
9.791188652,12927.62
9.798403971,13102.35
9.805619291,13278.26
9.81283461,13455.34
9.82004993,13633.55
9.82726525,13812.83
9.834480569,13993.18
9.841695889,14174.37
9.848911208,14356.45
9.856126528,14539.38
9.863341847,14723.1
9.870557167,14907.49
9.877772487,15092.62
9.884987806,15278.41
9.892203126,15465.11
9.899418445,15652.48
9.906633765,15840.7
9.913849084,16029.64
9.921064404,16219.32
9.928279724,16409.66
9.935495043,16600.52
9.942710363,16791.71
9.949925682,16983.24
9.957141002,17174.94
9.964356321,17366.69
9.971571641,17558.39
9.97878696,17750.03
9.98600228,17941.56
9.9932176,18133.04
10.00043292,18324.29
10.00764824,18515.25
10.01486356,18706.05
10.02207888,18896.51
10.0292942,19086.58
10.03650952,19276.03
10.04372484,19464.92
10.05094016,19653.08
10.05815548,19840.39
10.0653708,20026.87
10.07258611,20212.49
10.07980143,20397.17
10.08701675,20580.88
10.09423207,20763.76
10.10144739,20945.62
10.10866271,21126.59
10.11587803,21306.31
10.12309335,21484.97
10.13030867,21662.29
10.13752399,21838.25
10.14473931,22012.58
10.15195463,22185.23
10.15916995,22356.13
10.16638527,22525.12
10.17360059,22692.09
10.18081591,22856.98
10.18803123,23019.85
10.19524655,23180.42
10.20246187,23338.79
10.20967719,23494.85
10.21689251,23648.67
10.22410783,23800.13
10.23132315,23949.18
10.23853846,24095.86
10.24575378,24239.95
10.2529691,24381.47
10.26018442,24520.28
10.26739974,24656.17
10.27461506,24789.08
10.28183038,24918.91
10.2890457,25045.41
10.29626102,25168.6
10.30347634,25288.53
10.31069166,25404.98
10.31790698,25518.11
10.3251223,25627.98
10.33233762,25734.48
10.33955294,25837.72
10.34676826,25937.7
10.35398358,26034.31
10.3611989,26127.49
10.36841422,26217.13
10.37562954,26303.28
10.38284486,26385.67
10.39006018,26464.29
10.3972755,26539.15
10.40449081,26610.13
10.41170613,26677.24
10.41892145,26740.4
10.42613677,26799.7
10.43335209,26854.94
10.44056741,26906.14
10.44778273,26953.4
10.45499805,26996.51
10.46221337,27035.57
10.46942869,27070.47
10.47664401,27101.21
10.48385933,27127.85
10.49107465,27150.27
10.49828997,27168.54
10.50550529,27182.59
10.51272061,27192.42
10.51993593,27197.99
10.52715125,27199.39
10.53436657,27196.58
10.54158189,27189.56
10.54879721,27178.37
10.55601253,27162.97
10.56322785,27143.41
10.57044316,27119.64
10.57765848,27091.65
10.5848738,27059.56
10.59208912,27023.26
10.59930444,26982.85
10.60651976,26938.34
10.61373508,26889.9
10.6209504,26837.41
10.62816572,26780.98
10.63538104,26720.62
10.64259636,26656.44
10.64981168,26588.44
10.657027,26516.62
10.66424232,26440.97
10.67145764,26361.67
10.67867296,26278.61
10.68588828,26191.95
10.6931036,26101.92
10.70031892,26008.29
10.70753424,25911.45
10.71474956,25811.19
10.72196488,25707.67
10.7291802,25600.89
10.73639551,25490.91
10.74361083,25377.72
10.75082615,25261.16
10.75804147,25141.46
10.76525679,25018.49
10.77247211,24892.44
10.77968743,24763.23
10.78690275,24631.16
10.79411807,24496.23
10.80133339,24358.65
10.80854871,24218.49
10.81576403,24075.74
10.82297935,23930.63
10.83019467,23783.22
10.83740999,23633.44
10.84462531,23481.48
10.85184063,23327.38
10.85905595,23171.09
10.86627127,23012.77
10.87348659,22852.43
10.88070191,22690.13
10.88791723,22526.02
10.89513255,22360.06
10.90234786,22192.48
10.90956318,22023.15
10.9167785,21852.35
10.92399382,21680.27
10.93120914,21506.84
10.93842446,21332.33
10.94563978,21156.88
10.9528551,20980.41
10.96007042,20803.16
10.96728574,20625.17
10.97450106,20446.29
10.98171638,20266.61
10.9889317,20086.1
10.99614702,19904.8
11.00336234,19722.65
11.01057766,19539.78
11.01779298,19356.4
11.0250083,19172.46
11.03222362,18988.23
11.03943894,18803.73
11.04665426,18619
11.05386958,18434.33
11.0610849,18249.6
11.06830022,18064.87
11.07551553,17880.25
11.08273085,17695.63
11.08994617,17511.18
11.09716149,17326.9
11.10437681,17142.85
11.11159213,16959.08
11.11880745,16775.7
11.12602277,16592.76
11.13323809,16410.34
11.14045341,16228.64
11.14766873,16047.62
11.15488405,15867.39
11.16209937,15688
11.16931469,15509.45
11.17653001,15331.8
11.18374533,15155
11.19096065,14979.04
11.19817597,14803.92
11.20539129,14629.7
11.21260661,14456.38
11.21982193,14284.01
11.22703725,14112.6
11.23425257,13942.32
11.24146788,13773.1
11.2486832,13605.06
11.25589852,13438.2
11.26311384,13272.52
11.27032916,13108.08
11.27754448,12944.93
11.2847598,12782.91
11.29197512,12622.29
11.29919044,12462.91
11.30640576,12304.99
11.31362108,12148.41
11.3208364,11993.36
11.32805172,11839.76
11.33526704,11687.68
11.34248236,11537.07
11.34969768,11387.91
11.356913,11240.22
11.36412832,11093.93
11.37134364,10948.94
11.37855896,10805.4
11.38577428,10663.27
11.3929896,10522.55
11.40020492,10383.34
11.40742023,10245.65
11.41463555,10109.64
11.42185087,9975.1
11.42906619,9842.41
11.43628151,9711.24
11.44349683,9581.87
11.45071215,9454.13
11.45792747,9328.01
11.46514279,9203.48
11.47235811,9080.57
11.47957343,8959.23
11.48678875,8839.47
11.49400407,8721.28
11.50121939,8604.72
11.50843471,8489.74
11.51565003,8376.27
11.52286535,8264.37
11.53008067,8153.94
11.53729599,8045.03
11.54451131,7937.46
11.55172663,7831.35
11.55894195,7726.65
11.56615727,7623.3
11.57337258,7521.47
11.5805879,7421.04
11.58780322,7322.07
11.59501854,7224.51
11.60223386,7128.46
11.60944918,7033.87
11.6166645,6940.75
11.62387982,6849.09
11.63109514,6758.89
11.63831046,6670.15
11.64552578,6582.93
11.6527411,6497.16
11.65995642,6412.92
11.66717174,6330.14
11.67438706,6248.7
11.68160238,6168.68
11.6888177,6089.83
11.69603302,6012.27
11.70324834,5935.9
11.71046366,5860.53
11.71767898,5786.4
11.7248943,5713.34
11.73210962,5641.35
11.73932493,5570.6
11.74654025,5500.96
11.75375557,5432.51
11.76097089,5365.3
11.76818621,5299.26
11.77540153,5234.35
11.78261685,5170.68
11.78983217,5108.07
11.79704749,5046.59
11.80426281,4986.17
11.81147813,4926.77
11.81869345,4868.43
11.82590877,4811.11
11.83312409,4754.63
11.84033941,4699.21
11.84755473,4644.64
11.85477005,4590.92
11.86198537,4538.03
11.86920069,4485.94
11.87641601,4434.68
11.88363133,4384.16
11.89084665,4334.48
11.89806197,4285.47
11.90527728,4237.08
11.9124926,4189.37
11.91970792,4141.99
11.92692324,4095.06
11.93413856,4048.31
11.94135388,4001.66
11.9485692,3955.13
11.95578452,3908.54
11.96299984,3861.83
11.97021516,3814.96
11.97743048,3767.81
11.9846458,3720.44
11.99186112,3672.55
11.99907644,3624.16
12.00629176,3575.1
12.01350708,3525.25
12.0207224,3474.45
12.02793772,3422.46
12.03515304,3369.19
12.04236836,3314.28
12.04958368,3257.57
12.056799,3198.84
12.06401432,3137.75
12.07122963,3074.19
12.07844495,3007.71
12.08566027,2938.13
12.09287559,2865.07
12.10009091,2788.08
12.10730623,2706.98
12.11452155,2621.16
12.12173687,2530.29
12.12895219,2433.79
12.13616751,2331.11
12.14338283,2221.97
12.15059815,2105.64
12.15781347,1981.78
12.16502879,1849.82
12.17224411,1709.26
12.17945943,1559.71
12.18667475,1400.72
12.19389007,1231.9
12.20110539,1052.79
12.20832071,863.11
12.21553603,662.54
12.22275135,450.83
12.22996667,227.94
12.23718198,-6.12
12.2443973,-251.38
12.25161262,-507.54
12.25882794,-774.37
12.26604326,-1051.38
12.27325858,-1337.95
12.2804739,-1633.45
12.28768922,-1937.1
12.29490454,-2248.05
12.30211986,-2565.13
12.30933518,-2887.21
12.3165505,-3212.89
12.32376582,-3540.76
12.33098114,-3869.25
12.33819646,-4196.67
12.34541178,-4521.23
12.3526271,-4841.18
12.35984242,-5154.72
12.36705774,-5460.11
12.37427306,-5755.44
12.38148838,-6039.19
12.3887037,-6309.63
12.39591902,-6565.28
12.40313433,-6804.69
12.41034965,-7026.46
12.41756497,-7229.45
12.42478029,-7412.55
12.43199561,-7574.91
12.43921093,-7715.64
12.44642625,-7834.28
12.45364157,-7930.43
12.46085689,-8004
12.46807221,-8055.03
12.47528753,-8083.69
12.48250285,-8090.38
12.48971817,-8075.6
12.49693349,-8040.08
12.50414881,-7984.44
12.51136413,-7909.7
12.51857945,-7816.68
12.52579477,-7706.59
12.53301009,-7580.48
12.54022541,-7439.58
12.54744073,-7285.31
12.55465605,-7118.85
12.56187137,-6941.65
12.56908668,-6754.84
12.576302,-6559.88
12.58351732,-6357.9
12.59073264,-6150.13
12.59794796,-5937.64
12.60516328,-5721.6
12.6123786,-5502.99
12.61959392,-5282.85
12.62680924,-5062.04
12.63402456,-4841.51
12.64123988,-4621.94
12.6484552,-4404.11
12.65567052,-4188.69
12.66288584,-3976.2
12.67010116,-3767.25
12.67731648,-3562.23
12.6845318,-3361.54
12.69174712,-3165.57
12.69896244,-2974.49
12.70617776,-2788.53
12.71339308,-2607.84
12.7206084,-2432.56
12.72782372,-2262.61
12.73503903,-2098.11
12.74225435,-1939.01
12.74946967,-1785.24
12.75668499,-1636.88
12.76390031,-1493.79
12.77111563,-1355.93
12.77833095,-1223.3
12.78554627,-1095.73
12.79276159,-973.15
12.79997691,-855.47
12.80719223,-742.57
12.81440755,-634.27
12.82162287,-530.64
12.82883819,-431.33
12.83605351,-336.41
12.84326883,-245.65
12.85048415,-159.04
12.85769947,-76.54
12.86491479,2.19
12.87213011,76.99
12.87934543,148.19
12.88656075,215.75
12.89377607,279.87
12.90099138,340.68
12.9082067,398.17
12.91542202,452.46
12.92263734,503.83
12.92985266,552.22
12.93706798,597.68
12.9442833,640.34
12.95149862,680.3
12.95871394,717.44
12.96592926,752.06
12.97314458,784.04
12.9803599,813.49
12.98757522,840.52
12.99479054,865.14
13.00200586,887.45
13.00922118,907.4
13.0164365,925.16
13.02365182,940.67
13.03086714,953.99
13.03808246,965.06
13.04529778,973.94
13.0525131,980.52
13.05972842,984.9
13.06694373,986.98
13.07415905,986.7
13.08137437,984.23
13.08858969,979.28
13.09580501,971.97
13.10302033,962.2
13.11023565,949.89
13.11745097,935.05
13.12466629,917.63
13.13188161,897.62
13.13909693,874.92
13.14631225,849.63
13.15352757,821.58
13.16074289,790.95
13.16795821,757.63
13.17517353,721.72
13.18238885,683.27
13.18960417,642.42
13.19681949,599.2
13.20403481,553.9
13.21125013,506.53
13.21846545,457.35
13.22568077,406.66
13.23289608,354.62
13.2401114,301.56
13.24732672,247.89
13.25454204,193.77
13.26175736,139.6
13.26897268,85.81
13.276188,32.7
13.28340332,-19.22
13.29061864,-69.74
13.29783396,-118.35
13.30504928,-164.89
13.3122646,-208.83
13.31947992,-249.86
13.32669524,-287.68
13.33391056,-322.13
13.34112588,-352.87
13.3483412,-379.74
13.35555652,-402.5
13.36277184,-421.21
13.36998716,-435.71
13.37720248,-446
13.3844178,-452.07
13.39163312,-453.92
13.39884843,-451.62
13.40606375,-445.27
13.41327907,-434.98
13.42049439,-420.88
13.42770971,-403.06
13.43492503,-381.82
13.44214035,-357.48
13.44935567,-330.17
13.45657099,-300.22
13.46378631,-267.9
13.47100163,-233.56
13.47821695,-197.43
13.48543227,-159.72
13.49264759,-120.83
13.49986291,-80.81
13.50707823,-39.95
13.51429355,1.51
13.52150887,43.38
13.52872419,85.59
13.53593951,127.74
13.54315483,169.89
13.55037015,211.76
13.55758547,253.23
13.56480079,294.26
13.5720161,334.61
13.57923142,374.23
13.58644674,413.12
13.59366206,451.22
13.60087738,488.43
13.6080927,524.68
13.61530802,560.03
13.62252334,594.37
13.62973866,627.75
13.63695398,660.12
13.6441693,691.48
13.65138462,721.77
13.65859994,751.05
13.66581526,779.32
13.67303058,806.63
13.6802459,832.99
13.68746122,858.34
13.69467654,882.78
13.70189186,906.33
13.70910718,928.98
13.7163225,950.73
13.72353782,971.69
13.73075314,991.76
13.73796845,1011.03
13.74518377,1029.58
13.75239909,1047.34
13.75961441,1064.48
13.76682973,1080.83
13.77404505,1096.63
13.78126037,1111.8
13.78847569,1126.24
13.79569101,1140.12
13.80290633,1153.33
13.81012165,1165.92
13.81733697,1177.83
13.82455229,1189.19
13.83176761,1199.87
13.83898293,1209.98
13.84619825,1219.48
13.85341357,1228.41
13.86062889,1236.9
13.86784421,1244.94
13.87505953,1252.47
13.88227485,1259.61
13.88949017,1266.35
13.89670549,1272.76
13.9039208,1278.83
13.91113612,1284.5
13.91835144,1289.84
13.92556676,1294.79
13.93278208,1299.4
13.9399974,1303.55
13.94721272,1307.43
13.95442804,1310.92
13.96164336,1314.01
13.96885868,1316.82
13.976074,1319.23
13.98328932,1321.31
13.99050464,1323.17
13.99771996,1324.69
14.00493528,1325.98
14.0121506,1326.99
14.01936592,1327.72
14.02658124,1328.17
14.03379656,1328.34
14.04101188,1328.23
14.0482272,1327.72
14.05544252,1326.88
14.06265784,1325.64
14.06987315,1324.01
14.07708847,1322.04
14.08430379,1319.63
14.09151911,1316.76
14.09873443,1313.5
14.10594975,1309.68
14.11316507,1305.52
14.12038039,1300.74
14.12759571,1295.46
14.13481103,1289.56
14.14202635,1283.04
14.14924167,1275.96
14.15645699,1268.09
14.16367231,1259.44
14.17088763,1250
14.17810295,1239.71
14.18531827,1228.47
14.19253359,1216.22
14.19974891,1202.9
14.20696423,1188.57
14.21417955,1173.06
14.22139487,1156.25
14.22861019,1138.21
14.2358255,1118.71
14.24304082,1097.81
14.25025614,1075.27
14.25747146,1051.16
14.26468678,1025.25
14.2719021,997.71
14.27911742,968.15
14.28633274,936.79
14.29354806,903.35
14.30076338,867.78
14.3079787,829.96
14.31519402,789.83
14.32240934,747.29
14.32962466,702.21
14.33683998,654.67
14.3440553,604.54
14.35127062,551.77
14.35848594,496.41
14.36570126,438.47
14.37291658,378
14.3801319,314.88
14.38734722,249.41
14.39456254,181.46
14.40177785,111.27
14.40899317,38.83
14.41620849,-35.57
14.42342381,-111.78
14.43063913,-189.61
14.43785445,-268.91
14.44506977,-349.28
14.45228509,-430.49
14.45950041,-512.43
14.46671573,-594.48
14.47393105,-676.59
14.48114637,-758.19
14.48836169,-839
14.49557701,-918.7
14.50279233,-996.87
14.51000765,-1073.02
14.51722297,-1146.98
14.52443829,-1218.41
14.53165361,-1286.81
14.53886893,-1352.05
14.54608425,-1413.59
14.55329957,-1471.37
14.56051489,-1524.93
14.5677302,-1574.16
14.57494552,-1618.78
14.58216084,-1658.46
14.58937616,-1693.13
14.59659148,-1722.64
14.6038068,-1746.86
14.61102212,-1765.57
14.61823744,-1778.89
14.62545276,-1786.71
14.63266808,-1789.07
14.6398834,-1785.97
14.64709872,-1777.54
14.65431404,-1763.94
14.66152936,-1745.34
14.66874468,-1721.79
14.67596,-1693.64
14.68317532,-1661.15
14.69039064,-1624.46
14.69760596,-1583.94
14.70482128,-1539.82
14.7120366,-1492.5
14.71925192,-1442.14
14.72646724,-1389.2
14.73368255,-1333.85
14.74089787,-1276.58
14.74811319,-1217.57
14.75532851,-1157.1
14.76254383,-1095.5
14.76975915,-1033.06
14.77697447,-970.01
14.78418979,-906.78
14.79140511,-843.61
14.79862043,-780.73
14.80583575,-718.4
14.81305107,-656.92
14.82026639,-596.5
14.82748171,-537.44
14.83469703,-479.89
14.84191235,-423.97
14.84912767,-369.96
14.85634299,-317.92
14.86355831,-268.01
14.87077363,-220.36
14.87798895,-175
14.88520427,-132.12
14.89241959,-91.66
14.8996349,-53.72
14.90685022,-18.32
14.91406554,14.49
14.92128086,44.96
14.92849618,72.89
14.9357115,98.29
14.94292682,121.33
14.95014214,142.07
14.95735746,160.45
14.96457278,176.58
14.9717881,190.57
14.97900342,202.48
14.98621874,212.49
14.99343406,220.64
15.00064938,227.21
15.0078647,232.21
15.01508002,235.75
15.02229534,238.11
15.02951066,239.41
15.03672598,239.8
15.0439413,239.41
15.05115662,238.28
15.05837194,236.71
15.06558725,234.8
15.07280257,232.55
15.08001789,230.25
15.08723321,228.05
15.09444853,226.03
15.10166385,224.35
15.10887917,223.17
15.11609449,222.49
15.12330981,222.55
15.13052513,223.22
15.13774045,224.74
15.14495577,227.1
15.15217109,230.36
15.15938641,234.57
15.16660173,239.8
15.17381705,246.04
15.18103237,253.34
15.18824769,261.83
15.19546301,271.44
15.20267833,282.23
15.20989365,294.09
15.21710897,307.13
15.22432429,321.23
15.2315396,336.3
15.23875492,352.37
15.24597024,369.29
15.25318556,387.1
15.26040088,405.65
15.2676162,424.87
15.27483152,444.65
15.28204684,465.05
15.28926216,485.96
15.29647748,507.26
15.3036928,528.95
15.31090812,550.98
15.31812344,573.29
15.32533876,595.88
15.33255408,618.59
15.3397694,641.35
15.34698472,664.17
15.35420004,686.93
15.36141536,709.52
15.36863068,732.06
15.375846,754.26
15.38306132,776.23
15.39027664,797.92
15.39749195,819.28
15.40470727,840.3
15.41192259,860.87
15.41913791,881.04
15.42635323,900.77
15.43356855,920.05
15.44078387,938.82
15.44799919,957.08
15.45521451,974.9
15.46242983,992.26
15.46964515,1009.12
15.47686047,1025.48
15.48407579,1041.38
15.49129111,1056.72
15.49850643,1071.67
15.50572175,1086.06
15.51293707,1099.94
15.52015239,1113.32
15.52736771,1126.24
15.53458303,1138.72
15.54179835,1150.63
15.54901367,1162.15
15.55622899,1173.17
15.5634443,1183.74
15.57065962,1193.8
15.57787494,1203.46
15.58509026,1212.62
15.59230558,1221.45
15.5995209,1229.76
15.60673622,1237.63
15.61395154,1245.22
15.62116686,1252.36
15.62838218,1259.1
15.6355975,1265.51
15.64281282,1271.58
15.65002814,1277.31
15.65724346,1282.76
15.66445878,1287.99
15.6716741,1292.93
15.67888942,1297.77
15.68610474,1302.32
15.69332006,1306.76
15.70053538,1311.03
15.7077507,1315.13
15.71496602,1319.01
15.72218134,1322.72
15.72939665,1326.2
15.73661197,1329.57
15.74382729,1332.78
15.75104261,1335.81
15.75825793,1338.62
15.76547325,1341.38
15.77268857,1343.91
15.77990389,1346.38
15.78711921,1348.63
15.79433453,1350.71
15.80154985,1352.67
15.80876517,1354.47
15.81598049,1356.21
15.82319581,1357.73
15.83041113,1359.19
15.83762645,1360.6
15.84484177,1361.95
15.85205709,1363.24
15.85927241,1364.47
15.86648773,1365.71
15.87370305,1366.89
15.88091837,1368.02
15.88813369,1369.08
15.89534901,1370.15
15.90256432,1371.11
15.90977964,1372.06
15.91699496,1372.96
15.92421028,1373.86
15.9314256,1374.7
15.93864092,1375.49
15.94585624,1376.22
15.95307156,1377.01
15.96028688,1377.74
15.9675022,1378.47
15.97471752,1379.09
15.98193284,1379.82
15.98914816,1380.44
15.99636348,1381.11
16.0035788,1381.73
16.01079412,1382.35
16.01800944,1382.91
16.02522476,1383.47
16.03244008,1383.98
16.0396554,1384.48
16.04687072,1384.93
16.05408604,1385.44
16.06130136,1385.83
16.06851667,1386.28
16.07573199,1386.67
16.08294731,1387.07
16.09016263,1387.46
16.09737795,1387.8
16.10459327,1388.25
16.11180859,1388.58
16.11902391,1388.98
16.12623923,1389.37
16.13345455,1389.76
16.14066987,1390.16
16.14788519,1390.61
16.15510051,1390.95
16.16231583,1391.34
16.16953115,1391.73
16.17674647,1392.07
16.18396179,1392.46
16.19117711,1392.8
16.19839243,1393.19
16.20560775,1393.47
16.21282307,1393.87
16.22003839,1394.15
16.22725371,1394.54
16.23446902,1394.88
16.24168434,1395.27
16.24889966,1395.61
16.25611498,1396.06
16.2633303,1396.45
16.27054562,1396.85
16.27776094,1397.3
16.28497626,1397.8
16.29219158,1398.19
16.2994069,1398.7
16.30662222,1399.21
16.31383754,1399.71
16.32105286,1400.16
16.32826818,1400.61
16.3354835,1401
16.34269882,1401.45
16.34991414,1401.79
16.35712946,1402.19
16.36434478,1402.47
16.3715601,1402.86
16.37877542,1403.25
16.38599074,1403.59
16.39320606,1403.98
16.40042137,1404.32
16.40763669,1404.66
16.41485201,1404.94
16.42206733,1405.22
16.42928265,1405.44
16.43649797,1405.67
16.44371329,1405.95
16.45092861,1406.29
16.45814393,1406.68
16.46535925,1407.02
16.47257457,1407.52
16.47978989,1408.03
16.48700521,1408.59
16.49422053,1409.1
16.50143585,1409.72
16.50865117,1410.17
16.51586649,1410.73
16.52308181,1411.12
16.53029713,1411.57
16.53751245,1411.91
16.54472777,1412.24
16.55194309,1412.47
16.55915841,1412.69
16.56637372,1412.86
16.57358904,1413.09
16.58080436,1413.26
16.58801968,1413.48
16.595235,1413.71
16.60245032,1413.93
16.60966564,1414.32
16.61688096,1414.66
16.62409628,1415.11
16.6313116,1415.5
16.63852692,1416.01
16.64574224,1416.46
16.65295756,1416.85
16.66017288,1417.25
16.6673882,1417.64
16.67460352,1418.03
16.68181884,1418.43
16.68903416,1418.76
16.69624948,1419.21
16.7034648,1419.61
16.71068012,1420
16.71789544,1420.45
16.72511076,1420.96
16.73232607,1421.46
16.73954139,1421.97
16.74675671,1422.42
16.75397203,1422.98
16.76118735,1423.48
16.76840267,1424.05
16.77561799,1424.67
16.78283331,1425.23
16.79004863,1425.85
16.79726395,1426.35
16.80447927,1426.91
16.81169459,1427.42
16.81890991,1427.92
16.82612523,1428.37
16.83334055,1428.82
16.84055587,1429.27
16.84777119,1429.72
16.85498651,1430.23
16.86220183,1430.79
16.86941715,1431.3
16.87663247,1431.86
16.88384779,1432.42
16.89106311,1432.87
16.89827842,1433.43
16.90549374,1433.94
16.91270906,1434.44
16.91992438,1434.95
16.9271397,1435.46
16.93435502,1435.85
16.94157034,1436.35
16.94878566,1436.8
16.95600098,1437.25
16.9632163,1437.7
16.97043162,1438.15
16.97764694,1438.66
16.98486226,1439.11
16.99207758,1439.61
16.9992929,1440.18
17.00650822,1440.74
17.01372354,1441.3
17.02093886,1441.86
17.02815418,1442.48
17.0353695,1443.04
17.04258482,1443.6
17.04980014,1444.17
17.05701546,1444.73
17.06423077,1445.23
17.07144609,1445.74
17.07866141,1446.25
17.08587673,1446.75
17.09309205,1447.26
17.10030737,1447.71
17.10752269,1448.16
17.11473801,1448.72
17.12195333,1449.22
17.12916865,1449.79
17.13638397,1450.46
17.14359929,1451.08
17.15081461,1451.75
17.15802993,1452.48
17.16524525,1453.21
17.17246057,1453.95
17.17967589,1454.73
17.18689121,1455.52
17.19410653,1456.31
17.20132185,1457.04
17.20853717,1457.77
17.21575249,1458.5
17.22296781,1459.12
17.23018312,1459.73
17.23739844,1460.18
17.24461376,1460.69
17.25182908,1461.14
17.2590444,1461.64
17.26625972,1462.09
17.27347504,1462.6
17.28069036,1463.16
17.28790568,1463.78
17.295121,1464.4
17.30233632,1465.07
17.30955164,1465.8
17.31676696,1466.53
17.32398228,1467.26
17.3311976,1467.94
17.33841292,1468.56
17.34562824,1469.23
17.35284356,1469.79
17.36005888,1470.41
17.3672742,1471.03
17.37448952,1471.7
17.38170484,1472.32
17.38892016,1473
17.39613547,1473.67
17.40335079,1474.35
17.41056611,1475.02
17.41778143,1475.69
17.42499675,1476.26
17.43221207,1476.82
17.43942739,1477.27
17.44664271,1477.77
17.45385803,1478.28
17.46107335,1478.73
17.46828867,1479.24
17.47550399,1479.74
17.48271931,1480.25
17.48993463,1480.75
17.49714995,1481.26
17.50436527,1481.82
17.51158059,1482.44
17.51879591,1483.06
17.52601123,1483.79
17.53322655,1484.57
17.54044187,1485.36
17.54765719,1486.15
17.55487251,1486.99
17.56208782,1487.78
17.56930314,1488.51
17.57651846,1489.24
17.58373378,1489.91
17.5909491,1490.59
17.59816442,1491.26
17.60537974,1491.99
17.61259506,1492.67
17.61981038,1493.45
17.6270257,1494.24
17.63424102,1495.03
17.64145634,1495.81
17.64867166,1496.54
17.65588698,1497.22
17.6631023,1497.89
17.67031762,1498.46
17.67753294,1499.02
17.68474826,1499.58
17.69196358,1500.14
17.6991789,1500.59
17.70639422,1501.1
17.71360954,1501.6
17.72082486,1502.16
17.72804017,1502.67
17.73525549,1503.23
17.74247081,1503.91
17.74968613,1504.53
17.75690145,1505.26
17.76411677,1505.99
17.77133209,1506.77
17.77854741,1507.56
17.78576273,1508.29
17.79297805,1509.02
17.80019337,1509.7
17.80740869,1510.37
17.81462401,1510.93
17.82183933,1511.49
17.82905465,1512.06
17.83626997,1512.51
17.84348529,1513.01
17.85070061,1513.46
17.85791593,1513.97
17.86513125,1514.36
17.87234657,1514.75
17.87956189,1515.2
17.88677721,1515.65
17.89399252,1516.1
17.90120784,1516.55
17.90842316,1517.11
17.91563848,1517.62
17.9228538,1518.18
17.93006912,1518.8
17.93728444,1519.42
17.94449976,1520.04
17.95171508,1520.71
17.9589304,1521.39
17.96614572,1522.06
17.97336104,1522.79
17.98057636,1523.41
17.98779168,1524.08
17.995007,1524.64
18.00222232,1525.15
18.00943764,1525.6
18.01665296,1526.05
