0,50.29
0.00721532,51.08
0.014430639,51.81
0.021645959,52.54
0.028861278,53.27
0.036076598,54
0.043291917,54.62
0.050507237,55.24
0.057722557,55.69
0.064937876,56.14
0.072153196,56.48
0.079368515,56.59
0.086583835,56.59
0.093799154,56.31
0.101014474,55.86
0.108229793,55.3
0.115445113,54.62
0.122660433,53.83
0.129875752,53.22
0.137091072,52.77
0.144306391,52.6
0.151521711,52.65
0.15873703,53.1
0.16595235,53.83
0.17316767,54.9
0.180382989,56.14
0.187598309,57.54
0.194813628,59.06
0.202028948,60.58
0.209244267,62.1
0.216459587,63.56
0.223674907,64.85
0.230890226,66.14
0.238105546,67.32
0.245320865,68.39
0.252536185,69.35
0.259751504,70.3
0.266966824,71.09
0.274182144,71.93
0.281397463,72.83
0.288612783,73.67
0.295828102,74.52
0.303043422,75.42
0.310258741,76.26
0.317474061,77.1
0.32468938,77.94
0.3319047,78.73
0.33912002,79.52
0.346335339,80.25
0.353550659,80.98
0.360765978,81.65
0.367981298,82.38
0.375196617,83.11
0.382411937,83.9
0.389627257,84.74
0.396842576,85.64
0.404057896,86.49
0.411273215,87.39
0.418488535,88.23
0.425703854,89.07
0.432919174,89.8
0.440134494,90.48
0.447349813,91.04
0.454565133,91.54
0.461780452,91.94
0.468995772,92.33
0.476211091,92.67
0.483426411,92.95
0.490641731,93.23
0.49785705,93.46
0.50507237,93.68
0.512287689,93.91
0.519503009,94.07
0.526718328,94.35
0.533933648,94.58
0.541148967,94.86
0.548364287,95.2
0.555579607,95.65
0.562794926,96.1
0.570010246,96.72
0.577225565,97.33
0.584440885,98.01
0.591656204,98.74
0.598871524,99.41
0.606086844,100.14
0.613302163,100.87
0.620517483,101.66
0.627732802,102.34
0.634948122,103.01
0.642163441,103.74
0.649378761,104.47
0.656594081,105.26
0.6638094,106.04
0.67102472,106.78
0.678240039,107.56
0.685455359,108.46
0.692670678,109.25
0.699885998,110.09
0.707101318,110.88
0.714316637,111.66
0.721531957,112.4
0.728747276,113.07
0.735962596,113.63
0.743177915,114.25
0.750393235,114.81
0.757608554,115.43
0.764823874,115.99
0.772039194,116.67
0.779254513,117.28
0.786469833,118.02
0.793685152,118.86
0.800900472,119.7
0.808115791,120.54
0.815331111,121.44
0.822546431,122.23
0.82976175,123.07
0.83697707,123.86
0.844192389,124.53
0.851407709,125.26
0.858623028,125.88
0.865838348,126.56
0.873053668,127.23
0.880268987,127.96
0.887484307,128.69
0.894699626,129.37
0.901914946,130.1
0.909130265,130.77
0.916345585,131.39
0.923560905,132.01
0.930776224,132.68
0.937991544,133.3
0.945206863,133.98
0.952422183,134.76
0.959637502,135.49
0.966852822,136.22
0.974068141,136.95
0.981283461,137.69
0.988498781,138.42
0.9957141,139.03
1.00292942,139.71
1.010144739,140.38
1.017360059,141
1.024575378,141.73
1.031790698,142.41
1.039006018,143.08
1.046221337,143.87
1.053436657,144.6
1.060651976,145.33
1.067867296,146.06
1.075082615,146.79
1.082297935,147.41
1.089513255,148.08
1.096728574,148.7
1.103943894,149.32
1.111159213,149.88
1.118374533,150.5
1.125589852,151.06
1.132805172,151.57
1.140020492,152.13
1.147235811,152.75
1.154451131,153.31
1.16166645,153.81
1.16888177,154.38
1.176097089,154.88
1.183312409,155.39
1.190527728,155.84
1.197743048,156.34
1.204958368,156.79
1.212173687,157.3
1.219389007,157.92
1.226604326,158.42
1.233819646,159.04
1.241034965,159.6
1.248250285,160.22
1.255465605,160.84
1.262680924,161.4
1.269896244,161.96
1.277111563,162.58
1.284326883,163.2
1.291542202,163.82
1.298757522,164.55
1.305972842,165.22
1.313188161,165.95
1.320403481,166.74
1.3276188,167.53
1.33483412,168.31
1.342049439,169.04
1.349264759,169.83
1.356480079,170.51
1.363695398,171.24
1.370910718,171.85
1.378126037,172.53
1.385341357,173.15
1.392556676,173.71
1.399771996,174.33
1.406987315,174.89
1.414202635,175.51
1.421417955,176.13
1.428633274,176.74
1.435848594,177.36
1.443063913,178.04
1.450279233,178.6
1.457494552,179.22
1.464709872,179.78
1.471925192,180.34
1.479140511,180.9
1.486355831,181.46
1.49357115,182.08
1.50078647,182.7
1.508001789,183.38
1.515217109,184.11
1.522432429,184.89
1.529647748,185.68
1.536863068,186.58
1.544078387,187.42
1.551293707,188.32
1.558509026,189.28
1.565724346,190.12
1.572939665,190.96
1.580154985,191.86
1.587370305,192.59
1.594585624,193.38
1.601800944,194.11
1.609016263,194.84
1.616231583,195.57
1.623446902,196.19
1.630662222,196.92
1.637877542,197.59
1.645092861,198.27
1.652308181,198.89
1.6595235,199.56
1.66673882,200.24
1.673954139,200.91
1.681169459,201.58
1.688384779,202.32
1.695600098,203.1
1.702815418,203.83
1.710030737,204.62
1.717246057,205.35
1.724461376,206.14
1.731676696,206.87
1.738892016,207.54
1.746107335,208.27
1.753322655,208.95
1.760537974,209.62
1.767753294,210.35
1.774968613,211.14
1.782183933,211.93
1.789399252,212.71
1.796614572,213.61
1.803829892,214.51
1.811045211,215.41
1.818260531,216.25
1.82547585,217.1
1.83269117,217.88
1.839906489,218.67
1.847121809,219.34
1.854337129,220.13
1.861552448,220.86
1.868767768,221.65
1.875983087,222.43
1.883198407,223.28
1.890413726,224.23
1.897629046,225.19
1.904844366,226.14
1.912059685,227.16
1.919275005,228.11
1.926490324,229.07
1.933705644,229.97
1.940920963,230.81
1.948136283,231.65
1.955351603,232.38
1.962566922,233.17
1.969782242,233.96
1.976997561,234.69
1.984212881,235.53
1.9914282,236.32
1.99864352,237.1
2.005858839,238
2.013074159,238.85
2.020289479,239.74
2.027504798,240.59
2.034720118,241.43
2.041935437,242.27
2.049150757,243.06
2.056366076,243.73
2.063581396,244.47
2.070796716,245.2
2.078012035,245.87
2.085227355,246.54
2.092442674,247.28
2.099657994,248.01
2.106873313,248.79
2.114088633,249.58
2.121303953,250.37
2.128519272,251.1
2.135734592,251.83
2.142949911,252.61
2.150165231,253.29
2.15738055,253.96
2.16459587,254.75
2.17181119,255.48
2.179026509,256.27
2.186241829,257.11
2.193457148,257.95
2.200672468,258.74
2.207887787,259.58
2.215103107,260.31
2.222318426,261.04
2.229533746,261.77
2.236749066,262.45
2.243964385,263.12
2.251179705,263.8
2.258395024,264.47
2.265610344,265.15
2.272825663,265.93
2.280040983,266.72
2.287256303,267.51
2.294471622,268.41
2.301686942,269.31
2.308902261,270.2
2.316117581,271.1
2.3233329,271.95
2.33054822,272.79
2.33776354,273.63
2.344978859,274.42
2.352194179,275.21
2.359409498,275.94
2.366624818,276.67
2.373840137,277.4
2.381055457,278.07
2.388270777,278.75
2.395486096,279.42
2.402701416,280.1
2.409916735,280.66
2.417132055,281.33
2.424347374,281.84
2.431562694,282.4
2.438778013,283.02
2.445993333,283.58
2.453208653,284.14
2.460423972,284.76
2.467639292,285.43
2.474854611,286.05
2.482069931,286.67
2.48928525,287.35
2.49650057,287.96
2.50371589,288.58
2.510931209,289.14
2.518146529,289.76
2.525361848,290.44
2.532577168,291.05
2.539792487,291.79
2.547007807,292.57
2.554223127,293.3
2.561438446,294.09
2.568653766,294.82
2.575869085,295.55
2.583084405,296.23
2.590299724,296.96
2.597515044,297.52
2.604730364,298.08
2.611945683,298.59
2.619161003,299.09
2.626376322,299.6
2.633591642,299.99
2.640806961,300.44
2.648022281,300.78
2.6552376,301.17
2.66245292,301.51
2.66966824,301.9
2.676883559,302.24
2.684098879,302.74
2.691314198,303.25
2.698529518,303.81
2.705744837,304.54
2.712960157,305.27
2.720175477,306
2.727390796,306.85
2.734606116,307.63
2.741821435,308.42
2.749036755,309.21
2.756252074,309.99
2.763467394,310.78
2.770682714,311.51
2.777898033,312.19
2.785113353,312.86
2.792328672,313.53
2.799543992,314.15
2.806759311,314.66
2.813974631,315.16
2.821189951,315.61
2.82840527,315.95
2.83562059,316.4
2.842835909,316.85
2.850051229,317.36
2.857266548,317.92
2.864481868,318.54
2.871697187,319.21
2.878912507,319.94
2.886127827,320.73
2.893343146,321.52
2.900558466,322.25
2.907773785,323.03
2.914989105,323.76
2.922204424,324.44
2.929419744,325
2.936635064,325.56
2.943850383,326.12
2.951065703,326.57
2.958281022,326.97
2.965496342,327.42
2.972711661,327.92
2.979926981,328.37
2.987142301,328.88
2.99435762,329.38
3.00157294,329.95
3.008788259,330.51
3.016003579,331.13
3.023218898,331.74
3.030434218,332.36
3.037649537,333.09
3.044864857,333.82
3.052080177,334.61
3.059295496,335.34
3.066510816,336.07
3.073726135,336.8
3.080941455,337.48
3.088156774,338.15
3.095372094,338.88
3.102587414,339.61
3.109802733,340.29
3.117018053,341.07
3.124233372,341.86
3.131448692,342.65
3.138664011,343.43
3.145879331,344.22
3.153094651,345.01
3.16030997,345.79
3.16752529,346.47
3.174740609,347.14
3.181955929,347.76
3.189171248,348.38
3.196386568,349.05
3.203601888,349.67
3.210817207,350.35
3.218032527,351.02
3.225247846,351.75
3.232463166,352.54
3.239678485,353.38
3.246893805,354.22
3.254109124,355.12
3.261324444,355.97
3.268539764,356.87
3.275755083,357.76
3.282970403,358.55
3.290185722,359.39
3.297401042,360.18
3.304616361,360.91
3.311831681,361.75
3.319047001,362.54
3.32626232,363.33
3.33347764,364.11
3.340692959,364.96
3.347908279,365.69
3.355123598,366.42
3.362338918,367.15
3.369554238,367.82
3.376769557,368.5
3.383984877,369.17
3.391200196,369.79
3.398415516,370.52
3.405630835,371.25
3.412846155,372.04
3.420061475,372.88
3.427276794,373.67
3.434492114,374.57
3.441707433,375.52
3.448922753,376.42
3.456138072,377.38
3.463353392,378.28
3.470568711,379.18
3.477784031,380.08
3.484999351,381.03
3.49221467,381.87
3.49942999,382.77
3.506645309,383.73
3.513860629,384.68
3.521075948,385.53
3.528291268,386.43
3.535506588,387.33
3.542721907,388.11
3.549937227,388.96
3.557152546,389.69
3.564367866,390.47
3.571583185,391.26
3.578798505,391.99
3.586013825,392.72
3.593229144,393.51
3.600444464,394.24
3.607659783,395.02
3.614875103,395.76
3.622090422,396.43
3.629305742,397.22
3.636521062,397.95
3.643736381,398.68
3.650951701,399.35
3.65816702,400.14
3.66538234,400.87
3.672597659,401.6
3.679812979,402.39
3.687028298,403.17
3.694243618,403.9
3.701458938,404.64
3.708674257,405.31
3.715889577,405.98
3.723104896,406.66
3.730320216,407.39
3.737535535,408.12
3.744750855,408.85
3.751966175,409.64
3.759181494,410.42
3.766396814,411.27
3.773612133,412.05
3.780827453,412.9
3.788042772,413.63
3.795258092,414.47
3.802473412,415.26
3.809688731,415.99
3.816904051,416.83
3.82411937,417.62
3.83133469,418.52
3.838550009,419.36
3.845765329,420.2
3.852980649,420.99
3.860195968,421.89
3.867411288,422.62
3.874626607,423.46
3.881841927,424.19
3.889057246,424.92
3.896272566,425.77
3.903487885,426.5
3.910703205,427.23
3.917918525,427.9
3.925133844,428.63
3.932349164,429.36
3.939564483,430.04
3.946779803,430.71
3.953995122,431.39
3.961210442,432.06
3.968425762,432.74
3.975641081,433.35
3.982856401,434.03
3.99007172,434.65
3.99728704,435.32
4.004502359,435.88
4.011717679,436.5
4.018932999,437.12
4.026148318,437.74
4.033363638,438.36
4.040578957,438.97
4.047794277,439.65
4.055009596,440.27
4.062224916,440.83
4.069440236,441.45
4.076655555,442.06
4.083870875,442.63
4.091086194,443.19
4.098301514,443.75
4.105516833,444.31
4.112732153,444.82
4.119947472,445.38
4.127162792,445.83
4.134378112,446.34
4.141593431,446.79
4.148808751,447.29
4.15602407,447.8
4.16323939,448.3
4.170454709,448.86
4.177670029,449.37
4.184885349,449.93
4.192100668,450.44
4.199315988,450.94
4.206531307,451.45
4.213746627,451.96
4.220961946,452.46
4.228177266,452.91
4.235392586,453.36
4.242607905,453.81
4.249823225,454.32
4.257038544,454.82
4.264253864,455.44
4.271469183,456.06
4.278684503,456.73
4.285899823,457.46
4.293115142,458.19
4.300330462,458.98
4.307545781,459.77
4.314761101,460.55
4.32197642,461.28
4.32919174,462.02
4.336407059,462.69
4.343622379,463.36
4.350837699,463.98
4.358053018,464.6
4.365268338,465.22
4.372483657,465.78
4.379698977,466.4
4.386914296,467.02
4.394129616,467.64
4.401344936,468.2
4.408560255,468.76
4.415775575,469.38
4.422990894,469.88
4.430206214,470.33
4.437421533,470.84
4.444636853,471.23
4.451852173,471.63
4.459067492,472.08
4.466282812,472.52
4.473498131,472.97
4.480713451,473.48
4.48792877,473.87
4.49514409,474.38
4.502359409,474.89
4.509574729,475.39
4.516790049,476.01
4.524005368,476.57
4.531220688,477.13
4.538436007,477.81
4.545651327,478.48
4.552866646,479.1
4.560081966,479.72
4.567297286,480.34
4.574512605,480.95
4.581727925,481.52
4.588943244,482.08
4.596158564,482.58
4.603373883,483.15
4.610589203,483.6
4.617804523,484.21
4.625019842,484.72
4.632235162,485.34
4.639450481,486.01
4.646665801,486.69
4.65388112,487.31
4.66109644,488.04
4.66831176,488.71
4.675527079,489.33
4.682742399,489.89
4.689957718,490.45
4.697173038,490.96
4.704388357,491.41
4.711603677,491.75
4.718818996,492.14
4.726034316,492.59
4.733249636,493.04
4.740464955,493.43
4.747680275,493.94
4.754895594,494.56
4.762110914,495.12
4.769326233,495.74
4.776541553,496.47
4.783756873,497.14
4.790972192,497.93
4.798187512,498.66
4.805402831,499.39
4.812618151,500.18
4.81983347,500.85
4.82704879,501.52
4.83426411,502.2
4.841479429,502.76
4.848694749,503.27
4.855910068,503.77
4.863125388,504.22
4.870340707,504.61
4.877556027,505.06
4.884771347,505.4
4.891986666,505.85
4.899201986,506.24
4.906417305,506.64
4.913632625,507.14
4.920847944,507.59
4.928063264,508.16
4.935278583,508.77
4.942493903,509.39
4.949709223,510.07
4.956924542,510.8
4.964139862,511.47
4.971355181,512.2
4.978570501,512.82
4.98578582,513.49
4.99300114,514.11
5.00021646,514.62
5.007431779,515.24
5.014647099,515.74
5.021862418,516.25
5.029077738,516.81
5.036293057,517.37
5.043508377,517.88
5.050723697,518.44
5.057939016,519.06
5.065154336,519.62
5.072369655,520.18
5.079584975,520.8
5.086800294,521.42
5.094015614,522.04
5.101230934,522.66
5.108446253,523.33
5.115661573,524.06
5.122876892,524.79
5.130092212,525.58
5.137307531,526.31
5.144522851,527.15
5.15173817,527.99
5.15895349,528.78
5.16616881,529.68
5.173384129,530.47
5.180599449,531.25
5.187814768,531.98
5.195030088,532.66
5.202245407,533.22
5.209460727,533.73
5.216676047,534.23
5.223891366,534.68
5.231106686,535.13
5.238322005,535.64
5.245537325,536.14
5.252752644,536.76
5.259967964,537.44
5.267183284,538.17
5.274398603,538.95
5.281613923,539.74
5.288829242,540.47
5.296044562,541.2
5.303259881,541.93
5.310475201,542.66
5.317690521,543.34
5.32490584,544.07
5.33212116,544.8
5.339336479,545.58
5.346551799,546.32
5.353767118,547.05
5.360982438,547.78
5.368197757,548.39
5.375413077,549.01
5.382628397,549.57
5.389843716,550.08
5.397059036,550.59
5.404274355,551.09
5.411489675,551.54
5.418704994,552.1
5.425920314,552.72
5.433135634,553.28
5.440350953,553.85
5.447566273,554.46
5.454781592,555.03
5.461996912,555.59
5.469212231,556.15
5.476427551,556.71
5.483642871,557.27
5.49085819,557.84
5.49807351,558.4
5.505288829,558.96
5.512504149,559.58
5.519719468,560.14
5.526934788,560.81
5.534150108,561.49
5.541365427,562.16
5.548580747,562.89
5.555796066,563.57
5.563011386,564.24
5.570226705,564.92
5.577442025,565.59
5.584657344,566.15
5.591872664,566.77
5.599087984,567.28
5.606303303,567.84
5.613518623,568.4
5.620733942,568.96
5.627949262,569.53
5.635164581,570.14
5.642379901,570.87
5.649595221,571.55
5.65681054,572.22
5.66402586,572.95
5.671241179,573.63
5.678456499,574.36
5.685671818,575.03
5.692887138,575.71
5.700102458,576.44
5.707317777,577.06
5.714533097,577.79
5.721748416,578.52
5.728963736,579.25
5.736179055,579.98
5.743394375,580.65
5.750609695,581.33
5.757825014,581.95
5.765040334,582.51
5.772255653,583.01
5.779470973,583.41
5.786686292,583.74
5.793901612,584.14
5.801116931,584.48
5.808332251,584.81
5.815547571,585.21
5.82276289,585.77
5.82997821,586.33
5.837193529,586.89
5.844408849,587.62
5.851624168,588.35
5.858839488,589.03
5.866054808,589.7
5.873270127,590.38
5.880485447,590.94
5.887700766,591.39
5.894916086,591.84
5.902131405,592.23
5.909346725,592.57
5.916562045,592.91
5.923777364,593.19
5.930992684,593.58
5.938208003,593.97
5.945423323,594.48
5.952638642,594.98
5.959853962,595.6
5.967069281,596.22
5.974284601,596.9
5.981499921,597.68
5.98871524,598.41
5.99593056,599.14
6.003145879,599.82
6.010361199,600.44
6.017576518,601
6.024791838,601.45
6.032007158,601.84
6.039222477,602.23
6.046437797,602.57
6.053653116,602.85
6.060868436,603.19
6.068083755,603.58
6.075299075,603.98
6.082514395,604.43
6.089729714,604.93
6.096945034,605.38
6.104160353,605.89
6.111375673,606.34
6.118590992,606.73
6.125806312,607.24
6.133021632,607.74
6.140236951,608.19
6.147452271,608.64
6.15466759,609.15
6.16188291,609.65
6.169098229,610.16
6.176313549,610.55
6.183528868,610.95
6.190744188,611.34
6.197959508,611.68
6.205174827,612.01
6.212390147,612.41
6.219605466,612.8
6.226820786,613.19
6.234036105,613.64
6.241251425,614.09
6.248466745,614.6
6.255682064,615.1
6.262897384,615.61
6.270112703,616.17
6.277328023,616.73
6.284543342,617.3
6.291758662,617.8
6.298973982,618.31
6.306189301,618.76
6.313404621,619.15
6.32061994,619.49
6.32783526,619.71
6.335050579,619.88
6.342265899,620.11
6.349481219,620.27
6.356696538,620.5
6.363911858,620.78
6.371127177,621.12
6.378342497,621.51
6.385557816,622.02
6.392773136,622.52
6.399988455,623.08
6.407203775,623.48
6.414419095,623.82
6.421634414,624.15
6.428849734,624.43
6.436065053,624.66
6.443280373,624.94
6.450495692,625.22
6.457711012,625.56
6.464926332,625.95
6.472141651,626.29
6.479356971,626.74
6.48657229,627.13
6.49378761,627.52
6.501002929,627.86
6.508218249,628.14
6.515433569,628.42
6.522648888,628.7
6.529864208,628.99
6.537079527,629.32
6.544294847,629.66
6.551510166,630.05
6.558725486,630.5
6.565940806,630.95
6.573156125,631.46
6.580371445,631.96
6.587586764,632.53
6.594802084,633.03
6.602017403,633.65
6.609232723,634.21
6.616448042,634.77
6.623663362,635.39
6.630878682,635.9
6.638094001,636.35
6.645309321,636.85
6.65252464,637.25
6.65973996,637.58
6.666955279,637.98
6.674170599,638.26
6.681385919,638.65
6.688601238,638.99
6.695816558,639.38
6.703031877,639.78
6.710247197,640.28
6.717462516,640.73
6.724677836,641.24
6.731893156,641.69
6.739108475,642.25
6.746323795,642.7
6.753539114,643.2
6.760754434,643.65
6.767969753,643.99
6.775185073,644.38
6.782400393,644.67
6.789615712,645
6.796831032,645.23
6.804046351,645.45
6.811261671,645.73
6.81847699,646.01
6.82569231,646.41
6.832907629,646.86
6.840122949,647.42
6.847338269,648.09
6.854553588,648.77
6.861768908,649.5
6.868984227,650.23
6.876199547,651.02
6.883414866,651.69
6.890630186,652.36
6.897845506,652.87
6.905060825,653.38
6.912276145,653.83
6.919491464,654.16
6.926706784,654.44
6.933922103,654.73
6.941137423,655.01
6.948352743,655.34
6.955568062,655.68
6.962783382,656.07
6.969998701,656.52
6.977214021,656.97
6.98442934,657.54
6.99164466,658.04
6.99885998,658.55
7.006075299,659.05
7.013290619,659.56
7.020505938,659.95
7.027721258,660.46
7.034936577,660.85
7.042151897,661.3
7.049367216,661.69
7.056582536,662.09
7.063797856,662.42
7.071013175,662.76
7.078228495,663.04
7.085443814,663.38
7.092659134,663.6
7.099874453,663.89
7.107089773,664.22
7.114305093,664.5
7.121520412,664.9
7.128735732,665.35
7.135951051,665.8
7.143166371,666.19
7.15038169,666.58
7.15759701,667.03
7.16481233,667.43
7.172027649,667.71
7.179242969,668.04
7.186458288,668.38
7.193673608,668.72
7.200888927,669.06
7.208104247,669.34
7.215319567,669.62
7.222534886,669.9
7.229750206,670.18
7.236965525,670.46
7.244180845,670.74
7.251396164,671.02
7.258611484,671.3
7.265826803,671.59
7.273042123,671.92
7.280257443,672.26
7.287472762,672.6
7.294688082,672.99
7.301903401,673.33
7.309118721,673.61
7.31633404,673.89
7.32354936,674.17
7.33076468,674.51
7.337979999,674.79
7.345195319,675.13
7.352410638,675.52
7.359625958,675.91
7.366841277,676.36
7.374056597,676.92
7.381271917,677.49
7.388487236,678.16
7.395702556,678.78
7.402917875,679.51
7.410133195,680.18
7.417348514,680.86
7.424563834,681.42
7.431779153,681.98
7.438994473,682.54
7.446209793,682.99
7.453425112,683.33
7.460640432,683.61
7.467855751,683.95
7.475071071,684.17
7.48228639,684.4
7.48950171,684.57
7.49671703,684.74
7.503932349,684.9
7.511147669,685.07
7.518362988,685.3
7.525578308,685.52
7.532793627,685.75
7.540008947,686.03
7.547224267,686.42
7.554439586,686.76
7.561654906,687.21
7.568870225,687.66
7.576085545,688.11
7.583300864,688.56
7.590516184,689.06
7.597731504,689.51
7.604946823,689.91
7.612162143,690.24
7.619377462,690.64
7.626592782,691.03
7.633808101,691.31
7.641023421,691.7
7.64823874,692.1
7.65545406,692.49
7.66266938,692.88
7.669884699,693.39
7.677100019,693.78
7.684315338,694.23
7.691530658,694.63
7.698745977,695.02
7.705961297,695.41
7.713176617,695.75
7.720391936,696.14
7.727607256,696.48
7.734822575,696.82
7.742037895,697.16
7.749253214,697.55
7.756468534,697.89
7.763683854,698.22
7.770899173,698.56
7.778114493,698.95
7.785329812,699.35
7.792545132,699.8
7.799760451,700.3
7.806975771,700.7
7.814191091,701.2
7.82140641,701.71
7.82862173,702.21
7.835837049,702.72
7.843052369,703.23
7.850267688,703.79
7.857483008,704.35
7.864698327,704.86
7.871913647,705.36
7.879128967,705.87
7.886344286,706.26
7.893559606,706.71
7.900774925,707.16
7.907990245,707.55
7.915205564,708.06
7.922420884,708.56
7.929636204,709.07
7.936851523,709.63
7.944066843,710.19
7.951282162,710.81
7.958497482,711.43
7.965712801,712.05
7.972928121,712.72
7.980143441,713.34
7.98735876,713.96
7.99457408,714.58
8.001789399,715.2
8.009004719,715.76
8.016220038,716.38
8.023435358,716.99
8.030650678,717.61
8.037865997,718.23
8.045081317,718.85
8.052296636,719.52
8.059511956,720.2
8.066727275,720.87
8.073942595,721.43
8.081157914,722
8.088373234,722.56
8.095588554,723.12
8.102803873,723.63
8.110019193,724.24
8.117234512,724.81
8.124449832,725.48
8.131665151,726.16
8.138880471,726.83
8.146095791,727.56
8.15331111,728.18
8.16052643,728.85
8.167741749,729.53
8.174957069,730.2
8.182172388,730.93
8.189387708,731.72
8.196603028,732.51
8.203818347,733.46
8.211033667,734.42
8.218248986,735.37
8.225464306,736.44
8.232679625,737.45
8.239894945,738.46
8.247110265,739.36
8.254325584,740.26
8.261540904,741.05
8.268756223,741.84
8.275971543,742.57
8.283186862,743.24
8.290402182,743.97
8.297617501,744.7
8.304832821,745.49
8.312048141,746.33
8.31926346,747.17
8.32647878,748.19
8.333694099,749.2
8.340909419,750.27
8.348124738,751.45
8.355340058,752.68
8.362555378,753.92
8.369770697,755.21
8.376986017,756.45
8.384201336,757.68
8.391416656,758.92
8.398631975,760.1
8.405847295,761.28
8.413062615,762.4
8.420277934,763.53
8.427493254,764.65
8.434708573,765.83
8.441923893,767.01
8.449139212,768.25
8.456354532,769.54
8.463569852,770.78
8.470785171,772.13
8.478000491,773.48
8.48521581,774.77
8.49243113,776.12
8.499646449,777.47
8.506861769,778.87
8.514077088,780.33
8.521292408,781.85
8.528507728,783.37
8.535723047,785
8.542938367,786.68
8.550153686,788.42
8.557369006,790.22
8.564584325,792.08
8.571799645,794.04
8.579014965,796.01
8.586230284,798.09
8.593445604,800.23
8.600660923,802.42
8.607876243,804.72
8.615091562,806.97
8.622306882,809.33
8.629522202,811.75
8.636737521,814.11
8.643952841,816.41
8.65116816,818.83
8.65838348,821.36
8.665598799,823.83
8.672814119,826.3
8.680029439,828.83
8.687244758,831.47
8.694460078,834.17
8.701675397,837.04
8.708890717,839.96
8.716106036,843.11
8.723321356,846.31
8.730536675,849.74
8.737751995,853.22
8.744967315,856.93
8.752182634,860.64
8.759397954,864.52
8.766613273,868.4
8.773828593,872.39
8.781043912,876.38
8.788259232,880.42
8.795474552,884.64
8.802689871,888.91
8.809905191,893.29
8.81712051,897.79
8.82433583,902.45
8.831551149,907.29
8.838766469,912.18
8.845981789,917.29
8.853197108,922.41
8.860412428,927.74
8.867627747,933.08
8.874843067,938.65
8.882058386,944.44
8.889273706,950.39
8.896489025,956.58
8.903704345,962.98
8.910919665,969.61
8.918134984,976.47
8.925350304,983.5
8.932565623,990.63
8.939780943,997.99
8.946996262,1005.47
8.954211582,1013.06
8.961426902,1020.76
8.968642221,1028.74
8.975857541,1036.83
8.98307286,1045.15
8.99028818,1053.8
8.997503499,1062.68
9.004718819,1071.9
9.011934139,1081.4
9.019149458,1091.23
9.026364778,1101.4
9.033580097,1111.86
9.040795417,1122.59
9.048010736,1133.55
9.055226056,1144.79
9.062441376,1156.2
9.069656695,1167.83
9.076872015,1179.69
9.084087334,1191.72
9.091302654,1203.97
9.098517973,1216.44
9.105733293,1229.2
9.112948612,1242.3
9.120163932,1255.67
9.127379252,1269.33
9.134594571,1283.43
9.141809891,1297.82
9.14902521,1312.6
9.15624053,1327.72
9.163455849,1343.23
9.170671169,1359.19
9.177886489,1375.49
9.185101808,1392.24
9.192317128,1409.38
9.199532447,1426.91
9.206747767,1444.78
9.213963086,1463.05
9.221178406,1481.76
9.228393726,1500.87
9.235609045,1520.43
9.242824365,1540.38
9.250039684,1560.89
9.257255004,1581.74
9.264470323,1603.1
9.271685643,1624.85
9.278900963,1646.99
9.286116282,1669.53
9.293331602,1692.4
9.300546921,1715.78
9.307762241,1739.5
9.31497756,1763.78
9.32219288,1788.39
9.329408199,1813.63
9.336623519,1839.36
9.343838839,1865.55
9.351054158,1892.42
9.358269478,1919.79
9.365484797,1947.77
9.372700117,1976.32
9.379915436,2005.49
9.387130756,2035.28
9.394346076,2065.57
9.401561395,2096.48
9.408776715,2128.01
9.415992034,2160.04
9.423207354,2192.64
9.430422673,2225.8
9.437637993,2259.52
9.444853313,2293.74
9.452068632,2328.64
9.459283952,2364.05
9.466499271,2400.02
9.473714591,2436.6
9.48092991,2473.75
9.48814523,2511.57
9.49536055,2550.01
9.502575869,2589.13
9.509791189,2628.81
9.517006508,2669.16
9.524221828,2710.3
9.531437147,2752
9.538652467,2794.37
9.545867786,2837.36
9.553083106,2881.14
9.560298426,2925.49
9.567513745,2970.56
9.574729065,3016.36
9.581944384,3062.78
9.589159704,3109.93
9.596375023,3157.7
9.603590343,3206.21
9.610805663,3255.32
9.618020982,3305.12
9.625236302,3355.64
9.632451621,3406.78
9.639666941,3458.54
9.64688226,3511.09
9.65409758,3564.2
9.6613129,3618.09
9.668528219,3672.61
9.675743539,3727.85
9.682958858,3783.77
9.690174178,3840.25
9.697389497,3897.35
9.704604817,3955.01
9.711820137,4013.24
9.719035456,4071.97
9.726250776,4131.14
9.733466095,4190.83
9.740681415,4250.96
9.747896734,4311.72
9.755112054,4373.09
9.762327373,4435.02
9.769542693,4497.57
9.776758013,4560.85
9.783973332,4624.75
9.791188652,4689.27
9.798403971,4754.4
9.805619291,4820.1
9.81283461,4886.36
9.82004993,4953.07
9.82726525,5020.34
9.834480569,5088.06
9.841695889,5156.23
9.848911208,5224.85
9.856126528,5293.87
9.863341847,5363.27
9.870557167,5433.02
9.877772487,5503.04
9.884987806,5573.35
9.892203126,5643.94
9.899418445,5714.69
9.906633765,5785.62
9.913849084,5856.93
9.921064404,5928.48
9.928279724,6000.24
9.935495043,6072.41
9.942710363,6144.79
9.949925682,6217.46
9.957141002,6290.35
9.964356321,6363.41
9.971571641,6436.64
9.97878696,6509.92
9.98600228,6583.26
9.9932176,6656.66
10.00043292,6730
10.00764824,6803.34
10.01486356,6876.68
10.02207888,6949.97
10.0292942,7023.2
10.03650952,7096.43
10.04372484,7169.49
10.05094016,7242.43
10.05815548,7315.21
10.0653708,7387.65
10.07258611,7459.76
10.07980143,7531.47
10.08701675,7602.67
10.09423207,7673.43
10.10144739,7743.57
10.10866271,7813.14
10.11587803,7882.21
10.12309335,7950.78
10.13030867,8018.84
10.13752399,8086.5
10.14473931,8153.6
10.15195463,8220.37
10.15916995,8286.57
10.16638527,8352.33
10.17360059,8417.52
10.18081591,8482.15
10.18803123,8546.1
10.19524655,8609.44
10.20246187,8671.99
10.20967719,8733.76
10.21689251,8794.73
10.22410783,8854.87
10.23132315,8914.05
10.23853846,8972.33
10.24575378,9029.65
10.2529691,9085.96
10.26018442,9141.21
10.26739974,9195.38
10.27461506,9248.49
10.28183038,9300.53
10.2890457,9351.51
10.29626102,9401.36
10.30347634,9449.97
10.31069166,9497.46
10.31790698,9543.71
10.3251223,9588.67
10.33233762,9632.34
10.33955294,9674.71
10.34676826,9715.79
10.35398358,9755.58
10.3611989,9794.08
10.36841422,9831.29
10.37562954,9867.25
10.38284486,9901.93
10.39006018,9935.26
10.3972755,9967.23
10.40449081,9997.86
10.41170613,10027.09
10.41892145,10054.91
10.42613677,10081.26
10.43335209,10106.22
10.44056741,10129.82
10.44778273,10152.02
10.45499805,10172.81
10.46221337,10192.26
10.46942869,10210.3
10.47664401,10226.93
10.48385933,10242.11
10.49107465,10255.82
10.49828997,10268.07
10.50550529,10278.75
10.51272061,10287.97
10.51993593,10295.5
10.52715125,10301.51
10.53436657,10306.01
10.54158189,10308.87
10.54879721,10310.22
10.55601253,10310.11
10.56322785,10308.48
10.57044316,10305.28
10.57765848,10300.61
10.5848738,10294.43
10.59208912,10286.79
10.59930444,10277.63
10.60651976,10267.06
10.61373508,10254.98
10.6209504,10241.43
10.62816572,10226.48
10.63538104,10210.13
10.64259636,10192.31
10.64981168,10173.21
10.657027,10152.75
10.66424232,10130.94
10.67145764,10107.85
10.67867296,10083.4
10.68588828,10057.66
10.6931036,10030.68
10.70031892,10002.47
10.70753424,9972.91
10.71474956,9942.11
10.72196488,9910.19
10.7291802,9877.03
10.73639551,9842.69
10.74361083,9807.12
10.75082615,9770.48
10.75804147,9732.6
10.76525679,9693.54
10.77247211,9653.3
10.77968743,9611.99
10.78690275,9569.56
10.79411807,9526.01
10.80133339,9481.44
10.80854871,9435.75
10.81576403,9389.16
10.82297935,9341.62
10.83019467,9293.06
10.83740999,9243.6
10.84462531,9193.25
10.85184063,9141.99
10.85905595,9089.84
10.86627127,9036.84
10.87348659,8983.17
10.88070191,8928.6
10.88791723,8873.41
10.89513255,8817.49
10.90234786,8760.9
10.90956318,8703.75
10.9167785,8645.97
10.92399382,8587.69
10.93120914,8528.85
10.93842446,8469.56
10.94563978,8409.76
10.9528551,8349.52
10.96007042,8288.88
10.96728574,8227.9
10.97450106,8166.59
10.98171638,8104.99
10.9889317,8043.17
10.99614702,7981.13
11.00336234,7918.8
11.01057766,7856.31
11.01779298,7793.59
11.0250083,7730.59
11.03222362,7667.3
11.03943894,7603.63
11.04665426,7539.67
11.05386958,7475.44
11.0610849,7410.98
11.06830022,7346.29
11.07551553,7281.38
11.08273085,7216.52
11.08994617,7151.61
11.09716149,7086.82
11.10437681,7022.02
11.11159213,6957.39
11.11880745,6892.81
11.12602277,6828.41
11.13323809,6764.11
11.14045341,6699.93
11.14766873,6635.98
11.15488405,6572.19
11.16209937,6508.52
11.16931469,6445.12
11.17653001,6381.9
11.18374533,6318.95
11.19096065,6256.29
11.19817597,6193.91
11.20539129,6131.98
11.21260661,6070.38
11.21982193,6009.12
11.22703725,5948.48
11.23425257,5888.18
11.24146788,5828.38
11.2486832,5768.98
11.25589852,5709.97
11.26311384,5651.3
11.27032916,5592.96
11.27754448,5534.96
11.2847598,5477.25
11.29197512,5419.92
11.29919044,5362.88
11.30640576,5306.23
11.31362108,5250.03
11.3208364,5194.28
11.32805172,5138.98
11.33526704,5084.18
11.34248236,5029.9
11.34969768,4976.11
11.356913,4922.72
11.36412832,4869.95
11.37134364,4817.63
11.37855896,4765.81
11.38577428,4714.5
11.3929896,4663.7
11.40020492,4613.51
11.40742023,4563.83
11.41463555,4514.77
11.42185087,4466.38
11.42906619,4418.55
11.43628151,4371.23
11.44349683,4324.53
11.45071215,4278.33
11.45792747,4232.64
11.46514279,4187.51
11.47235811,4142.83
11.47957343,4098.66
11.48678875,4054.94
11.49400407,4011.78
11.50121939,3969.18
11.50843471,3927.08
11.51565003,3885.44
11.52286535,3844.3
11.53008067,3803.72
11.53729599,3763.48
11.54451131,3723.86
11.55172663,3684.64
11.55894195,3646.03
11.56615727,3607.98
11.57337258,3570.49
11.5805879,3533.57
11.58780322,3497.26
11.59501854,3461.58
11.60223386,3426.51
11.60944918,3391.95
11.6166645,3358
11.62387982,3324.51
11.63109514,3291.57
11.63831046,3259.09
11.64552578,3227.11
11.6527411,3195.58
11.65995642,3164.62
11.66717174,3134.16
11.67438706,3104.2
11.68160238,3074.81
11.6888177,3045.98
11.69603302,3017.54
11.70324834,2989.72
11.71046366,2962.35
11.71767898,2935.49
11.7248943,2909.02
11.73210962,2883.06
11.73932493,2857.6
11.74654025,2832.48
11.75375557,2807.86
11.76097089,2783.58
11.76818621,2759.81
11.77540153,2736.37
11.78261685,2713.39
11.78983217,2690.74
11.79704749,2668.54
11.80426281,2646.62
11.81147813,2625.1
11.81869345,2603.91
11.82590877,2583
11.83312409,2562.43
11.84033941,2542.15
11.84755473,2522.08
11.85477005,2502.3
11.86198537,2482.69
11.86920069,2463.24
11.87641601,2443.91
11.88363133,2424.63
11.89084665,2405.47
11.89806197,2386.25
11.90527728,2367.03
11.9124926,2347.64
11.91970792,2328.14
11.92692324,2308.41
11.93413856,2288.35
11.94135388,2268.11
11.9485692,2247.43
11.95578452,2226.3
11.96299984,2204.66
11.97021516,2182.41
11.97743048,2159.42
11.9846458,2135.6
11.99186112,2110.81
11.99907644,2084.9
12.00629176,2057.76
12.01350708,2029.32
12.0207224,1999.37
12.02793772,1967.73
12.03515304,1934.29
12.04236836,1898.77
12.04958368,1860.95
12.056799,1820.59
12.06401432,1777.43
12.07122963,1731.18
12.07844495,1681.56
12.08566027,1628.33
12.09287559,1571.01
12.10009091,1509.36
12.10730623,1443.04
12.11452155,1371.5
12.12173687,1294.45
12.12895219,1211.33
12.13616751,1121.69
12.14338283,1025.03
12.15059815,920.83
12.15781347,808.6
12.16502879,687.77
12.17224411,557.84
12.17945943,418.24
12.18667475,268.35
12.19389007,107.79
12.20110539,-64.01
12.20832071,-247.5
12.21553603,-443.02
12.22275135,-650.9
12.22996667,-871.21
12.23718198,-1104.1
12.2443973,-1349.47
12.25161262,-1607.26
12.25882794,-1877.08
12.26604326,-2158.52
12.27325858,-2450.93
12.2804739,-2753.63
12.28768922,-3065.76
12.29490454,-3386.16
12.30211986,-3713.63
12.30933518,-4046.9
12.3165505,-4384.49
12.32376582,-4724.79
12.33098114,-5066.09
12.33819646,-5406.66
12.34541178,-5744.65
12.3526271,-6078.14
12.35984242,-6405.22
12.36705774,-6723.88
12.37427306,-7032.19
12.38148838,-7328.25
12.3887037,-7610.15
12.39591902,-7876.14
12.40313433,-8124.44
12.41034965,-8353.68
12.41756497,-8562.4
12.42478029,-8749.6
12.43199561,-8914.27
12.43921093,-9055.61
12.44642625,-9173.13
12.45364157,-9266.36
12.46085689,-9335.26
12.46807221,-9379.78
12.47528753,-9400.12
12.48250285,-9396.64
12.48971817,-9369.94
12.49693349,-9320.82
12.50414881,-9250.07
12.51136413,-9158.91
12.51857945,-9048.42
12.52579477,-8919.78
12.53301009,-8774.39
12.54022541,-8613.6
12.54744073,-8438.76
12.55465605,-8251.28
12.56187137,-8052.56
12.56908668,-7844
12.576302,-7627.07
12.58351732,-7403.05
12.59073264,-7173.48
12.59794796,-6939.51
12.60516328,-6702.41
12.6123786,-6463.28
12.61959392,-6223.3
12.62680924,-5983.38
12.63402456,-5744.42
12.64123988,-5507.2
12.6484552,-5272.51
12.65567052,-5040.91
12.66288584,-4813.02
12.67010116,-4589.17
12.67731648,-4369.94
12.6845318,-4155.48
12.69174712,-3946.08
12.69896244,-3741.96
12.70617776,-3543.29
12.71339308,-3350.25
12.7206084,-3162.76
12.72782372,-2981.07
12.73503903,-2805.11
12.74225435,-2634.93
12.74946967,-2470.43
12.75668499,-2311.56
12.76390031,-2158.36
12.77111563,-2010.49
12.77833095,-1868.08
12.78554627,-1731.07
12.79276159,-1599.11
12.79997691,-1472.27
12.80719223,-1350.37
12.81440755,-1233.3
12.82162287,-1120.85
12.82883819,-1012.94
12.83605351,-909.31
12.84326883,-809.84
12.85048415,-714.41
12.85769947,-622.75
12.86491479,-534.85
12.87213011,-450.55
12.87934543,-369.9
12.88656075,-292.63
12.89377607,-218.78
12.90099138,-148.25
12.9082067,-81.04
12.91542202,-16.97
12.92263734,43.94
12.92985266,101.72
12.93706798,156.57
12.9442833,208.44
12.95149862,257.39
12.95871394,303.53
12.96592926,346.86
12.97314458,387.55
12.9803599,425.54
12.98757522,461
12.99479054,493.88
13.00200586,524.23
13.00922118,552.1
13.0164365,577.51
13.02365182,600.49
13.03086714,621.06
13.03808246,639.1
13.04529778,654.67
13.0525131,667.71
13.05972842,678.1
13.06694373,685.97
13.07415905,691.09
13.08137437,693.5
13.08858969,693.05
13.09580501,689.74
13.10302033,683.5
13.11023565,674.23
13.11745097,661.86
13.12466629,646.41
13.13188161,627.81
13.13909693,606.06
13.14631225,581.22
13.15352757,553.23
13.16074289,522.09
13.16795821,487.87
13.17517353,450.55
13.18238885,410.26
13.18960417,366.92
13.19681949,320.73
13.20403481,271.78
13.21125013,220.24
13.21846545,166.35
13.22568077,110.32
13.23289608,52.54
13.2401114,-6.8
13.24732672,-67.1
13.25454204,-128.07
13.26175736,-189.28
13.26897268,-250.31
13.276188,-310.56
13.28340332,-369.68
13.29061864,-427.17
13.29783396,-482.58
13.30504928,-535.47
13.3122646,-585.54
13.31947992,-632.36
13.32669524,-675.52
13.33391056,-714.8
13.34112588,-749.87
13.3483412,-780.44
13.35555652,-806.3
13.36277184,-827.32
13.36998716,-843.44
13.37720248,-854.4
13.3844178,-860.3
13.39163312,-861.2
13.39884843,-857.16
13.40606375,-848.33
13.41327907,-834.96
13.42049439,-817.14
13.42770971,-795.23
13.43492503,-769.32
13.44214035,-739.81
13.44935567,-706.88
13.45657099,-670.91
13.46378631,-632.19
13.47100163,-590.99
13.47821695,-547.66
13.48543227,-502.42
13.49264759,-455.66
13.49986291,-407.73
13.50707823,-358.94
13.51429355,-309.49
13.52150887,-259.64
13.52872419,-209.68
13.53593951,-159.77
13.54315483,-110.2
13.55037015,-61.08
13.55758547,-12.58
13.56480079,35.23
13.5720161,82.22
13.57923142,128.36
13.58644674,173.48
13.59366206,217.55
13.60087738,260.48
13.6080927,302.29
13.61530802,342.93
13.62252334,382.44
13.62973866,420.76
13.63695398,457.97
13.6441693,493.94
13.65138462,528.89
13.65859994,562.67
13.66581526,595.38
13.67303058,626.96
13.6802459,657.37
13.68746122,686.65
13.69467654,714.8
13.70189186,741.89
13.70910718,767.86
13.7163225,792.86
13.72353782,816.86
13.73075314,839.9
13.73796845,862.1
13.74518377,883.46
13.75239909,903.97
13.75961441,923.7
13.76682973,942.64
13.77404505,960.9
13.78126037,978.38
13.78847569,995.18
13.79569101,1011.2
13.80290633,1026.49
13.81012165,1041.1
13.81733697,1054.98
13.82455229,1068.24
13.83176761,1080.78
13.83898293,1092.75
13.84619825,1104.1
13.85341357,1114.95
13.86062889,1125.18
13.86784421,1134.95
13.87505953,1144.23
13.88227485,1152.99
13.88949017,1161.26
13.89670549,1169.12
13.9039208,1176.54
13.91113612,1183.45
13.91835144,1189.86
13.92556676,1195.87
13.93278208,1201.49
13.9399974,1206.61
13.94721272,1211.33
13.95442804,1215.71
13.96164336,1219.7
13.96885868,1223.41
13.976074,1226.78
13.98328932,1229.88
13.99050464,1232.63
13.99771996,1235.1
14.00493528,1237.29
14.0121506,1239.09
14.01936592,1240.67
14.02658124,1241.9
14.03379656,1242.75
14.04101188,1243.31
14.0482272,1243.48
14.05544252,1243.36
14.06265784,1242.8
14.06987315,1241.79
14.07708847,1240.44
14.08430379,1238.59
14.09151911,1236.34
14.09873443,1233.7
14.10594975,1230.61
14.11316507,1227.01
14.12038039,1222.91
14.12759571,1218.24
14.13481103,1213.07
14.14202635,1207.23
14.14924167,1200.6
14.15645699,1193.35
14.16367231,1185.08
14.17088763,1176.09
14.17810295,1166.03
14.18531827,1155.07
14.19253359,1143.1
14.19974891,1130.12
14.20696423,1115.96
14.21417955,1100.73
14.22139487,1084.26
14.22861019,1066.45
14.2358255,1047.34
14.24304082,1026.83
14.25025614,1004.74
14.25747146,981.08
14.26468678,955.62
14.2719021,928.36
14.27911742,899.14
14.28633274,867.89
14.29354806,834.51
14.30076338,798.99
14.3079787,761.17
14.31519402,720.98
14.32240934,678.5
14.32962466,633.59
14.33683998,586.22
14.3440553,536.37
14.35127062,484.05
14.35848594,429.08
14.36570126,371.53
14.37291658,311.4
14.3801319,248.68
14.38734722,183.26
14.39456254,115.32
14.40177785,44.9
14.40899317,-27.81
14.41620849,-102.78
14.42342381,-179.67
14.43063913,-258.35
14.43785445,-338.43
14.44506977,-419.81
14.45228509,-502.09
14.45950041,-584.98
14.46671573,-668.21
14.47393105,-751.39
14.48114637,-834.23
14.48836169,-916.39
14.49557701,-997.49
14.50279233,-1077.18
14.51000765,-1155.19
14.51722297,-1231.06
14.52443829,-1304.45
14.53165361,-1374.98
14.53886893,-1442.2
14.54608425,-1505.93
14.55329957,-1565.73
14.56051489,-1621.31
14.5677302,-1672.39
14.57494552,-1718.65
14.58216084,-1759.95
14.58937616,-1796.09
14.59659148,-1826.83
14.6038068,-1852.18
14.61102212,-1871.9
14.61823744,-1886.01
14.62545276,-1894.5
14.63266808,-1897.42
14.6398834,-1894.83
14.64709872,-1886.74
14.65431404,-1873.37
14.66152936,-1854.82
14.66874468,-1831.27
14.67596,-1802.83
14.68317532,-1769.96
14.69039064,-1732.64
14.69760596,-1691.28
14.70482128,-1646.09
14.7120366,-1597.42
14.71925192,-1545.5
14.72646724,-1490.81
14.73368255,-1433.6
14.74089787,-1374.25
14.74811319,-1313.05
14.75532851,-1250.33
14.76254383,-1186.55
14.76975915,-1121.86
14.77697447,-1056.67
14.78418979,-991.31
14.79140511,-926
14.79862043,-861.09
14.80583575,-796.8
14.81305107,-733.35
14.82026639,-671.08
14.82748171,-610.16
14.83469703,-550.7
14.84191235,-492.93
14.84912767,-437.01
14.85634299,-383.11
14.86355831,-331.29
14.87077363,-281.78
14.87798895,-234.52
14.88520427,-189.78
14.89241959,-147.58
14.8996349,-107.9
14.90685022,-70.86
14.91406554,-36.47
14.92128086,-4.66
14.92849618,24.61
14.9357115,51.36
14.94292682,75.7
14.95014214,97.56
14.95735746,117.12
14.96457278,134.37
14.9717881,149.49
14.97900342,162.47
14.98621874,173.43
14.99343406,182.48
15.00064938,189.78
15.0078647,195.46
15.01508002,199.62
15.02229534,202.54
15.02951066,204.28
15.03672598,205.07
15.0439413,205.01
15.05115662,204.34
15.05837194,203.1
15.06558725,201.47
15.07280257,199.67
15.08001789,197.71
15.08723321,195.85
15.09444853,194.11
15.10166385,192.7
15.10887917,191.69
15.11609449,191.19
15.12330981,191.3
15.13052513,192.09
15.13774045,193.72
15.14495577,196.25
15.15217109,199.73
15.15938641,204.23
15.16660173,209.85
15.17381705,216.53
15.18103237,224.35
15.18824769,233.39
15.19546301,243.51
15.20267833,254.75
15.20989365,267.11
15.21710897,280.43
15.22432429,294.82
15.2315396,310.05
15.23875492,326.18
15.24597024,343.21
15.25318556,360.97
15.26040088,379.51
15.2676162,398.79
15.27483152,418.74
15.28204684,439.37
15.28926216,460.55
15.29647748,482.25
15.3036928,504.33
15.31090812,526.81
15.31812344,549.52
15.32533876,572.45
15.33255408,595.49
15.3397694,618.7
15.34698472,641.91
15.35420004,665.18
15.36141536,688.39
15.36863068,711.43
15.375846,734.36
15.38306132,757.01
15.39027664,779.43
15.39749195,801.52
15.40470727,823.21
15.41192259,844.57
15.41913791,865.48
15.42635323,885.99
15.43356855,906
15.44078387,925.55
15.44799919,944.6
15.45521451,963.15
15.46242983,981.19
15.46964515,998.73
15.47686047,1015.81
15.48407579,1032.33
15.49129111,1048.35
15.49850643,1063.97
15.50572175,1079.09
15.51293707,1093.76
15.52015239,1107.92
15.52736771,1121.58
15.53458303,1134.67
15.54179835,1147.26
15.54901367,1159.34
15.55622899,1170.92
15.5634443,1181.94
15.57065962,1192.45
15.57787494,1202.56
15.58509026,1212.23
15.59230558,1221.56
15.5995209,1230.44
15.60673622,1238.98
15.61395154,1247.19
15.62116686,1255.05
15.62838218,1262.47
15.6355975,1269.61
15.64281282,1276.35
15.65002814,1282.76
15.65724346,1288.83
15.66445878,1294.67
15.6716741,1300.29
15.67888942,1305.63
15.68610474,1310.75
15.69332006,1315.69
15.70053538,1320.41
15.7077507,1324.91
15.71496602,1329.18
15.72218134,1333.34
15.72939665,1337.16
15.73661197,1340.87
15.74382729,1344.36
15.75104261,1347.67
15.75825793,1350.82
15.76547325,1353.85
15.77268857,1356.72
15.77990389,1359.47
15.78711921,1362.06
15.79433453,1364.47
15.80154985,1366.78
15.80876517,1368.91
15.81598049,1370.88
15.82319581,1372.85
15.83041113,1374.7
15.83762645,1376.5
15.84484177,1378.3
15.85205709,1380.1
15.85927241,1381.84
15.86648773,1383.53
15.87370305,1385.16
15.88091837,1386.73
15.88813369,1388.3
15.89534901,1389.71
15.90256432,1391
15.90977964,1392.29
15.91699496,1393.42
15.92421028,1394.54
15.9314256,1395.61
15.93864092,1396.62
15.94585624,1397.63
15.95307156,1398.64
15.96028688,1399.6
15.9675022,1400.61
15.97471752,1401.57
15.98193284,1402.52
15.98914816,1403.53
15.99636348,1404.49
16.0035788,1405.39
16.01079412,1406.4
16.01800944,1407.3
16.02522476,1408.2
16.03244008,1409.15
16.0396554,1410.11
16.04687072,1411.12
16.05408604,1412.02
16.06130136,1413.03
16.06851667,1414.04
16.07573199,1415
16.08294731,1415.95
16.09016263,1416.85
16.09737795,1417.7
16.10459327,1418.54
16.11180859,1419.33
16.11902391,1420.06
16.12623923,1420.67
16.13345455,1421.29
16.14066987,1421.86
16.14788519,1422.47
16.15510051,1423.04
16.16231583,1423.6
16.16953115,1424.16
16.17674647,1424.78
16.18396179,1425.4
16.19117711,1426.07
16.19839243,1426.74
16.20560775,1427.48
16.21282307,1428.21
16.22003839,1428.88
16.22725371,1429.61
16.23446902,1430.29
16.24168434,1430.9
16.24889966,1431.58
16.25611498,1432.14
16.2633303,1432.76
16.27054562,1433.38
16.27776094,1433.94
16.28497626,1434.61
16.29219158,1435.34
16.2994069,1436.07
16.30662222,1436.75
16.31383754,1437.42
16.32105286,1438.1
16.32826818,1438.77
16.3354835,1439.45
16.34269882,1440.01
16.34991414,1440.68
16.35712946,1441.36
16.36434478,1442.03
16.3715601,1442.82
16.37877542,1443.6
16.38599074,1444.5
16.39320606,1445.35
16.40042137,1446.13
16.40763669,1446.98
16.41485201,1447.71
16.42206733,1448.38
16.42928265,1449.06
16.43649797,1449.73
16.44371329,1450.29
16.45092861,1450.91
16.45814393,1451.53
16.46535925,1452.2
16.47257457,1452.88
16.47978989,1453.61
16.48700521,1454.34
16.49422053,1455.18
16.50143585,1455.97
16.50865117,1456.7
16.51586649,1457.49
16.52308181,1458.16
16.53029713,1458.83
16.53751245,1459.51
16.54472777,1460.13
16.55194309,1460.8
16.55915841,1461.48
16.56637372,1462.21
16.57358904,1462.99
16.58080436,1463.84
16.58801968,1464.68
16.595235,1465.47
16.60245032,1466.37
16.60966564,1467.21
16.61688096,1468.05
16.62409628,1468.84
16.6313116,1469.63
16.63852692,1470.41
16.64574224,1471.25
16.65295756,1471.99
16.66017288,1472.83
16.6673882,1473.67
16.67460352,1474.51
16.68181884,1475.3
16.68903416,1476.14
16.69624948,1477.04
16.7034648,1477.94
16.71068012,1478.73
16.71789544,1479.57
16.72511076,1480.42
16.73232607,1481.2
16.73954139,1481.93
16.74675671,1482.72
16.75397203,1483.45
16.76118735,1484.12
16.76840267,1484.74
16.77561799,1485.42
16.78283331,1486.09
16.79004863,1486.77
16.79726395,1487.44
16.80447927,1488.17
16.81169459,1488.85
16.81890991,1489.63
16.82612523,1490.42
16.83334055,1491.15
16.84055587,1491.94
16.84777119,1492.72
16.85498651,1493.51
16.86220183,1494.3
16.86941715,1495.08
16.87663247,1495.87
16.88384779,1496.66
16.89106311,1497.44
16.89827842,1498.29
16.90549374,1499.19
16.91270906,1500.09
16.91992438,1500.98
16.9271397,1501.88
16.93435502,1502.78
16.94157034,1503.63
16.94878566,1504.47
16.95600098,1505.26
16.9632163,1505.99
16.97043162,1506.72
16.97764694,1507.39
16.98486226,1508.07
16.99207758,1508.8
16.9992929,1509.47
17.00650822,1510.31
17.01372354,1511.1
17.02093886,1511.94
17.02815418,1512.84
17.0353695,1513.63
17.04258482,1514.42
17.04980014,1515.15
17.05701546,1515.82
17.06423077,1516.38
17.07144609,1516.89
17.07866141,1517.34
17.08587673,1517.79
17.09309205,1518.24
17.10030737,1518.74
17.10752269,1519.25
17.11473801,1519.87
17.12195333,1520.54
17.12916865,1521.33
17.13638397,1522.12
17.14359929,1522.96
17.15081461,1523.8
17.15802993,1524.64
17.16524525,1525.43
17.17246057,1526.16
17.17967589,1526.84
17.18689121,1527.45
17.19410653,1528.02
17.20132185,1528.52
17.20853717,1529.03
17.21575249,1529.53
17.22296781,1529.98
17.23018312,1530.49
17.23739844,1531.05
17.24461376,1531.67
17.25182908,1532.34
17.2590444,1533.02
17.26625972,1533.75
17.27347504,1534.59
17.28069036,1535.38
17.28790568,1536.22
17.295121,1537.07
17.30233632,1537.91
17.30955164,1538.69
17.31676696,1539.54
17.32398228,1540.32
17.3311976,1541.11
17.33841292,1541.79
17.34562824,1542.52
17.35284356,1543.13
17.36005888,1543.75
17.3672742,1544.26
17.37448952,1544.76
17.38170484,1545.27
17.38892016,1545.78
17.39613547,1546.23
17.40335079,1546.68
17.41056611,1547.18
17.41778143,1547.74
17.42499675,1548.31
17.43221207,1548.81
17.43942739,1549.43
17.44664271,1549.99
17.45385803,1550.55
17.46107335,1551.12
17.46828867,1551.68
17.47550399,1552.18
17.48271931,1552.74
17.48993463,1553.25
17.49714995,1553.81
17.50436527,1554.32
17.51158059,1554.88
17.51879591,1555.39
17.52601123,1556
17.53322655,1556.57
17.54044187,1557.24
17.54765719,1557.86
17.55487251,1558.53
17.56208782,1559.1
17.56930314,1559.66
17.57651846,1560.22
17.58373378,1560.67
17.5909491,1561.06
17.59816442,1561.51
17.60537974,1561.85
17.61259506,1562.24
17.61981038,1562.64
17.6270257,1563.03
17.63424102,1563.48
17.64145634,1563.98
17.64867166,1564.49
17.65588698,1565.05
17.6631023,1565.56
17.67031762,1566.12
17.67753294,1566.63
17.68474826,1567.13
17.69196358,1567.64
17.6991789,1568.09
17.70639422,1568.48
17.71360954,1568.99
17.72082486,1569.38
17.72804017,1569.94
17.73525549,1570.45
17.74247081,1571.07
17.74968613,1571.74
17.75690145,1572.47
17.76411677,1573.26
17.77133209,1574.04
17.77854741,1574.78
17.78576273,1575.56
17.79297805,1576.29
17.80019337,1576.91
17.80740869,1577.47
17.81462401,1577.98
17.82183933,1578.48
17.82905465,1578.93
17.83626997,1579.38
17.84348529,1579.83
17.85070061,1580.4
17.85791593,1580.96
17.86513125,1581.58
17.87234657,1582.19
17.87956189,1582.81
17.88677721,1583.32
17.89399252,1583.88
17.90120784,1584.39
17.90842316,1584.89
17.91563848,1585.4
17.9228538,1585.9
17.93006912,1586.52
17.93728444,1587.14
17.94449976,1587.81
17.95171508,1588.54
17.9589304,1589.33
17.96614572,1590.12
17.97336104,1590.9
17.98057636,1591.75
17.98779168,1592.48
17.995007,1593.27
18.00222232,1594.05
18.00943764,1594.73
18.01665296,1595.29
18.02386828,1595.96
18.0310836,1596.47
