0,-5.11
0.00721532,-4.72
0.014430639,-4.38
0.021645959,-4.1
0.028861278,-3.93
0.036076598,-3.7
0.043291917,-3.59
0.050507237,-3.59
0.057722557,-3.65
0.064937876,-3.76
0.072153196,-3.99
0.079368515,-4.38
0.086583835,-4.94
0.093799154,-5.67
0.101014474,-6.51
0.108229793,-7.47
0.115445113,-8.37
0.122660433,-9.16
0.129875752,-9.72
0.137091072,-10.05
0.144306391,-10.11
0.151521711,-9.89
0.15873703,-9.44
0.16595235,-8.82
0.17316767,-8.09
0.180382989,-7.19
0.187598309,-6.23
0.194813628,-5.33
0.202028948,-4.43
0.209244267,-3.54
0.216459587,-2.75
0.223674907,-1.91
0.230890226,-1.18
0.238105546,-0.5
0.245320865,0.11
0.252536185,0.67
0.259751504,1.23
0.266966824,1.79
0.274182144,2.36
0.281397463,2.81
0.288612783,3.37
0.295828102,3.93
0.303043422,4.38
0.310258741,4.88
0.317474061,5.33
0.32468938,5.73
0.3319047,6.12
0.33912002,6.51
0.346335339,6.85
0.353550659,7.24
0.360765978,7.75
0.367981298,8.26
0.375196617,8.82
0.382411937,9.38
0.389627257,9.94
0.396842576,10.56
0.404057896,11.12
0.411273215,11.63
0.418488535,12.02
0.425703854,12.3
0.432919174,12.53
0.440134494,12.7
0.447349813,12.86
0.454565133,12.98
0.461780452,13.09
0.468995772,13.26
0.476211091,13.43
0.483426411,13.6
0.490641731,13.82
0.49785705,14.05
0.50507237,14.27
0.512287689,14.44
0.519503009,14.66
0.526718328,15
0.533933648,15.28
0.541148967,15.56
0.548364287,15.9
0.555579607,16.29
0.562794926,16.69
0.570010246,17.08
0.577225565,17.53
0.584440885,18.04
0.591656204,18.54
0.598871524,19.05
0.606086844,19.61
0.613302163,20.11
0.620517483,20.73
0.627732802,21.29
0.634948122,21.86
0.642163441,22.48
0.649378761,23.04
0.656594081,23.6
0.6638094,24.05
0.67102472,24.55
0.678240039,25
0.685455359,25.4
0.692670678,25.79
0.699885998,26.24
0.707101318,26.58
0.714316637,26.97
0.721531957,27.42
0.728747276,27.87
0.735962596,28.32
0.743177915,28.88
0.750393235,29.44
0.757608554,30.01
0.764823874,30.57
0.772039194,31.19
0.779254513,31.69
0.786469833,32.31
0.793685152,32.87
0.800900472,33.43
0.808115791,34
0.815331111,34.56
0.822546431,35.18
0.82976175,35.74
0.83697707,36.24
0.844192389,36.75
0.851407709,37.2
0.858623028,37.65
0.865838348,38.15
0.873053668,38.6
0.880268987,39.05
0.887484307,39.5
0.894699626,40.01
0.901914946,40.52
0.909130265,41.02
0.916345585,41.53
0.923560905,42.03
0.930776224,42.54
0.937991544,42.99
0.945206863,43.49
0.952422183,44
0.959637502,44.45
0.966852822,45.01
0.974068141,45.52
0.981283461,46.08
0.988498781,46.64
0.9957141,47.32
1.00292942,47.93
1.010144739,48.61
1.017360059,49.23
1.024575378,49.84
1.031790698,50.52
1.039006018,51.19
1.046221337,51.87
1.053436657,52.54
1.060651976,53.1
1.067867296,53.72
1.075082615,54.34
1.082297935,54.85
1.089513255,55.46
1.096728574,56.03
1.103943894,56.64
1.111159213,57.21
1.118374533,57.82
1.125589852,58.44
1.132805172,59.06
1.140020492,59.62
1.147235811,60.07
1.154451131,60.58
1.16166645,60.97
1.16888177,61.42
1.176097089,61.76
1.183312409,62.21
1.190527728,62.66
1.197743048,63.11
1.204958368,63.61
1.212173687,64.18
1.219389007,64.68
1.226604326,65.24
1.233819646,65.81
1.241034965,66.31
1.248250285,66.76
1.255465605,67.27
1.262680924,67.77
1.269896244,68.28
1.277111563,68.73
1.284326883,69.29
1.291542202,69.8
1.298757522,70.41
1.305972842,70.98
1.313188161,71.54
1.320403481,72.04
1.3276188,72.61
1.33483412,73.11
1.342049439,73.67
1.349264759,74.18
1.356480079,74.74
1.363695398,75.25
1.370910718,75.87
1.378126037,76.43
1.385341357,76.99
1.392556676,77.61
1.399771996,78.23
1.406987315,78.84
1.414202635,79.41
1.421417955,80.02
1.428633274,80.64
1.435848594,81.26
1.443063913,81.82
1.450279233,82.44
1.457494552,83
1.464709872,83.51
1.471925192,83.96
1.479140511,84.46
1.486355831,84.91
1.49357115,85.31
1.50078647,85.64
1.508001789,86.04
1.515217109,86.49
1.522432429,86.88
1.529647748,87.39
1.536863068,87.89
1.544078387,88.45
1.551293707,89.07
1.558509026,89.63
1.565724346,90.2
1.572939665,90.7
1.580154985,91.26
1.587370305,91.77
1.594585624,92.16
1.601800944,92.61
1.609016263,93.06
1.616231583,93.46
1.623446902,93.91
1.630662222,94.3
1.637877542,94.8
1.645092861,95.31
1.652308181,95.82
1.6595235,96.38
1.66673882,97
1.673954139,97.56
1.681169459,98.18
1.688384779,98.79
1.695600098,99.47
1.702815418,100.09
1.710030737,100.71
1.717246057,101.38
1.724461376,102
1.731676696,102.56
1.738892016,103.18
1.746107335,103.74
1.753322655,104.36
1.760537974,104.92
1.767753294,105.54
1.774968613,106.04
1.782183933,106.61
1.789399252,107.17
1.796614572,107.62
1.803829892,108.18
1.811045211,108.63
1.818260531,109.08
1.82547585,109.59
1.83269117,110.09
1.839906489,110.6
1.847121809,111.16
1.854337129,111.72
1.861552448,112.34
1.868767768,112.84
1.875983087,113.46
1.883198407,114.08
1.890413726,114.59
1.897629046,115.09
1.904844366,115.54
1.912059685,115.99
1.919275005,116.44
1.926490324,116.83
1.933705644,117.28
1.940920963,117.73
1.948136283,118.18
1.955351603,118.75
1.962566922,119.25
1.969782242,119.76
1.976997561,120.38
1.984212881,120.94
1.9914282,121.56
1.99864352,122.17
2.005858839,122.79
2.013074159,123.35
2.020289479,123.97
2.027504798,124.59
2.034720118,125.21
2.041935437,125.83
2.049150757,126.5
2.056366076,127.06
2.063581396,127.74
2.070796716,128.36
2.078012035,128.92
2.085227355,129.48
2.092442674,130.04
2.099657994,130.55
2.106873313,131.11
2.114088633,131.62
2.121303953,132.12
2.128519272,132.63
2.135734592,133.13
2.142949911,133.64
2.150165231,134.14
2.15738055,134.65
2.16459587,135.21
2.17181119,135.77
2.179026509,136.39
2.186241829,137.01
2.193457148,137.63
2.200672468,138.3
2.207887787,138.92
2.215103107,139.48
2.222318426,139.93
2.229533746,140.38
2.236749066,140.78
2.243964385,141.11
2.251179705,141.45
2.258395024,141.79
2.265610344,142.12
2.272825663,142.52
2.280040983,142.97
2.287256303,143.47
2.294471622,144.04
2.301686942,144.65
2.308902261,145.27
2.316117581,145.95
2.3233329,146.68
2.33054822,147.41
2.33776354,148.08
2.344978859,148.87
2.352194179,149.54
2.359409498,150.22
2.366624818,150.84
2.373840137,151.4
2.381055457,151.96
2.388270777,152.47
2.395486096,152.92
2.402701416,153.48
2.409916735,153.98
2.417132055,154.6
2.424347374,155.16
2.431562694,155.78
2.438778013,156.4
2.445993333,157.02
2.453208653,157.58
2.460423972,158.03
2.467639292,158.42
2.474854611,158.76
2.482069931,159.04
2.48928525,159.32
2.49650057,159.55
2.50371589,159.72
2.510931209,160
2.518146529,160.33
2.525361848,160.67
2.532577168,161.06
2.539792487,161.46
2.547007807,161.91
2.554223127,162.36
2.561438446,162.86
2.568653766,163.37
2.575869085,163.87
2.583084405,164.44
2.590299724,164.89
2.597515044,165.45
2.604730364,165.95
2.611945683,166.52
2.619161003,167.08
2.626376322,167.64
2.633591642,168.26
2.640806961,168.93
2.648022281,169.61
2.6552376,170.34
2.66245292,171.01
2.66966824,171.74
2.676883559,172.42
2.684098879,173.09
2.691314198,173.6
2.698529518,174.16
2.705744837,174.61
2.712960157,175.11
2.720175477,175.56
2.727390796,176.01
2.734606116,176.58
2.741821435,177.08
2.749036755,177.64
2.756252074,178.21
2.763467394,178.77
2.770682714,179.33
2.777898033,179.89
2.785113353,180.4
2.792328672,180.9
2.799543992,181.41
2.806759311,181.97
2.813974631,182.48
2.821189951,182.98
2.82840527,183.49
2.83562059,183.99
2.842835909,184.5
2.850051229,184.95
2.857266548,185.34
2.864481868,185.74
2.871697187,186.13
2.878912507,186.52
2.886127827,186.86
2.893343146,187.25
2.900558466,187.65
2.907773785,187.93
2.914989105,188.21
2.922204424,188.49
2.929419744,188.71
2.936635064,189
2.943850383,189.28
2.951065703,189.61
2.958281022,190.06
2.965496342,190.57
2.972711661,191.24
2.979926981,191.97
2.987142301,192.65
2.99435762,193.44
3.00157294,194.17
3.008788259,194.84
3.016003579,195.51
3.023218898,196.13
3.030434218,196.7
3.037649537,197.14
3.044864857,197.65
3.052080177,198.1
3.059295496,198.55
3.066510816,199.06
3.073726135,199.56
3.080941455,200.07
3.088156774,200.63
3.095372094,201.19
3.102587414,201.87
3.109802733,202.43
3.117018053,203.05
3.124233372,203.61
3.131448692,204.17
3.138664011,204.73
3.145879331,205.18
3.153094651,205.69
3.16030997,206.14
3.16752529,206.7
3.174740609,207.26
3.181955929,207.88
3.189171248,208.44
3.196386568,209.12
3.203601888,209.79
3.210817207,210.46
3.218032527,211.08
3.225247846,211.64
3.232463166,212.21
3.239678485,212.66
3.246893805,213.05
3.254109124,213.39
3.261324444,213.72
3.268539764,214
3.275755083,214.4
3.282970403,214.79
3.290185722,215.24
3.297401042,215.69
3.304616361,216.25
3.311831681,216.87
3.319047001,217.49
3.32626232,218.16
3.33347764,218.78
3.340692959,219.4
3.347908279,220.07
3.355123598,220.69
3.362338918,221.25
3.369554238,221.82
3.376769557,222.32
3.383984877,222.83
3.391200196,223.28
3.398415516,223.73
3.405630835,224.12
3.412846155,224.57
3.420061475,225.02
3.427276794,225.47
3.434492114,225.98
3.441707433,226.48
3.448922753,226.93
3.456138072,227.44
3.463353392,227.94
3.470568711,228.5
3.477784031,228.95
3.484999351,229.46
3.49221467,229.91
3.49942999,230.3
3.506645309,230.81
3.513860629,231.26
3.521075948,231.76
3.528291268,232.21
3.535506588,232.78
3.542721907,233.34
3.549937227,233.9
3.557152546,234.52
3.564367866,235.19
3.571583185,235.75
3.578798505,236.37
3.586013825,236.99
3.593229144,237.55
3.600444464,238.11
3.607659783,238.62
3.614875103,239.13
3.622090422,239.69
3.629305742,240.19
3.636521062,240.7
3.643736381,241.21
3.650951701,241.71
3.65816702,242.16
3.66538234,242.61
3.672597659,243.06
3.679812979,243.45
3.687028298,243.85
3.694243618,244.35
3.701458938,244.75
3.708674257,245.2
3.715889577,245.59
3.723104896,246.09
3.730320216,246.54
3.737535535,246.99
3.744750855,247.39
3.751966175,247.78
3.759181494,248.23
3.766396814,248.62
3.773612133,248.96
3.780827453,249.3
3.788042772,249.64
3.795258092,249.92
3.802473412,250.2
3.809688731,250.48
3.816904051,250.7
3.82411937,250.93
3.83133469,251.21
3.838550009,251.43
3.845765329,251.71
3.852980649,251.94
3.860195968,252.22
3.867411288,252.56
3.874626607,252.95
3.881841927,253.34
3.889057246,253.85
3.896272566,254.24
3.903487885,254.69
3.910703205,255.14
3.917918525,255.48
3.925133844,255.76
3.932349164,255.93
3.939564483,256.04
3.946779803,256.21
3.953995122,256.27
3.961210442,256.38
3.968425762,256.49
3.975641081,256.72
3.982856401,256.94
3.99007172,257.22
3.99728704,257.62
4.004502359,257.95
4.011717679,258.35
4.018932999,258.68
4.026148318,259.13
4.033363638,259.53
4.040578957,259.86
4.047794277,260.26
4.055009596,260.54
4.062224916,260.76
4.069440236,260.93
4.076655555,261.1
4.083870875,261.27
4.091086194,261.38
4.098301514,261.55
4.105516833,261.77
4.112732153,262
4.119947472,262.22
4.127162792,262.51
4.134378112,262.79
4.141593431,263.01
4.148808751,263.24
4.15602407,263.52
4.16323939,263.69
4.170454709,263.85
4.177670029,264.02
4.184885349,264.08
4.192100668,264.19
4.199315988,264.36
4.206531307,264.42
4.213746627,264.53
4.220961946,264.7
4.228177266,264.92
4.235392586,265.03
4.242607905,265.26
4.249823225,265.43
4.257038544,265.54
4.264253864,265.65
4.271469183,265.82
4.278684503,265.82
4.285899823,265.93
4.293115142,265.99
4.300330462,266.1
4.307545781,266.27
4.314761101,266.44
4.32197642,266.61
4.32919174,266.78
4.336407059,267.06
4.343622379,267.17
4.350837699,267.34
4.358053018,267.51
4.365268338,267.56
4.372483657,267.73
4.379698977,267.84
4.386914296,267.96
4.394129616,268.13
4.401344936,268.29
4.408560255,268.41
4.415775575,268.57
4.422990894,268.74
4.430206214,268.86
4.437421533,269.08
4.444636853,269.19
4.451852173,269.36
4.459067492,269.59
4.466282812,269.87
4.473498131,270.2
4.480713451,270.49
4.48792877,270.82
4.49514409,271.1
4.502359409,271.38
4.509574729,271.67
4.516790049,271.83
4.524005368,272
4.531220688,272.17
4.538436007,272.28
4.545651327,272.4
4.552866646,272.62
4.560081966,272.73
4.567297286,272.96
4.574512605,273.24
4.581727925,273.58
4.588943244,273.91
4.596158564,274.19
4.603373883,274.59
4.610589203,274.93
4.617804523,275.26
4.625019842,275.54
4.632235162,275.82
4.639450481,276.11
4.646665801,276.39
4.65388112,276.67
4.66109644,277
4.66831176,277.34
4.675527079,277.62
4.682742399,277.85
4.689957718,278.07
4.697173038,278.19
4.704388357,278.3
4.711603677,278.35
4.718818996,278.3
4.726034316,278.35
4.733249636,278.35
4.740464955,278.47
4.747680275,278.63
4.754895594,278.86
4.762110914,279.14
4.769326233,279.53
4.776541553,279.87
4.783756873,280.21
4.790972192,280.6
4.798187512,280.94
4.805402831,281.28
4.812618151,281.61
4.81983347,281.95
4.82704879,282.23
4.83426411,282.46
4.841479429,282.74
4.848694749,282.91
4.855910068,283.13
4.863125388,283.3
4.870340707,283.47
4.877556027,283.64
4.884771347,283.81
4.891986666,283.92
4.899201986,284.14
4.906417305,284.31
4.913632625,284.54
4.920847944,284.82
4.928063264,284.99
4.935278583,285.15
4.942493903,285.38
4.949709223,285.55
4.956924542,285.72
4.964139862,285.94
4.971355181,286.05
4.978570501,286.28
4.98578582,286.5
4.99300114,286.67
5.00021646,286.95
5.007431779,287.35
5.014647099,287.63
5.021862418,287.96
5.029077738,288.36
5.036293057,288.81
5.043508377,289.2
5.050723697,289.65
5.057939016,290.04
5.065154336,290.49
5.072369655,290.94
5.079584975,291.39
5.086800294,291.84
5.094015614,292.24
5.101230934,292.63
5.108446253,292.91
5.115661573,293.19
5.122876892,293.53
5.130092212,293.75
5.137307531,293.98
5.144522851,294.26
5.15173817,294.48
5.15895349,294.71
5.16616881,294.99
5.173384129,295.21
5.180599449,295.44
5.187814768,295.72
5.195030088,296
5.202245407,296.17
5.209460727,296.45
5.216676047,296.73
5.223891366,297.07
5.231106686,297.46
5.238322005,297.8
5.245537325,298.19
5.252752644,298.53
5.259967964,298.92
5.267183284,299.26
5.274398603,299.54
5.281613923,299.82
5.288829242,300.05
5.296044562,300.27
5.303259881,300.5
5.310475201,300.78
5.317690521,301
5.32490584,301.28
5.33212116,301.68
5.339336479,302.01
5.346551799,302.52
5.353767118,302.91
5.360982438,303.36
5.368197757,303.76
5.375413077,304.09
5.382628397,304.32
5.389843716,304.6
5.397059036,304.82
5.404274355,304.99
5.411489675,305.1
5.418704994,305.27
5.425920314,305.55
5.433135634,305.78
5.440350953,306.12
5.447566273,306.51
5.454781592,306.9
5.461996912,307.41
5.469212231,307.91
5.476427551,308.48
5.483642871,308.98
5.49085819,309.6
5.49807351,310.05
5.505288829,310.56
5.512504149,311.01
5.519719468,311.4
5.526934788,311.85
5.534150108,312.3
5.541365427,312.69
5.548580747,313.09
5.555796066,313.53
5.563011386,313.93
5.570226705,314.27
5.577442025,314.55
5.584657344,314.88
5.591872664,315.11
5.599087984,315.33
5.606303303,315.56
5.613518623,315.78
5.620733942,316.06
5.627949262,316.4
5.635164581,316.74
5.642379901,317.13
5.649595221,317.53
5.65681054,317.92
5.66402586,318.2
5.671241179,318.48
5.678456499,318.76
5.685671818,318.99
5.692887138,319.27
5.700102458,319.49
5.707317777,319.83
5.714533097,320.22
5.721748416,320.62
5.728963736,321.12
5.736179055,321.63
5.743394375,322.13
5.750609695,322.64
5.757825014,323.15
5.765040334,323.65
5.772255653,324.1
5.779470973,324.49
5.786686292,324.89
5.793901612,325.28
5.801116931,325.67
5.808332251,326.01
5.815547571,326.35
5.82276289,326.63
5.82997821,326.91
5.837193529,327.19
5.844408849,327.53
5.851624168,327.81
5.858839488,328.2
5.866054808,328.65
5.873270127,329.1
5.880485447,329.61
5.887700766,330.17
5.894916086,330.68
5.902131405,331.18
5.909346725,331.63
5.916562045,332.02
5.923777364,332.31
5.930992684,332.64
5.938208003,332.87
5.945423323,333.09
5.952638642,333.32
5.959853962,333.6
5.967069281,333.82
5.974284601,334.05
5.981499921,334.33
5.98871524,334.55
5.99593056,334.89
6.003145879,335.17
6.010361199,335.51
6.017576518,335.9
6.024791838,336.3
6.032007158,336.8
6.039222477,337.25
6.046437797,337.7
6.053653116,338.21
6.060868436,338.71
6.068083755,339.22
6.075299075,339.72
6.082514395,340.12
6.089729714,340.62
6.096945034,341.02
6.104160353,341.35
6.111375673,341.75
6.118590992,342.08
6.125806312,342.42
6.133021632,342.82
6.140236951,343.21
6.147452271,343.6
6.15466759,344.05
6.16188291,344.44
6.169098229,344.89
6.176313549,345.34
6.183528868,345.79
6.190744188,346.19
6.197959508,346.58
6.205174827,346.97
6.212390147,347.42
6.219605466,347.82
6.226820786,348.27
6.234036105,348.77
6.241251425,349.22
6.248466745,349.78
6.255682064,350.35
6.262897384,350.85
6.270112703,351.41
6.277328023,351.86
6.284543342,352.37
6.291758662,352.71
6.298973982,353.04
6.306189301,353.44
6.313404621,353.72
6.32061994,354.11
6.32783526,354.5
6.335050579,354.95
6.342265899,355.4
6.349481219,355.97
6.356696538,356.42
6.363911858,356.98
6.371127177,357.54
6.378342497,357.99
6.385557816,358.49
6.392773136,358.89
6.399988455,359.34
6.407203775,359.73
6.414419095,360.07
6.421634414,360.52
6.428849734,360.91
6.436065053,361.42
6.443280373,361.87
6.450495692,362.43
6.457711012,362.99
6.464926332,363.5
6.472141651,364.17
6.479356971,364.73
6.48657229,365.35
6.49378761,366.03
6.501002929,366.64
6.508218249,367.26
6.515433569,367.82
6.522648888,368.44
6.529864208,369
6.537079527,369.57
6.544294847,370.07
6.551510166,370.52
6.558725486,371.03
6.565940806,371.48
6.573156125,371.98
6.580371445,372.54
6.587586764,373.22
6.594802084,373.95
6.602017403,374.74
6.609232723,375.58
6.616448042,376.37
6.623663362,377.21
6.630878682,377.88
6.638094001,378.61
6.645309321,379.18
6.65252464,379.68
6.65973996,380.19
6.666955279,380.64
6.674170599,381.14
6.681385919,381.71
6.688601238,382.27
6.695816558,383
6.703031877,383.67
6.710247197,384.46
6.717462516,385.19
6.724677836,386.03
6.731893156,386.82
6.739108475,387.55
6.746323795,388.34
6.753539114,389.01
6.760754434,389.57
6.767969753,390.14
6.775185073,390.59
6.782400393,391.03
6.789615712,391.43
6.796831032,391.82
6.804046351,392.33
6.811261671,392.78
6.81847699,393.34
6.82569231,393.96
6.832907629,394.63
6.840122949,395.36
6.847338269,396.15
6.854553588,396.94
6.861768908,397.78
6.868984227,398.57
6.876199547,399.41
6.883414866,400.08
6.890630186,400.76
6.897845506,401.43
6.905060825,402.05
6.912276145,402.72
6.919491464,403.29
6.926706784,403.9
6.933922103,404.52
6.941137423,405.2
6.948352743,405.82
6.955568062,406.43
6.962783382,407.05
6.969998701,407.61
6.977214021,408.12
6.98442934,408.63
6.99164466,409.02
6.99885998,409.47
7.006075299,409.97
7.013290619,410.54
7.020505938,411.1
7.027721258,411.77
7.034936577,412.45
7.042151897,413.12
7.049367216,413.91
7.056582536,414.58
7.063797856,415.31
7.071013175,415.93
7.078228495,416.55
7.085443814,417.17
7.092659134,417.79
7.099874453,418.4
7.107089773,419.02
7.114305093,419.7
7.121520412,420.31
7.128735732,420.93
7.135951051,421.61
7.143166371,422.17
7.15038169,422.79
7.15759701,423.35
7.16481233,423.8
7.172027649,424.31
7.179242969,424.87
7.186458288,425.26
7.193673608,425.77
7.200888927,426.22
7.208104247,426.67
7.215319567,427.12
7.222534886,427.56
7.229750206,428.13
7.236965525,428.58
7.244180845,429.14
7.251396164,429.64
7.258611484,430.15
7.265826803,430.66
7.273042123,431.16
7.280257443,431.67
7.287472762,432.23
7.294688082,432.68
7.301903401,433.18
7.309118721,433.69
7.31633404,434.14
7.32354936,434.59
7.33076468,435.04
7.337979999,435.43
7.345195319,435.77
7.352410638,436.28
7.359625958,436.73
7.366841277,437.23
7.374056597,437.68
7.381271917,438.19
7.388487236,438.75
7.395702556,439.25
7.402917875,439.7
7.410133195,440.15
7.417348514,440.55
7.424563834,440.94
7.431779153,441.28
7.438994473,441.61
7.446209793,442.01
7.453425112,442.35
7.460640432,442.74
7.467855751,443.19
7.475071071,443.64
7.48228639,444.03
7.48950171,444.54
7.49671703,444.99
7.503932349,445.38
7.511147669,445.83
7.518362988,446.28
7.525578308,446.67
7.532793627,447.07
7.540008947,447.46
7.547224267,447.85
7.554439586,448.19
7.561654906,448.47
7.568870225,448.81
7.576085545,449.03
7.583300864,449.31
7.590516184,449.6
7.597731504,449.82
7.604946823,450.16
7.612162143,450.49
7.619377462,450.83
7.626592782,451.11
7.633808101,451.45
7.641023421,451.84
7.64823874,452.12
7.65545406,452.41
7.66266938,452.74
7.669884699,453.02
7.677100019,453.42
7.684315338,453.75
7.691530658,454.2
7.698745977,454.6
7.705961297,454.99
7.713176617,455.38
7.720391936,455.72
7.727607256,456.11
7.734822575,456.4
7.742037895,456.68
7.749253214,456.96
7.756468534,457.24
7.763683854,457.52
7.770899173,457.86
7.778114493,458.25
7.785329812,458.53
7.792545132,458.98
7.799760451,459.37
7.806975771,459.77
7.814191091,460.22
7.82140641,460.55
7.82862173,461
7.835837049,461.4
7.843052369,461.85
7.850267688,462.24
7.857483008,462.58
7.864698327,462.86
7.871913647,463.2
7.879128967,463.48
7.886344286,463.76
7.893559606,464.04
7.900774925,464.38
7.907990245,464.66
7.915205564,465.05
7.922420884,465.39
7.929636204,465.78
7.936851523,466.17
7.944066843,466.51
7.951282162,466.9
7.958497482,467.24
7.965712801,467.52
7.972928121,467.75
7.980143441,468.03
7.98735876,468.31
7.99457408,468.65
8.001789399,468.98
8.009004719,469.43
8.016220038,469.83
8.023435358,470.28
8.030650678,470.78
8.037865997,471.23
8.045081317,471.68
8.052296636,472.08
8.059511956,472.47
8.066727275,472.81
8.073942595,473.14
8.081157914,473.48
8.088373234,473.82
8.095588554,474.15
8.102803873,474.44
8.110019193,474.83
8.117234512,475.11
8.124449832,475.5
8.131665151,475.84
8.138880471,476.35
8.146095791,476.8
8.15331111,477.36
8.16052643,477.92
8.167741749,478.54
8.174957069,479.21
8.182172388,479.83
8.189387708,480.34
8.196603028,480.9
8.203818347,481.29
8.211033667,481.63
8.218248986,481.91
8.225464306,482.13
8.232679625,482.36
8.239894945,482.64
8.247110265,482.87
8.254325584,483.32
8.261540904,483.76
8.268756223,484.33
8.275971543,485
8.283186862,485.68
8.290402182,486.41
8.297617501,487.08
8.304832821,487.7
8.312048141,488.32
8.31926346,488.88
8.32647878,489.38
8.333694099,489.95
8.340909419,490.51
8.348124738,491.07
8.355340058,491.69
8.362555378,492.36
8.369770697,492.98
8.376986017,493.66
8.384201336,494.39
8.391416656,495.12
8.398631975,495.79
8.405847295,496.52
8.413062615,497.25
8.420277934,497.98
8.427493254,498.71
8.434708573,499.5
8.441923893,500.34
8.449139212,501.19
8.456354532,502.03
8.463569852,502.99
8.470785171,503.83
8.478000491,504.73
8.48521581,505.63
8.49243113,506.41
8.499646449,507.31
8.506861769,508.21
8.514077088,509.05
8.521292408,510.01
8.528507728,511.02
8.535723047,512.09
8.542938367,513.21
8.550153686,514.34
8.557369006,515.41
8.564584325,516.53
8.571799645,517.6
8.579014965,518.66
8.586230284,519.68
8.593445604,520.74
8.600660923,521.87
8.607876243,522.99
8.615091562,524.17
8.622306882,525.41
8.629522202,526.7
8.636737521,527.99
8.643952841,529.34
8.65116816,530.69
8.65838348,532.04
8.665598799,533.5
8.672814119,534.96
8.680029439,536.54
8.687244758,538.05
8.694460078,539.68
8.701675397,541.37
8.708890717,543.11
8.716106036,544.8
8.723321356,546.54
8.730536675,548.28
8.737751995,549.97
8.744967315,551.65
8.752182634,553.34
8.759397954,555.08
8.766613273,556.82
8.773828593,558.62
8.781043912,560.42
8.788259232,562.22
8.795474552,564.13
8.802689871,566.15
8.809905191,568.29
8.81712051,570.43
8.82433583,572.73
8.831551149,575.09
8.838766469,577.62
8.845981789,580.09
8.853197108,582.68
8.860412428,585.26
8.867627747,587.9
8.874843067,590.6
8.882058386,593.35
8.889273706,596.16
8.896489025,599.09
8.903704345,602.07
8.910919665,605.1
8.918134984,608.25
8.925350304,611.34
8.932565623,614.54
8.939780943,617.8
8.946996262,621.06
8.954211582,624.32
8.961426902,627.64
8.968642221,631.01
8.975857541,634.49
8.98307286,638.03
8.99028818,641.74
8.997503499,645.4
9.004718819,649.27
9.011934139,653.15
9.019149458,657.2
9.026364778,661.3
9.033580097,665.46
9.040795417,669.79
9.048010736,674.23
9.055226056,678.78
9.062441376,683.5
9.069656695,688.22
9.076872015,693.11
9.084087334,698.06
9.091302654,703.06
9.098517973,708.12
9.105733293,713.23
9.112948612,718.4
9.120163932,723.68
9.127379252,729.13
9.134594571,734.64
9.141809891,740.32
9.14902521,746.11
9.15624053,752.06
9.163455849,758.02
9.170671169,764.03
9.177886489,770.22
9.185101808,776.45
9.192317128,782.75
9.199532447,789.16
9.206747767,795.62
9.213963086,802.25
9.221178406,808.94
9.228393726,815.79
9.235609045,822.65
9.242824365,829.73
9.250039684,836.87
9.257255004,844.18
9.264470323,851.65
9.271685643,859.24
9.278900963,866.99
9.286116282,874.92
9.293331602,882.95
9.300546921,891.16
9.307762241,899.48
9.31497756,907.96
9.32219288,916.5
9.329408199,925.22
9.336623519,934.15
9.343838839,943.2
9.351054158,952.42
9.358269478,961.86
9.365484797,971.41
9.372700117,981.19
9.379915436,991.08
9.387130756,1001.2
9.394346076,1011.43
9.401561395,1021.94
9.408776715,1032.61
9.415992034,1043.46
9.423207354,1054.53
9.430422673,1065.83
9.437637993,1077.29
9.444853313,1088.98
9.452068632,1100.9
9.459283952,1112.98
9.466499271,1125.34
9.473714591,1137.99
9.48092991,1150.8
9.48814523,1163.9
9.49536055,1177.27
9.502575869,1191.04
9.509791189,1205.09
9.517006508,1219.54
9.524221828,1234.37
9.531437147,1249.66
9.538652467,1265.23
9.545867786,1281.3
9.553083106,1297.77
9.560298426,1314.63
9.567513745,1331.88
9.574729065,1349.47
9.581944384,1367.45
9.589159704,1385.89
9.596375023,1404.66
9.603590343,1423.88
9.610805663,1443.6
9.618020982,1463.78
9.625236302,1484.46
9.632451621,1505.65
9.639666941,1527.4
9.64688226,1549.71
9.65409758,1572.53
9.6613129,1595.96
9.668528219,1619.96
9.675743539,1644.46
9.682958858,1669.58
9.690174178,1695.21
9.697389497,1721.4
9.704604817,1748.26
9.711820137,1775.75
9.719035456,1803.85
9.726250776,1832.62
9.733466095,1862.07
9.740681415,1892.19
9.747896734,1923.05
9.755112054,1954.63
9.762327373,1986.89
9.769542693,2019.94
9.776758013,2053.77
9.783973332,2088.33
9.791188652,2123.68
9.798403971,2159.82
9.805619291,2196.8
9.81283461,2234.51
9.82004993,2272.95
9.82726525,2312.29
9.834480569,2352.41
9.841695889,2393.33
9.848911208,2435.14
9.856126528,2477.74
9.863341847,2521.3
9.870557167,2565.69
9.877772487,2611.1
9.884987806,2657.47
9.892203126,2704.84
9.899418445,2753.35
9.906633765,2802.86
9.913849084,2853.44
9.921064404,2905.14
9.928279724,2957.86
9.935495043,3011.58
9.942710363,3066.32
9.949925682,3122.07
9.957141002,3178.89
9.964356321,3236.61
9.971571641,3295.45
9.97878696,3355.3
9.98600228,3416.17
9.9932176,3478.21
10.00043292,3541.16
10.00764824,3605.28
10.01486356,3670.47
10.02207888,3736.73
10.0292942,3804.12
10.03650952,3872.62
10.04372484,3942.26
10.05094016,4013.01
10.05815548,4084.72
10.0653708,4157.45
10.07258611,4231.18
10.07980143,4305.7
10.08701675,4381.07
10.09423207,4457.27
10.10144739,4534.27
10.10866271,4612.05
10.11587803,4690.73
10.12309335,4770.31
10.13030867,4850.73
10.13752399,4932.11
10.14473931,5014.5
10.15195463,5097.9
10.15916995,5182.14
10.16638527,5267.4
10.17360059,5353.55
10.18081591,5440.55
10.18803123,5528.39
10.19524655,5616.96
10.20246187,5706.26
10.20967719,5796.18
10.21689251,5886.78
10.22410783,5977.93
10.23132315,6069.54
10.23853846,6161.59
10.24575378,6254.1
10.2529691,6346.94
10.26018442,6440.07
10.26739974,6533.53
10.27461506,6627.32
10.28183038,6721.4
10.2890457,6815.82
10.29626102,6910.63
10.30347634,7005.66
10.31069166,7100.92
10.31790698,7196.41
10.3251223,7292.06
10.33233762,7387.71
10.33955294,7483.36
10.34676826,7578.9
10.35398358,7674.27
10.3611989,7769.42
10.36841422,7864.34
10.37562954,7959.04
10.38284486,8053.46
10.39006018,8147.59
10.3972755,8241.44
10.40449081,8335.02
10.41170613,8428.25
10.41892145,8521.1
10.42613677,8613.49
10.43335209,8705.38
10.44056741,8796.81
10.44778273,8887.46
10.45499805,8977.44
10.46221337,9066.57
10.46942869,9154.69
10.47664401,9241.92
10.48385933,9328.01
10.49107465,9412.99
10.49828997,9496.84
10.50550529,9579.4
10.51272061,9660.66
10.51993593,9740.69
10.52715125,9819.37
10.53436657,9896.82
10.54158189,9972.85
10.54879721,10047.6
10.55601253,10121.05
10.56322785,10193.05
10.57044316,10263.63
10.57765848,10332.76
10.5848738,10400.42
10.59208912,10466.4
10.59930444,10530.86
10.60651976,10593.58
10.61373508,10654.56
10.6209504,10713.79
10.62816572,10771.23
10.63538104,10826.76
10.64259636,10880.48
10.64981168,10932.24
10.657027,10982.15
10.66424232,11030.03
10.67145764,11075.89
10.67867296,11119.73
10.68588828,11161.54
10.6931036,11201.22
10.70031892,11238.7
10.70753424,11274.05
10.71474956,11307.15
10.72196488,11338.06
10.7291802,11366.78
10.73639551,11393.2
10.74361083,11417.47
10.75082615,11439.56
10.75804147,11459.46
10.76525679,11477.16
10.77247211,11492.73
10.77968743,11505.99
10.78690275,11517.23
10.79411807,11526.11
10.80133339,11532.8
10.80854871,11537.29
10.81576403,11539.48
10.82297935,11539.54
10.83019467,11537.29
10.83740999,11532.85
10.84462531,11526.22
10.85184063,11517.51
10.85905595,11506.61
10.86627127,11493.63
10.87348659,11478.56
10.88070191,11461.37
10.88791723,11442.09
10.89513255,11420.73
10.90234786,11397.24
10.90956318,11371.67
10.9167785,11344.08
10.92399382,11314.46
10.93120914,11282.82
10.93842446,11249.27
10.94563978,11213.75
10.9528551,11176.38
10.96007042,11137.09
10.96728574,11096.07
10.97450106,11053.24
10.98171638,11008.68
10.9889317,10962.42
10.99614702,10914.54
11.00336234,10865.03
11.01057766,10813.94
11.01779298,10761.23
11.0250083,10706.99
11.03222362,10651.24
11.03943894,10594.09
11.04665426,10535.53
11.05386958,10475.56
11.0610849,10414.47
11.06830022,10352.09
11.07551553,10288.59
11.08273085,10224.07
11.08994617,10158.48
11.09716149,10091.94
11.10437681,10024.39
11.11159213,9955.77
11.11880745,9886.31
11.12602277,9815.83
11.13323809,9744.51
11.14045341,9672.13
11.14766873,9598.84
11.15488405,9524.71
11.16209937,9449.69
11.16931469,9373.93
11.17653001,9297.33
11.18374533,9220
11.19096065,9142.05
11.19817597,9063.48
11.20539129,8984.41
11.21260661,8904.94
11.21982193,8825.08
11.22703725,8745
11.23425257,8664.63
11.24146788,8584.04
11.2486832,8503.34
11.25589852,8422.46
11.26311384,8341.59
11.27032916,8260.61
11.27754448,8179.57
11.2847598,8098.53
11.29197512,8017.43
11.29919044,7936.33
11.30640576,7855.29
11.31362108,7774.2
11.3208364,7693.27
11.32805172,7612.34
11.33526704,7531.53
11.34248236,7450.88
11.34969768,7370.4
11.356913,7290.2
11.36412832,7210.17
11.37134364,7130.48
11.37855896,7051.13
11.38577428,6972.05
11.3929896,6893.43
11.40020492,6815.2
11.40742023,6737.48
11.41463555,6660.2
11.42185087,6583.38
11.42906619,6507.06
11.43628151,6431.24
11.44349683,6355.82
11.45071215,6280.85
11.45792747,6206.27
11.46514279,6132.09
11.47235811,6058.36
11.47957343,5985.07
11.48678875,5912.29
11.49400407,5840.13
11.50121939,5768.48
11.50843471,5697.49
11.51565003,5627.19
11.52286535,5557.44
11.53008067,5488.43
11.53729599,5420.04
11.54451131,5352.31
11.55172663,5285.21
11.55894195,5218.78
11.56615727,5153.03
11.57337258,5088.01
11.5805879,5023.71
11.58780322,4960.21
11.59501854,4897.49
11.60223386,4835.56
11.60944918,4774.47
11.6166645,4714.11
11.62387982,4654.65
11.63109514,4595.86
11.63831046,4537.86
11.64552578,4480.48
11.6527411,4423.72
11.65995642,4367.63
11.66717174,4312
11.67438706,4256.98
11.68160238,4202.46
11.6888177,4148.57
11.69603302,4095.18
11.70324834,4042.52
11.71046366,3990.53
11.71767898,3939.17
11.7248943,3888.59
11.73210962,3838.74
11.73932493,3789.62
11.74654025,3741.29
11.75375557,3693.63
11.76097089,3646.76
11.76818621,3600.62
11.77540153,3555.04
11.78261685,3510.19
11.78983217,3465.96
11.79704749,3422.41
11.80426281,3379.47
11.81147813,3337.21
11.81869345,3295.45
11.82590877,3254.37
11.83312409,3213.74
11.84033941,3173.61
11.84755473,3133.93
11.85477005,3094.7
11.86198537,3055.87
11.86920069,3017.37
11.87641601,2979.33
11.88363133,2941.56
11.89084665,2904.13
11.89806197,2867.04
11.90527728,2830.28
11.9124926,2793.7
11.91970792,2757.45
11.92692324,2721.31
11.93413856,2685.29
11.94135388,2649.26
11.9485692,2613.18
11.95578452,2576.88
11.96299984,2540.4
11.97021516,2503.42
11.97743048,2465.99
11.9846458,2427.84
11.99186112,2388.94
11.99907644,2349.21
12.00629176,2308.35
12.01350708,2266.43
12.0207224,2223.27
12.02793772,2178.64
12.03515304,2132.45
12.04236836,2084.45
12.04958368,2034.44
12.056799,1982.23
12.06401432,1927.43
12.07122963,1869.88
12.07844495,1809.19
12.08566027,1745.17
12.09287559,1677.4
12.10009091,1605.57
12.10730623,1529.37
12.11452155,1448.21
12.12173687,1361.83
12.12895219,1269.61
12.13616751,1171.09
12.14338283,1065.66
12.15059815,952.75
12.15781347,831.87
12.16502879,702.33
12.17224411,563.74
12.17945943,415.37
12.18667475,256.89
12.19389007,87.78
12.20110539,-92.5
12.20832071,-284.09
12.21553603,-487.59
12.22275135,-703.23
12.22996667,-931.06
12.23718198,-1171.32
12.2443973,-1423.93
12.25161262,-1688.69
12.25882794,-1965.42
12.26604326,-2253.73
12.27325858,-2552.94
12.2804739,-2862.54
12.28768922,-3181.48
12.29490454,-3508.9
12.30211986,-3843.79
12.30933518,-4184.76
12.3165505,-4530.5
12.32376582,-4879.28
12.33098114,-5229.69
12.33819646,-5579.76
12.34541178,-5927.63
12.3526271,-6271.35
12.35984242,-6608.89
12.36705774,-6938.22
12.37427306,-7257.38
12.38148838,-7564.46
12.3887037,-7857.71
12.39591902,-8135.17
12.40313433,-8395.38
12.41034965,-8636.75
12.41756497,-8857.9
12.42478029,-9057.75
12.43199561,-9235.12
12.43921093,-9389.22
12.44642625,-9519.38
12.45364157,-9625.2
12.46085689,-9706.52
12.46807221,-9763.28
12.47528753,-9795.77
12.48250285,-9804.31
12.48971817,-9789.47
12.49693349,-9751.99
12.50414881,-9692.7
12.51136413,-9612.56
12.51857945,-9512.58
12.52579477,-9393.94
12.53301009,-9257.93
12.54022541,-9105.97
12.54744073,-8939.34
12.55465605,-8759.55
12.56187137,-8568.02
12.56908668,-8366.26
12.576302,-8155.8
12.58351732,-7937.8
12.59073264,-7713.84
12.59794796,-7484.88
12.60516328,-7252.27
12.6123786,-7017.13
12.61959392,-6780.47
12.62680924,-6543.3
12.63402456,-6306.59
12.64123988,-6071.17
12.6484552,-5837.77
12.65567052,-5607.24
12.66288584,-5380.13
12.67010116,-5157.02
12.67731648,-4938.29
12.6845318,-4724.39
12.69174712,-4515.44
12.69896244,-4311.83
12.70617776,-4113.61
12.71339308,-3920.96
12.7206084,-3733.87
12.72782372,-3552.51
12.73503903,-3376.77
12.74225435,-3206.71
12.74946967,-3042.33
12.75668499,-2883.5
12.76390031,-2730.08
12.77111563,-2581.99
12.77833095,-2439.19
12.78554627,-2301.39
12.79276159,-2168.58
12.79997691,-2040.62
12.80719223,-1917.31
12.81440755,-1798.68
12.82162287,-1684.48
12.82883819,-1574.66
12.83605351,-1469.23
12.84326883,-1368.02
12.85048415,-1270.85
12.85769947,-1177.67
12.86491479,-1088.31
12.87213011,-1002.83
12.87934543,-920.89
12.88656075,-842.55
12.89377607,-767.69
12.90099138,-696.14
12.9082067,-627.92
12.91542202,-562.84
12.92263734,-500.91
12.92985266,-442.01
12.93706798,-386.09
12.9442833,-333.09
12.95149862,-282.96
12.95871394,-235.59
12.96592926,-191.08
12.97314458,-149.21
12.9803599,-110.03
12.98757522,-73.5
12.99479054,-39.56
13.00200586,-8.14
13.00922118,20.73
13.0164365,47.03
13.02365182,70.86
13.03086714,92.16
13.03808246,110.99
13.04529778,127.18
13.0525131,140.78
13.05972842,151.74
13.06694373,160
13.07415905,165.5
13.08137437,168.2
13.08858969,167.98
13.09580501,164.77
13.10302033,158.65
13.11023565,149.37
13.11745097,136.95
13.12466629,121.33
13.13188161,102.45
13.13909693,80.25
13.14631225,54.68
13.15352757,25.79
13.16074289,-6.51
13.16795821,-42.15
13.17517353,-81.2
13.18238885,-123.47
13.18960417,-168.93
13.19681949,-217.49
13.20403481,-268.86
13.21125013,-322.92
13.21846545,-379.51
13.22568077,-438.19
13.23289608,-498.71
13.2401114,-560.81
13.24732672,-623.98
13.25454204,-687.94
13.26175736,-752.18
13.26897268,-816.3
13.276188,-879.92
13.28340332,-942.41
13.29061864,-1003.39
13.29783396,-1062.34
13.30504928,-1118.82
13.3122646,-1172.33
13.31947992,-1222.4
13.32669524,-1268.77
13.33391056,-1310.86
13.34112588,-1348.51
13.3483412,-1381.39
13.35555652,-1409.38
13.36277184,-1432.25
13.36998716,-1449.84
13.37720248,-1462.15
13.3844178,-1469.23
13.39163312,-1471.03
13.39884843,-1467.66
13.40606375,-1459.23
13.41327907,-1445.8
13.42049439,-1427.7
13.42770971,-1405.05
13.43492503,-1378.08
13.44214035,-1347.22
13.44935567,-1312.6
13.45657099,-1274.67
13.46378631,-1233.7
13.47100163,-1190.09
13.47821695,-1144.11
13.48543227,-1096.12
13.49264759,-1046.5
13.49986291,-995.52
13.50707823,-943.48
13.51429355,-890.77
13.52150887,-837.54
13.52872419,-784.1
13.53593951,-730.71
13.54315483,-677.49
13.55037015,-624.66
13.55758547,-572.34
13.56480079,-520.63
13.5720161,-469.77
13.57923142,-419.81
13.58644674,-370.75
13.59366206,-322.75
13.60087738,-275.99
13.6080927,-230.42
13.61530802,-186.24
13.62252334,-143.36
13.62973866,-101.94
13.63695398,-61.87
13.6441693,-23.15
13.65138462,14.21
13.65859994,50.41
13.66581526,85.36
13.67303058,119.14
13.6802459,151.85
13.68746122,183.49
13.69467654,214.12
13.70189186,243.62
13.70910718,272.12
13.7163225,299.54
13.72353782,325.84
13.73075314,351.08
13.73796845,375.35
13.74518377,398.45
13.75239909,420.65
13.75961441,441.9
13.76682973,462.18
13.77404505,481.69
13.78126037,500.29
13.78847569,518.1
13.79569101,535.19
13.80290633,551.54
13.81012165,567.22
13.81733697,582.17
13.82455229,596.5
13.83176761,610.21
13.83898293,623.25
13.84619825,635.79
13.85341357,647.59
13.86062889,658.88
13.86784421,669.56
13.87505953,679.68
13.88227485,689.29
13.88949017,698.39
13.89670549,707.05
13.9039208,715.2
13.91113612,722.95
13.91835144,730.26
13.92556676,737.11
13.93278208,743.58
13.9399974,749.59
13.94721272,755.21
13.95442804,760.38
13.96164336,765.1
13.96885868,769.43
13.976074,773.36
13.98328932,776.85
13.99050464,779.99
13.99771996,782.8
14.00493528,785.33
14.0121506,787.53
14.01936592,789.44
14.02658124,791.07
14.03379656,792.36
14.04101188,793.37
14.0482272,794.16
14.05544252,794.49
14.06265784,794.49
14.06987315,793.99
14.07708847,793.15
14.08430379,791.85
14.09151911,790.05
14.09873443,787.81
14.10594975,785.05
14.11316507,781.85
14.12038039,778.03
14.12759571,773.64
14.13481103,768.64
14.14202635,763.02
14.14924167,756.56
14.15645699,749.37
14.16367231,741.33
14.17088763,732.39
14.17810295,722.61
14.18531827,711.77
14.19253359,699.97
14.19974891,687.1
14.20696423,673.1
14.21417955,657.93
14.22139487,641.52
14.22861019,623.76
14.2358255,604.59
14.24304082,583.91
14.25025614,561.71
14.25747146,537.89
14.26468678,512.26
14.2719021,484.94
14.27911742,455.66
14.28633274,424.47
14.29354806,391.15
14.30076338,355.63
14.3079787,317.86
14.31519402,277.68
14.32240934,235.08
14.32962466,189.95
14.33683998,142.29
14.3440553,91.99
14.35127062,39.11
14.35848594,-16.41
14.36570126,-74.57
14.37291658,-135.44
14.3801319,-199
14.38734722,-265.09
14.39456254,-333.82
14.40177785,-404.92
14.40899317,-478.37
14.41620849,-554.01
14.42342381,-631.51
14.43063913,-710.87
14.43785445,-791.74
14.44506977,-873.96
14.45228509,-957.25
14.45950041,-1041.38
14.46671573,-1125.96
14.47393105,-1210.71
14.48114637,-1295.41
14.48836169,-1379.54
14.49557701,-1462.77
14.50279233,-1544.71
14.51000765,-1624.96
14.51722297,-1703.14
14.52443829,-1778.84
14.53165361,-1851.67
14.53886893,-1921.36
14.54608425,-1987.4
14.55329957,-2049.61
14.56051489,-2107.55
14.5677302,-2161
14.57494552,-2209.61
14.58216084,-2253.22
14.58937616,-2291.66
14.59659148,-2324.65
14.6038068,-2352.19
14.61102212,-2374.16
14.61823744,-2390.41
14.62545276,-2400.97
14.63266808,-2405.8
14.6398834,-2405.02
14.64709872,-2398.61
14.65431404,-2386.75
14.66152936,-2369.5
14.66874468,-2347.13
14.67596,-2319.71
14.68317532,-2287.62
14.69039064,-2250.97
14.69760596,-2210.12
14.70482128,-2165.32
14.7120366,-2116.82
14.71925192,-2065.06
14.72646724,-2010.27
14.73368255,-1952.83
14.74089787,-1893.09
14.74811319,-1831.44
14.75532851,-1768.22
14.76254383,-1703.81
14.76975915,-1638.45
14.77697447,-1572.53
14.78418979,-1506.38
14.79140511,-1440.29
14.79862043,-1374.53
14.80583575,-1309.34
14.81305107,-1244.88
14.82026639,-1181.54
14.82748171,-1119.5
14.83469703,-1058.92
14.84191235,-999.96
14.84912767,-942.86
14.85634299,-887.79
14.86355831,-834.85
14.87077363,-784.15
14.87798895,-735.88
14.88520427,-690.19
14.89241959,-646.91
14.8996349,-606.28
14.90685022,-568.23
14.91406554,-532.77
14.92128086,-499.95
14.92849618,-469.66
14.9357115,-442.06
14.94292682,-416.89
14.95014214,-394.24
14.95735746,-374.01
14.96457278,-356.25
14.9717881,-340.74
14.97900342,-327.47
14.98621874,-316.34
14.99343406,-307.18
15.00064938,-299.82
15.0078647,-294.15
15.01508002,-290.04
15.02229534,-287.29
15.02951066,-285.77
15.03672598,-285.21
15.0439413,-285.6
15.05115662,-286.67
15.05837194,-288.24
15.06558725,-290.21
15.07280257,-292.46
15.08001789,-294.82
15.08723321,-297.18
15.09444853,-299.37
15.10166385,-301.4
15.10887917,-303.03
15.11609449,-304.21
15.12330981,-304.82
15.13052513,-304.71
15.13774045,-303.81
15.14495577,-302.07
15.15217109,-299.32
15.15938641,-295.55
15.16660173,-290.66
15.17381705,-284.7
15.18103237,-277.57
15.18824769,-269.31
15.19546301,-259.98
15.20267833,-249.47
15.20989365,-237.95
15.21710897,-225.19
15.22432429,-211.53
15.2315396,-196.75
15.23875492,-180.96
15.24597024,-164.16
15.25318556,-146.51
15.26040088,-128.02
15.2676162,-108.74
15.27483152,-88.85
15.28204684,-68.28
15.28926216,-47.26
15.29647748,-25.68
15.3036928,-3.7
15.31090812,18.71
15.31812344,41.41
15.32533876,64.4
15.33255408,87.61
15.3397694,110.82
15.34698472,134.09
15.35420004,157.41
15.36141536,180.57
15.36863068,203.55
15.375846,226.37
15.38306132,248.9
15.39027664,271.22
15.39749195,293.25
15.40470727,315
15.41192259,336.46
15.41913791,357.48
15.42635323,378.16
15.43356855,398.4
15.44078387,418.07
15.44799919,437.29
15.45521451,455.95
15.46242983,474.1
15.46964515,491.58
15.47686047,508.66
15.48407579,525.13
15.49129111,541.14
15.49850643,556.66
15.50572175,571.72
15.51293707,586.27
15.52015239,600.27
15.52736771,613.81
15.53458303,626.74
15.54179835,639.16
15.54901367,651.02
15.55622899,662.26
15.5634443,672.93
15.57065962,683.11
15.57787494,692.77
15.58509026,702.05
15.59230558,710.87
15.5995209,719.36
15.60673622,727.5
15.61395154,735.43
15.62116686,743.02
15.62838218,750.27
15.6355975,757.35
15.64281282,764.09
15.65002814,770.55
15.65724346,776.68
15.66445878,782.47
15.6716741,787.92
15.67888942,793.03
15.68610474,797.87
15.69332006,802.36
15.70053538,806.63
15.7077507,810.62
15.71496602,814.39
15.72218134,818.04
15.72939665,821.47
15.73661197,824.84
15.74382729,827.99
15.75104261,831.08
15.75825793,834
15.76547325,836.87
15.77268857,839.51
15.77990389,841.98
15.78711921,844.29
15.79433453,846.54
15.80154985,848.62
15.80876517,850.53
15.81598049,852.44
15.82319581,854.18
15.83041113,855.92
15.83762645,857.55
15.84484177,859.12
15.85205709,860.7
15.85927241,862.1
15.86648773,863.62
15.87370305,865.03
15.88091837,866.32
15.88813369,867.61
15.89534901,868.85
15.90256432,870.03
15.90977964,871.15
15.91699496,872.16
15.92421028,873.17
15.9314256,874.02
15.93864092,874.97
15.94585624,875.76
15.95307156,876.55
15.96028688,877.28
15.9675022,878.06
15.97471752,878.85
15.98193284,879.64
15.98914816,880.37
15.99636348,881.04
16.0035788,881.72
16.01079412,882.39
16.01800944,883.01
16.02522476,883.63
16.03244008,884.13
16.0396554,884.75
16.04687072,885.37
16.05408604,885.99
16.06130136,886.61
16.06851667,887.28
16.07573199,887.9
16.08294731,888.52
16.09016263,889.08
16.09737795,889.64
16.10459327,890.15
16.11180859,890.65
16.11902391,891.1
16.12623923,891.55
16.13345455,892
16.14066987,892.39
16.14788519,892.84
16.15510051,893.24
16.16231583,893.63
16.16953115,894.08
16.17674647,894.53
16.18396179,894.92
16.19117711,895.43
16.19839243,895.82
16.20560775,896.33
16.21282307,896.72
16.22003839,897.17
16.22725371,897.57
16.23446902,897.9
16.24168434,898.35
16.24889966,898.75
16.25611498,899.08
16.2633303,899.53
16.27054562,899.93
16.27776094,900.38
16.28497626,900.77
16.29219158,901.22
16.2994069,901.61
16.30662222,901.95
16.31383754,902.34
16.32105286,902.74
16.32826818,903.07
16.3354835,903.47
16.34269882,903.86
16.34991414,904.31
16.35712946,904.76
16.36434478,905.21
16.3715601,905.66
16.37877542,906.22
16.38599074,906.73
16.39320606,907.18
16.40042137,907.68
16.40763669,908.13
16.41485201,908.47
16.42206733,908.86
16.42928265,909.09
16.43649797,909.42
16.44371329,909.7
16.45092861,909.99
16.45814393,910.38
16.46535925,910.83
16.47257457,911.39
16.47978989,912.01
16.48700521,912.74
16.49422053,913.41
16.50143585,914.03
16.50865117,914.76
16.51586649,915.32
16.52308181,915.94
16.53029713,916.5
16.53751245,917.07
16.54472777,917.52
16.55194309,918.08
16.55915841,918.58
16.56637372,919.03
16.57358904,919.48
16.58080436,919.93
16.58801968,920.33
16.595235,920.66
16.60245032,921.06
16.60966564,921.34
16.61688096,921.73
16.62409628,922.07
16.6313116,922.46
16.63852692,922.8
16.64574224,923.19
16.65295756,923.59
16.66017288,923.87
16.6673882,924.2
16.67460352,924.54
16.68181884,924.82
16.68903416,925.22
16.69624948,925.61
16.7034648,926.06
16.71068012,926.62
16.71789544,927.13
16.72511076,927.74
16.73232607,928.42
16.73954139,929.04
16.74675671,929.6
16.75397203,930.11
16.76118735,930.67
16.76840267,931.12
16.77561799,931.45
16.78283331,931.85
16.79004863,932.18
16.79726395,932.52
16.80447927,932.92
16.81169459,933.31
16.81890991,933.76
16.82612523,934.21
16.83334055,934.77
16.84055587,935.28
16.84777119,935.78
16.85498651,936.23
16.86220183,936.68
16.86941715,937.13
16.87663247,937.47
16.88384779,937.8
16.89106311,938.2
16.89827842,938.54
16.90549374,938.93
16.91270906,939.32
16.91992438,939.66
16.9271397,940.11
16.93435502,940.5
16.94157034,940.84
16.94878566,941.23
16.95600098,941.57
16.9632163,941.91
16.97043162,942.3
16.97764694,942.64
16.98486226,942.92
16.99207758,943.2
16.9992929,943.54
17.00650822,943.82
17.01372354,944.16
17.02093886,944.44
17.02815418,944.72
17.0353695,945.05
17.04258482,945.28
17.04980014,945.56
17.05701546,945.78
17.06423077,946.01
17.07144609,946.23
17.07866141,946.46
17.08587673,946.68
17.09309205,947.02
17.10030737,947.41
17.10752269,947.81
17.11473801,948.31
17.12195333,948.88
17.12916865,949.44
17.13638397,949.94
17.14359929,950.45
17.15081461,950.9
17.15802993,951.29
17.16524525,951.63
17.17246057,951.91
17.17967589,952.19
17.18689121,952.47
17.19410653,952.7
17.20132185,952.92
17.20853717,953.09
17.21575249,953.32
17.22296781,953.54
17.23018312,953.71
17.23739844,953.93
17.24461376,954.1
17.25182908,954.27
17.2590444,954.55
17.26625972,954.89
17.27347504,955.17
17.28069036,955.51
17.28790568,955.84
17.295121,956.29
17.30233632,956.69
17.30955164,957.14
17.31676696,957.53
17.32398228,957.98
17.3311976,958.43
17.33841292,958.82
17.34562824,959.27
17.35284356,959.67
17.36005888,960
17.3672742,960.34
17.37448952,960.62
17.38170484,960.96
17.38892016,961.3
17.39613547,961.63
17.40335079,961.97
17.41056611,962.36
17.41778143,962.7
17.42499675,963.04
17.43221207,963.38
17.43942739,963.6
17.44664271,963.94
17.45385803,964.11
17.46107335,964.27
17.46828867,964.44
17.47550399,964.56
17.48271931,964.61
17.48993463,964.72
17.49714995,964.89
17.50436527,965.06
17.51158059,965.29
17.51879591,965.51
17.52601123,965.79
17.53322655,966.07
17.54044187,966.3
17.54765719,966.52
17.55487251,966.58
17.56208782,966.64
17.56930314,966.64
17.57651846,966.58
17.58373378,966.58
17.5909491,966.52
17.59816442,966.58
17.60537974,966.75
17.61259506,966.92
17.61981038,967.14
17.6270257,967.48
17.63424102,967.82
17.64145634,968.15
17.64867166,968.43
17.65588698,968.83
17.6631023,969.16
17.67031762,969.5
17.67753294,969.78
17.68474826,970.12
17.69196358,970.34
17.6991789,970.51
17.70639422,970.63
17.71360954,970.68
17.72082486,970.68
17.72804017,970.74
17.73525549,970.74
17.74247081,970.79
17.74968613,970.91
17.75690145,971.07
17.76411677,971.24
17.77133209,971.41
17.77854741,971.69
17.78576273,971.86
17.79297805,972.14
17.80019337,972.42
17.80740869,972.65
17.81462401,972.93
17.82183933,973.21
17.82905465,973.44
17.83626997,973.66
17.84348529,973.88
17.85070061,974.05
17.85791593,974.22
17.86513125,974.45
17.87234657,974.62
17.87956189,974.78
17.88677721,974.95
17.89399252,975.12
17.90120784,975.35
17.90842316,975.46
17.91563848,975.74
17.9228538,975.91
17.93006912,976.08
17.93728444,976.25
17.94449976,976.47
17.95171508,976.64
17.9589304,976.81
17.96614572,976.92
17.97336104,977.03
17.98057636,977.14
17.98779168,977.2
17.995007,977.31
18.00222232,977.43
18.00943764,977.54
18.01665296,977.71
