0,-12.64
0.00721532,-12.02
0.014430639,-11.4
0.021645959,-10.73
0.028861278,-10.11
0.036076598,-9.38
0.043291917,-8.71
0.050507237,-8.09
0.057722557,-7.53
0.064937876,-7.08
0.072153196,-6.85
0.079368515,-6.8
0.086583835,-6.96
0.093799154,-7.36
0.101014474,-7.98
0.108229793,-8.65
0.115445113,-9.38
0.122660433,-9.94
0.129875752,-10.34
0.137091072,-10.5
0.144306391,-10.34
0.151521711,-9.83
0.15873703,-9.1
0.16595235,-8.09
0.17316767,-7.02
0.180382989,-5.78
0.187598309,-4.6
0.194813628,-3.42
0.202028948,-2.24
0.209244267,-1.18
0.216459587,-0.05
0.223674907,1.01
0.230890226,2.02
0.238105546,3.14
0.245320865,4.21
0.252536185,5.28
0.259751504,6.35
0.266966824,7.41
0.274182144,8.54
0.281397463,9.55
0.288612783,10.56
0.295828102,11.57
0.303043422,12.53
0.310258741,13.31
0.317474061,14.16
0.32468938,14.83
0.3319047,15.56
0.33912002,16.24
0.346335339,16.97
0.353550659,17.64
0.360765978,18.37
0.367981298,19.1
0.375196617,19.89
0.382411937,20.62
0.389627257,21.35
0.396842576,22.03
0.404057896,22.7
0.411273215,23.26
0.418488535,23.88
0.425703854,24.33
0.432919174,24.78
0.440134494,25.17
0.447349813,25.57
0.454565133,25.9
0.461780452,26.24
0.468995772,26.58
0.476211091,26.91
0.483426411,27.31
0.490641731,27.76
0.49785705,28.1
0.50507237,28.43
0.512287689,28.77
0.519503009,29.11
0.526718328,29.39
0.533933648,29.61
0.541148967,29.84
0.548364287,30.06
0.555579607,30.34
0.562794926,30.68
0.570010246,31.13
0.577225565,31.58
0.584440885,32.14
0.591656204,32.82
0.598871524,33.49
0.606086844,34.16
0.613302163,34.95
0.620517483,35.68
0.627732802,36.3
0.634948122,37.03
0.642163441,37.65
0.649378761,38.27
0.656594081,38.89
0.6638094,39.56
0.67102472,40.23
0.678240039,40.96
0.685455359,41.7
0.692670678,42.48
0.699885998,43.27
0.707101318,44
0.714316637,44.73
0.721531957,45.35
0.728747276,45.91
0.735962596,46.42
0.743177915,46.87
0.750393235,47.26
0.757608554,47.71
0.764823874,48.1
0.772039194,48.5
0.779254513,48.89
0.786469833,49.34
0.793685152,49.73
0.800900472,50.13
0.808115791,50.52
0.815331111,50.91
0.822546431,51.31
0.82976175,51.64
0.83697707,52.09
0.844192389,52.43
0.851407709,52.88
0.858623028,53.33
0.865838348,53.78
0.873053668,54.28
0.880268987,54.73
0.887484307,55.18
0.894699626,55.63
0.901914946,56.03
0.909130265,56.42
0.916345585,56.76
0.923560905,57.09
0.930776224,57.38
0.937991544,57.66
0.945206863,57.94
0.952422183,58.16
0.959637502,58.5
0.966852822,58.72
0.974068141,59.12
0.981283461,59.51
0.988498781,59.96
0.9957141,60.47
1.00292942,60.97
1.010144739,61.48
1.017360059,62.04
1.024575378,62.43
1.031790698,62.83
1.039006018,63.16
1.046221337,63.44
1.053436657,63.67
1.060651976,63.84
1.067867296,64.01
1.075082615,64.18
1.082297935,64.4
1.089513255,64.63
1.096728574,64.91
1.103943894,65.19
1.111159213,65.47
1.118374533,65.64
1.125589852,65.86
1.132805172,65.97
1.140020492,66.03
1.147235811,66.2
1.154451131,66.37
1.16166645,66.59
1.16888177,66.93
1.176097089,67.32
1.183312409,67.83
1.190527728,68.33
1.197743048,68.84
1.204958368,69.35
1.212173687,69.8
1.219389007,70.13
1.226604326,70.41
1.233819646,70.64
1.241034965,70.86
1.248250285,71.03
1.255465605,71.26
1.262680924,71.43
1.269896244,71.65
1.277111563,71.93
1.284326883,72.21
1.291542202,72.49
1.298757522,72.77
1.305972842,73
1.313188161,73.28
1.320403481,73.5
1.3276188,73.73
1.33483412,73.95
1.342049439,74.18
1.349264759,74.4
1.356480079,74.74
1.363695398,75.08
1.370910718,75.47
1.378126037,75.92
1.385341357,76.37
1.392556676,76.82
1.399771996,77.27
1.406987315,77.61
1.414202635,77.89
1.421417955,78.23
1.428633274,78.45
1.435848594,78.56
1.443063913,78.73
1.450279233,78.84
1.457494552,78.9
1.464709872,79.07
1.471925192,79.24
1.479140511,79.41
1.486355831,79.63
1.49357115,79.86
1.50078647,80.14
1.508001789,80.36
1.515217109,80.64
1.522432429,80.87
1.529647748,81.04
1.536863068,81.2
1.544078387,81.37
1.551293707,81.6
1.558509026,81.77
1.565724346,82.05
1.572939665,82.33
1.580154985,82.67
1.587370305,83.06
1.594585624,83.45
1.601800944,83.85
1.609016263,84.18
1.616231583,84.52
1.623446902,84.8
1.630662222,85.03
1.637877542,85.19
1.645092861,85.36
1.652308181,85.48
1.6595235,85.59
1.66673882,85.76
1.673954139,85.92
1.681169459,86.09
1.688384779,86.26
1.695600098,86.43
1.702815418,86.6
1.710030737,86.66
1.717246057,86.77
1.724461376,86.88
1.731676696,86.88
1.738892016,86.99
1.746107335,87.05
1.753322655,87.22
1.760537974,87.44
1.767753294,87.67
1.774968613,88
1.782183933,88.34
1.789399252,88.68
1.796614572,89.13
1.803829892,89.47
1.811045211,89.86
1.818260531,90.2
1.82547585,90.42
1.83269117,90.65
1.839906489,90.81
1.847121809,90.98
1.854337129,91.1
1.861552448,91.26
1.868767768,91.43
1.875983087,91.66
1.883198407,91.83
1.890413726,92.05
1.897629046,92.28
1.904844366,92.5
1.912059685,92.73
1.919275005,92.89
1.926490324,93.06
1.933705644,93.12
1.940920963,93.29
1.948136283,93.4
1.955351603,93.57
1.962566922,93.74
1.969782242,93.91
1.976997561,94.02
1.984212881,94.24
1.9914282,94.47
1.99864352,94.58
2.005858839,94.75
2.013074159,94.8
2.020289479,94.92
2.027504798,94.92
2.034720118,94.92
2.041935437,94.92
2.049150757,94.86
2.056366076,94.8
2.063581396,94.8
2.070796716,94.92
2.078012035,95.03
2.085227355,95.25
2.092442674,95.54
2.099657994,95.87
2.106873313,96.21
2.114088633,96.49
2.121303953,96.83
2.128519272,97.11
2.135734592,97.33
2.142949911,97.39
2.150165231,97.45
2.15738055,97.5
2.16459587,97.5
2.17181119,97.5
2.179026509,97.45
2.186241829,97.56
2.193457148,97.61
2.200672468,97.73
2.207887787,97.84
2.215103107,97.9
2.222318426,97.95
2.229533746,98.01
2.236749066,97.95
2.243964385,97.9
2.251179705,97.73
2.258395024,97.67
2.265610344,97.61
2.272825663,97.61
2.280040983,97.67
2.287256303,97.78
2.294471622,98.01
2.301686942,98.18
2.308902261,98.51
2.316117581,98.74
2.3233329,99.08
2.33054822,99.41
2.33776354,99.69
2.344978859,99.92
2.352194179,100.14
2.359409498,100.31
2.366624818,100.42
2.373840137,100.54
2.381055457,100.59
2.388270777,100.65
2.395486096,100.65
2.402701416,100.76
2.409916735,100.87
2.417132055,100.93
2.424347374,101.04
2.431562694,101.1
2.438778013,101.21
2.445993333,101.32
2.453208653,101.32
2.460423972,101.32
2.467639292,101.32
2.474854611,101.32
2.482069931,101.32
2.48928525,101.32
2.49650057,101.38
2.50371589,101.44
2.510931209,101.49
2.518146529,101.6
2.525361848,101.72
2.532577168,101.94
2.539792487,102.05
2.547007807,102.28
2.554223127,102.5
2.561438446,102.67
2.568653766,102.9
2.575869085,103.12
2.583084405,103.35
2.590299724,103.57
2.597515044,103.85
2.604730364,104.08
2.611945683,104.36
2.619161003,104.58
2.626376322,104.75
2.633591642,104.92
2.640806961,104.98
2.648022281,105.03
2.6552376,104.98
2.66245292,105.03
2.66966824,105.03
2.676883559,105.09
2.684098879,105.2
2.691314198,105.37
2.698529518,105.54
2.705744837,105.82
2.712960157,106.04
2.720175477,106.33
2.727390796,106.55
2.734606116,106.72
2.741821435,106.83
2.749036755,106.89
2.756252074,107
2.763467394,107.06
2.770682714,107.17
2.777898033,107.22
2.785113353,107.34
2.792328672,107.45
2.799543992,107.51
2.806759311,107.62
2.813974631,107.73
2.821189951,107.9
2.82840527,108.01
2.83562059,108.29
2.842835909,108.52
2.850051229,108.8
2.857266548,109.08
2.864481868,109.36
2.871697187,109.53
2.878912507,109.75
2.886127827,109.81
2.893343146,109.92
2.900558466,109.92
2.907773785,109.98
2.914989105,109.92
2.922204424,109.98
2.929419744,110.03
2.936635064,110.09
2.943850383,110.2
2.951065703,110.26
2.958281022,110.37
2.965496342,110.43
2.972711661,110.54
2.979926981,110.65
2.987142301,110.71
2.99435762,110.93
3.00157294,111.1
3.008788259,111.27
3.016003579,111.5
3.023218898,111.72
3.030434218,111.89
3.037649537,112.06
3.044864857,112.11
3.052080177,112.23
3.059295496,112.28
3.066510816,112.34
3.073726135,112.45
3.080941455,112.56
3.088156774,112.68
3.095372094,112.9
3.102587414,113.01
3.109802733,113.13
3.117018053,113.18
3.124233372,113.18
3.131448692,113.24
3.138664011,113.18
3.145879331,113.18
3.153094651,113.18
3.16030997,113.29
3.16752529,113.46
3.174740609,113.69
3.181955929,114.02
3.189171248,114.36
3.196386568,114.7
3.203601888,115.04
3.210817207,115.37
3.218032527,115.6
3.225247846,115.88
3.232463166,116.1
3.239678485,116.27
3.246893805,116.44
3.254109124,116.61
3.261324444,116.78
3.268539764,116.89
3.275755083,117
3.282970403,117.06
3.290185722,117.17
3.297401042,117.17
3.304616361,117.17
3.311831681,117.17
3.319047001,117.12
3.32626232,117.12
3.33347764,117.23
3.340692959,117.28
3.347908279,117.34
3.355123598,117.4
3.362338918,117.51
3.369554238,117.57
3.376769557,117.57
3.383984877,117.57
3.391200196,117.51
3.398415516,117.45
3.405630835,117.4
3.412846155,117.4
3.420061475,117.34
3.427276794,117.28
3.434492114,117.17
3.441707433,117.17
3.448922753,117.06
3.456138072,116.95
3.463353392,116.83
3.470568711,116.83
3.477784031,116.72
3.484999351,116.67
3.49221467,116.67
3.49942999,116.61
3.506645309,116.61
3.513860629,116.61
3.521075948,116.61
3.528291268,116.67
3.535506588,116.61
3.542721907,116.61
3.549937227,116.61
3.557152546,116.55
3.564367866,116.5
3.571583185,116.5
3.578798505,116.5
3.586013825,116.5
3.593229144,116.5
3.600444464,116.5
3.607659783,116.55
3.614875103,116.55
3.622090422,116.61
3.629305742,116.67
3.636521062,116.72
3.643736381,116.72
3.650951701,116.72
3.65816702,116.67
3.66538234,116.61
3.672597659,116.61
3.679812979,116.67
3.687028298,116.72
3.694243618,116.83
3.701458938,117
3.708674257,117.12
3.715889577,117.28
3.723104896,117.34
3.730320216,117.34
3.737535535,117.28
3.744750855,117.17
3.751966175,117.06
3.759181494,116.89
3.766396814,116.89
3.773612133,116.89
3.780827453,117
3.788042772,117.17
3.795258092,117.4
3.802473412,117.62
3.809688731,117.9
3.816904051,118.07
3.82411937,118.18
3.83133469,118.24
3.838550009,118.24
3.845765329,118.18
3.852980649,118.13
3.860195968,118.02
3.867411288,117.96
3.874626607,117.9
3.881841927,117.9
3.889057246,117.9
3.896272566,118.02
3.903487885,118.07
3.910703205,118.18
3.917918525,118.3
3.925133844,118.41
3.932349164,118.52
3.939564483,118.58
3.946779803,118.58
3.953995122,118.58
3.961210442,118.52
3.968425762,118.41
3.975641081,118.35
3.982856401,118.3
3.99007172,118.24
3.99728704,118.24
4.004502359,118.24
4.011717679,118.3
4.018932999,118.41
4.026148318,118.58
4.033363638,118.69
4.040578957,118.86
4.047794277,118.97
4.055009596,119.08
4.062224916,119.14
4.069440236,119.14
4.076655555,119.08
4.083870875,118.97
4.091086194,118.86
4.098301514,118.69
4.105516833,118.46
4.112732153,118.35
4.119947472,118.18
4.127162792,118.18
4.134378112,118.13
4.141593431,118.18
4.148808751,118.35
4.15602407,118.58
4.16323939,118.8
4.170454709,119.03
4.177670029,119.2
4.184885349,119.42
4.192100668,119.7
4.199315988,119.81
4.206531307,119.98
4.213746627,120.21
4.220961946,120.32
4.228177266,120.49
4.235392586,120.54
4.242607905,120.71
4.249823225,120.77
4.257038544,120.88
4.264253864,120.88
4.271469183,120.94
4.278684503,120.88
4.285899823,120.94
4.293115142,120.94
4.300330462,120.99
4.307545781,121.11
4.314761101,121.16
4.32197642,121.39
4.32919174,121.5
4.336407059,121.61
4.343622379,121.84
4.350837699,121.95
4.358053018,122.06
4.365268338,122.17
4.372483657,122.23
4.379698977,122.34
4.386914296,122.4
4.394129616,122.45
4.401344936,122.57
4.408560255,122.62
4.415775575,122.62
4.422990894,122.68
4.430206214,122.74
4.437421533,122.9
4.444636853,123.02
4.451852173,123.13
4.459067492,123.3
4.466282812,123.47
4.473498131,123.64
4.480713451,123.75
4.48792877,123.92
4.49514409,124.03
4.502359409,124.2
4.509574729,124.31
4.516790049,124.48
4.524005368,124.65
4.531220688,124.82
4.538436007,125.04
4.545651327,125.21
4.552866646,125.43
4.560081966,125.66
4.567297286,125.88
4.574512605,126.05
4.581727925,126.28
4.588943244,126.39
4.596158564,126.56
4.603373883,126.67
4.610589203,126.78
4.617804523,127.01
4.625019842,127.12
4.632235162,127.34
4.639450481,127.51
4.646665801,127.74
4.65388112,127.85
4.66109644,128.07
4.66831176,128.19
4.675527079,128.36
4.682742399,128.52
4.689957718,128.69
4.697173038,128.92
4.704388357,129.09
4.711603677,129.31
4.718818996,129.54
4.726034316,129.76
4.733249636,129.93
4.740464955,130.15
4.747680275,130.38
4.754895594,130.55
4.762110914,130.72
4.769326233,130.88
4.776541553,131.17
4.783756873,131.39
4.790972192,131.62
4.798187512,131.9
4.805402831,132.18
4.812618151,132.46
4.81983347,132.8
4.82704879,133.08
4.83426411,133.47
4.841479429,133.81
4.848694749,134.14
4.855910068,134.48
4.863125388,134.82
4.870340707,135.04
4.877556027,135.27
4.884771347,135.44
4.891986666,135.66
4.899201986,135.83
4.906417305,136
4.913632625,136.22
4.920847944,136.45
4.928063264,136.73
4.935278583,137.01
4.942493903,137.29
4.949709223,137.57
4.956924542,137.85
4.964139862,138.13
4.971355181,138.36
4.978570501,138.58
4.98578582,138.81
4.99300114,139.15
5.00021646,139.48
5.007431779,139.88
5.014647099,140.21
5.021862418,140.66
5.029077738,141.06
5.036293057,141.39
5.043508377,141.79
5.050723697,142.12
5.057939016,142.46
5.065154336,142.8
5.072369655,143.08
5.079584975,143.36
5.086800294,143.7
5.094015614,143.98
5.101230934,144.2
5.108446253,144.49
5.115661573,144.65
5.122876892,144.82
5.130092212,144.99
5.137307531,145.22
5.144522851,145.38
5.15173817,145.61
5.15895349,145.95
5.16616881,146.23
5.173384129,146.51
5.180599449,146.79
5.187814768,147.07
5.195030088,147.35
5.202245407,147.58
5.209460727,147.63
5.216676047,147.8
5.223891366,147.86
5.231106686,147.91
5.238322005,147.97
5.245537325,148.19
5.252752644,148.48
5.259967964,148.76
5.267183284,149.09
5.274398603,149.49
5.281613923,149.88
5.288829242,150.22
5.296044562,150.61
5.303259881,150.95
5.310475201,151.17
5.317690521,151.4
5.32490584,151.51
5.33212116,151.68
5.339336479,151.74
5.346551799,151.79
5.353767118,151.85
5.360982438,151.9
5.368197757,152.02
5.375413077,152.07
5.382628397,152.24
5.389843716,152.41
5.397059036,152.63
5.404274355,152.86
5.411489675,153.08
5.418704994,153.36
5.425920314,153.65
5.433135634,153.98
5.440350953,154.32
5.447566273,154.6
5.454781592,154.88
5.461996912,155.16
5.469212231,155.33
5.476427551,155.5
5.483642871,155.61
5.49085819,155.73
5.49807351,155.89
5.505288829,156.06
5.512504149,156.29
5.519719468,156.57
5.526934788,156.85
5.534150108,157.13
5.541365427,157.47
5.548580747,157.64
5.555796066,157.86
5.563011386,158.03
5.570226705,158.14
5.577442025,158.25
5.584657344,158.31
5.591872664,158.31
5.599087984,158.25
5.606303303,158.2
5.613518623,158.14
5.620733942,158.14
5.627949262,158.09
5.635164581,158.09
5.642379901,157.97
5.649595221,158.03
5.65681054,158.03
5.66402586,158.09
5.671241179,158.14
5.678456499,158.14
5.685671818,158.25
5.692887138,158.31
5.700102458,158.37
5.707317777,158.48
5.714533097,158.59
5.721748416,158.82
5.728963736,159.04
5.736179055,159.32
5.743394375,159.72
5.750609695,160.17
5.757825014,160.56
5.765040334,161.01
5.772255653,161.46
5.779470973,161.91
5.786686292,162.36
5.793901612,162.75
5.801116931,163.14
5.808332251,163.59
5.815547571,164.04
5.82276289,164.55
5.82997821,165.05
5.837193529,165.67
5.844408849,166.35
5.851624168,167.13
5.858839488,168.03
5.866054808,169.1
5.873270127,170.28
5.880485447,171.63
5.887700766,173.09
5.894916086,174.66
5.902131405,176.41
5.909346725,178.21
5.916562045,180.17
5.923777364,182.2
5.930992684,184.39
5.938208003,186.75
5.945423323,189.33
5.952638642,192.03
5.959853962,194.9
5.967069281,197.93
5.974284601,201.19
5.981499921,204.51
5.98871524,207.99
5.99593056,211.64
6.003145879,215.35
6.010361199,219.29
6.017576518,223.33
6.024791838,227.44
6.032007158,231.71
6.039222477,236.09
6.046437797,240.64
6.053653116,245.25
6.060868436,250.03
6.068083755,254.81
6.075299075,259.58
6.082514395,264.42
6.089729714,269.14
6.096945034,273.86
6.104160353,278.35
6.111375673,282.79
6.118590992,287.01
6.125806312,291.05
6.133021632,294.93
6.140236951,298.59
6.147452271,302.07
6.15466759,305.22
6.16188291,308.31
6.169098229,311.01
6.176313549,313.53
6.183528868,315.84
6.190744188,317.86
6.197959508,319.6
6.205174827,321.12
6.212390147,322.47
6.219605466,323.54
6.226820786,324.33
6.234036105,324.89
6.241251425,325.11
6.248466745,325.17
6.255682064,324.94
6.262897384,324.38
6.270112703,323.59
6.277328023,322.53
6.284543342,321.23
6.291758662,319.66
6.298973982,317.97
6.306189301,316.01
6.313404621,313.98
6.32061994,311.74
6.32783526,309.43
6.335050579,307.02
6.342265899,304.49
6.349481219,301.96
6.356696538,299.26
6.363911858,296.62
6.371127177,293.92
6.378342497,291.17
6.385557816,288.47
6.392773136,285.72
6.399988455,283.07
6.407203775,280.38
6.414419095,277.74
6.421634414,275.04
6.428849734,272.45
6.436065053,269.81
6.443280373,267.23
6.450495692,264.64
6.457711012,262.11
6.464926332,259.64
6.472141651,257.22
6.479356971,254.86
6.48657229,252.61
6.49378761,250.48
6.501002929,248.4
6.508218249,246.43
6.515433569,244.52
6.522648888,242.72
6.529864208,241.04
6.537079527,239.35
6.544294847,237.78
6.551510166,236.32
6.558725486,234.91
6.565940806,233.62
6.573156125,232.33
6.580371445,231.2
6.587586764,230.08
6.594802084,229.07
6.602017403,228
6.609232723,227.04
6.616448042,226.03
6.623663362,225.13
6.630878682,224.29
6.638094001,223.56
6.645309321,222.83
6.65252464,222.32
6.65973996,221.87
6.666955279,221.48
6.674170599,221.2
6.681385919,220.92
6.688601238,220.58
6.695816558,220.24
6.703031877,219.91
6.710247197,219.46
6.717462516,219.01
6.724677836,218.61
6.731893156,218.16
6.739108475,217.77
6.746323795,217.49
6.753539114,217.26
6.760754434,217.04
6.767969753,216.87
6.775185073,216.76
6.782400393,216.7
6.789615712,216.7
6.796831032,216.76
6.804046351,216.87
6.811261671,216.93
6.81847699,217.1
6.82569231,217.32
6.832907629,217.66
6.840122949,217.94
6.847338269,218.33
6.854553588,218.78
6.861768908,219.23
6.868984227,219.68
6.876199547,220.13
6.883414866,220.58
6.890630186,220.92
6.897845506,221.25
6.905060825,221.54
6.912276145,221.82
6.919491464,222.1
6.926706784,222.49
6.933922103,222.88
6.941137423,223.33
6.948352743,223.9
6.955568062,224.46
6.962783382,225.02
6.969998701,225.69
6.977214021,226.31
6.98442934,226.99
6.99164466,227.61
6.99885998,228.22
7.006075299,228.9
7.013290619,229.46
7.020505938,230.19
7.027721258,230.81
7.034936577,231.48
7.042151897,232.21
7.049367216,232.89
7.056582536,233.67
7.063797856,234.52
7.071013175,235.36
7.078228495,236.15
7.085443814,237.05
7.092659134,237.89
7.099874453,238.79
7.107089773,239.58
7.114305093,240.42
7.121520412,241.21
7.128735732,241.99
7.135951051,242.89
7.143166371,243.79
7.15038169,244.69
7.15759701,245.65
7.16481233,246.54
7.172027649,247.5
7.179242969,248.51
7.186458288,249.47
7.193673608,250.48
7.200888927,251.43
7.208104247,252.45
7.215319567,253.46
7.222534886,254.52
7.229750206,255.59
7.236965525,256.55
7.244180845,257.56
7.251396164,258.63
7.258611484,259.64
7.265826803,260.71
7.273042123,261.83
7.280257443,262.9
7.287472762,264.08
7.294688082,265.32
7.301903401,266.55
7.309118721,267.79
7.31633404,269.08
7.32354936,270.37
7.33076468,271.67
7.337979999,273.07
7.345195319,274.36
7.352410638,275.71
7.359625958,277.06
7.366841277,278.47
7.374056597,279.76
7.381271917,281.11
7.388487236,282.46
7.395702556,283.75
7.402917875,284.99
7.410133195,286.28
7.417348514,287.57
7.424563834,288.92
7.431779153,290.32
7.438994473,291.73
7.446209793,293.19
7.453425112,294.65
7.460640432,296.28
7.467855751,297.8
7.475071071,299.37
7.48228639,300.95
7.48950171,302.58
7.49671703,304.09
7.503932349,305.67
7.511147669,307.13
7.518362988,308.7
7.525578308,310.22
7.532793627,311.74
7.540008947,313.25
7.547224267,314.77
7.554439586,316.29
7.561654906,317.92
7.568870225,319.55
7.576085545,321.29
7.583300864,323.09
7.590516184,324.94
7.597731504,326.91
7.604946823,328.88
7.612162143,330.9
7.619377462,332.87
7.626592782,334.78
7.633808101,336.75
7.641023421,338.66
7.64823874,340.45
7.65545406,342.31
7.66266938,344.11
7.669884699,345.91
7.677100019,347.7
7.684315338,349.5
7.691530658,351.36
7.698745977,353.27
7.705961297,355.18
7.713176617,357.09
7.720391936,359.11
7.727607256,361.14
7.734822575,363.16
7.742037895,365.24
7.749253214,367.32
7.756468534,369.45
7.763683854,371.59
7.770899173,373.73
7.778114493,375.92
7.785329812,378.11
7.792545132,380.36
7.799760451,382.55
7.806975771,384.74
7.814191091,386.93
7.82140641,389.07
7.82862173,391.26
7.835837049,393.4
7.843052369,395.53
7.850267688,397.72
7.857483008,399.97
7.864698327,402.16
7.871913647,404.41
7.879128967,406.71
7.886344286,409.02
7.893559606,411.38
7.900774925,413.74
7.907990245,416.1
7.915205564,418.52
7.922420884,420.82
7.929636204,423.18
7.936851523,425.43
7.944066843,427.68
7.951282162,429.87
7.958497482,432
7.965712801,434.2
7.972928121,436.33
7.980143441,438.52
7.98735876,440.77
7.99457408,443.08
8.001789399,445.44
8.009004719,447.85
8.016220038,450.38
8.023435358,452.97
8.030650678,455.61
8.037865997,458.25
8.045081317,460.95
8.052296636,463.59
8.059511956,466.23
8.066727275,468.93
8.073942595,471.68
8.081157914,474.38
8.088373234,477.19
8.095588554,480
8.102803873,482.92
8.110019193,485.9
8.117234512,488.94
8.124449832,492.03
8.131665151,495.17
8.138880471,498.38
8.146095791,501.58
8.15331111,504.73
8.16052643,507.93
8.167741749,511.13
8.174957069,514.34
8.182172388,517.6
8.189387708,520.8
8.196603028,524.06
8.203818347,527.43
8.211033667,530.86
8.218248986,534.23
8.225464306,537.72
8.232679625,541.26
8.239894945,544.8
8.247110265,548.34
8.254325584,551.99
8.261540904,555.7
8.268756223,559.47
8.275971543,563.34
8.283186862,567.28
8.290402182,571.21
8.297617501,575.26
8.304832821,579.3
8.312048141,583.46
8.31926346,587.68
8.32647878,591.95
8.333694099,596.39
8.340909419,600.89
8.348124738,605.55
8.355340058,610.38
8.362555378,615.39
8.369770697,620.5
8.376986017,625.78
8.384201336,631.18
8.391416656,636.63
8.398631975,642.25
8.405847295,647.92
8.413062615,653.6
8.420277934,659.5
8.427493254,665.4
8.434708573,671.47
8.441923893,677.77
8.449139212,684.23
8.456354532,690.86
8.463569852,697.72
8.470785171,704.8
8.478000491,712.11
8.48521581,719.58
8.49243113,727.22
8.499646449,735.09
8.506861769,743.13
8.514077088,751.33
8.521292408,759.82
8.528507728,768.47
8.535723047,777.35
8.542938367,786.46
8.550153686,795.84
8.557369006,805.51
8.564584325,815.46
8.571799645,825.63
8.579014965,836.08
8.586230284,846.82
8.593445604,857.72
8.600660923,868.9
8.607876243,880.42
8.615091562,892.17
8.622306882,904.25
8.629522202,916.67
8.636737521,929.37
8.643952841,942.47
8.65116816,955.79
8.65838348,969.45
8.665598799,983.38
8.672814119,997.55
8.680029439,1012.04
8.687244758,1026.77
8.694460078,1041.83
8.701675397,1057.29
8.708890717,1073.02
8.716106036,1089.21
8.723321356,1105.79
8.730536675,1122.76
8.737751995,1140.18
8.744967315,1158.05
8.752182634,1176.26
8.759397954,1194.98
8.766613273,1214.14
8.773828593,1233.64
8.781043912,1253.7
8.788259232,1274.11
8.795474552,1295.07
8.802689871,1316.42
8.809905191,1338.29
8.81712051,1360.6
8.82433583,1383.47
8.831551149,1406.79
8.838766469,1430.57
8.845981789,1454.84
8.853197108,1479.52
8.860412428,1504.81
8.867627747,1530.49
8.874843067,1556.68
8.882058386,1583.43
8.889273706,1610.63
8.896489025,1638.39
8.903704345,1666.72
8.910919665,1695.61
8.918134984,1725.05
8.925350304,1755.06
8.932565623,1785.69
8.939780943,1816.94
8.946996262,1848.81
8.954211582,1881.29
8.961426902,1914.5
8.968642221,1948.34
8.975857541,1982.79
8.98307286,2018.02
8.99028818,2053.82
8.997503499,2090.41
9.004718819,2127.67
9.011934139,2165.61
9.019149458,2204.27
9.026364778,2243.56
9.033580097,2283.57
9.040795417,2324.15
9.048010736,2365.4
9.055226056,2407.27
9.062441376,2449.75
9.069656695,2492.91
9.076872015,2536.86
9.084087334,2581.43
9.091302654,2626.84
9.098517973,2673.09
9.105733293,2720.19
9.112948612,2768.13
9.120163932,2817.02
9.127379252,2866.76
9.134594571,2917.34
9.141809891,2968.87
9.14902521,3021.25
9.15624053,3074.53
9.163455849,3128.71
9.170671169,3183.78
9.177886489,3239.76
9.185101808,3296.63
9.192317128,3354.46
9.199532447,3413.19
9.206747767,3472.99
9.213963086,3533.68
9.221178406,3595.33
9.228393726,3657.94
9.235609045,3721.56
9.242824365,3786.13
9.250039684,3851.61
9.257255004,3918.09
9.264470323,3985.53
9.271685643,4054.04
9.278900963,4123.56
9.286116282,4194.14
9.293331602,4265.86
9.300546921,4338.69
9.307762241,4412.71
9.31497756,4487.9
9.32219288,4564.22
9.329408199,4641.72
9.336623519,4720.4
9.343838839,4800.32
9.351054158,4881.41
9.358269478,4963.69
9.365484797,5047.09
9.372700117,5131.62
9.379915436,5217.21
9.387130756,5303.81
9.394346076,5391.43
9.401561395,5480
9.408776715,5569.53
9.415992034,5660.07
9.423207354,5751.67
9.430422673,5844.23
9.437637993,5937.97
9.444853313,6032.84
9.452068632,6128.94
9.459283952,6226.28
9.466499271,6324.91
9.473714591,6424.84
9.48092991,6526.05
9.48814523,6628.5
9.49536055,6732.31
9.502575869,6837.34
9.509791189,6943.62
9.517006508,7050.96
9.524221828,7159.48
9.531437147,7269.13
9.538652467,7379.79
9.545867786,7491.62
9.553083106,7604.47
9.560298426,7718.39
9.567513745,7833.32
9.574729065,7949.43
9.581944384,8066.61
9.589159704,8184.91
9.596375023,8304.33
9.603590343,8424.82
9.610805663,8546.39
9.618020982,8668.96
9.625236302,8792.54
9.632451621,8917.14
9.639666941,9042.58
9.64688226,9168.91
9.65409758,9296.15
9.6613129,9424.23
9.668528219,9553.21
9.675743539,9683.09
9.682958858,9813.92
9.690174178,9945.65
9.697389497,10078.4
9.704604817,10212.15
9.711820137,10346.86
9.719035456,10482.53
9.726250776,10619.15
9.733466095,10756.68
9.740681415,10894.93
9.747896734,11034.02
9.755112054,11173.74
9.762327373,11314.12
9.769542693,11455.13
9.776758013,11596.53
9.783973332,11738.38
9.791188652,11880.51
9.798403971,12022.97
9.805619291,12165.72
9.81283461,12308.69
9.82004993,12451.84
9.82726525,12595.2
9.834480569,12738.68
9.841695889,12882.38
9.848911208,13026.31
9.856126528,13170.3
9.863341847,13314.56
9.870557167,13458.88
9.877772487,13603.32
9.884987806,13747.81
9.892203126,13892.19
9.899418445,14036.28
9.906633765,14180.1
9.913849084,14323.46
9.921064404,14466.38
9.928279724,14608.62
9.935495043,14750.3
9.942710363,14891.37
9.949925682,15031.92
9.957141002,15171.92
9.964356321,15311.35
9.971571641,15450.22
9.97878696,15588.58
9.98600228,15726.22
9.9932176,15863.12
10.00043292,15999.18
10.00764824,16134.34
10.01486356,16268.38
10.02207888,16401.29
10.0292942,16533.02
10.03650952,16663.41
10.04372484,16792.5
10.05094016,16920.07
10.05815548,17046.19
10.0653708,17170.78
10.07258611,17293.75
10.07980143,17414.91
10.08701675,17534.4
10.09423207,17651.91
10.10144739,17767.51
10.10866271,17881.15
10.11587803,17992.76
10.12309335,18102.3
10.13030867,18209.81
10.13752399,18315.24
10.14473931,18418.48
10.15195463,18519.58
10.15916995,18618.49
10.16638527,18715.1
10.17360059,18809.35
10.18081591,18901.24
10.18803123,18990.71
10.19524655,19077.53
10.20246187,19161.78
10.20967719,19243.32
10.21689251,19322.17
10.22410783,19398.16
10.23132315,19471.27
10.23853846,19541.47
10.24575378,19608.46
10.2529691,19672.41
10.26018442,19733.11
10.26739974,19790.43
10.27461506,19844.44
10.28183038,19895.02
10.2890457,19942.28
10.29626102,19986.18
10.30347634,20026.75
10.31069166,20064.13
10.31790698,20098.3
10.3251223,20129.37
10.33233762,20157.19
10.33955294,20181.92
10.34676826,20203.39
10.35398358,20221.54
10.3611989,20236.27
10.36841422,20247.62
10.37562954,20255.49
10.38284486,20259.76
10.39006018,20260.54
10.3972755,20257.73
10.40449081,20251.38
10.41170613,20241.55
10.41892145,20228.23
10.42613677,20211.48
10.43335209,20191.36
10.44056741,20167.93
10.44778273,20141.12
10.45499805,20111.11
10.46221337,20077.78
10.46942869,20041.14
10.47664401,20001.13
10.48385933,19957.68
10.49107465,19910.81
10.49828997,19860.46
10.50550529,19806.56
10.51272061,19749.12
10.51993593,19688.26
10.52715125,19624.02
10.53436657,19556.47
10.54158189,19485.66
10.54879721,19411.64
10.55601253,19334.54
10.56322785,19254.45
10.57044316,19171.33
10.57765848,19085.29
10.5848738,18996.33
10.59208912,18904.44
10.59930444,18809.74
10.60651976,18712.4
10.61373508,18612.37
10.6209504,18509.8
10.62816572,18404.76
10.63538104,18297.37
10.64259636,18187.61
10.64981168,18075.49
10.657027,17961.07
10.66424232,17844.39
10.67145764,17725.48
10.67867296,17604.31
10.68588828,17481.01
10.6931036,17355.51
10.70031892,17227.94
10.70753424,17098.45
10.71474956,16967.06
10.72196488,16833.92
10.7291802,16699.09
10.73639551,16562.58
10.74361083,16424.5
10.75082615,16285.01
10.75804147,16144.12
10.76525679,16001.99
10.77247211,15858.62
10.77968743,15714.25
10.78690275,15568.91
10.79411807,15422.74
10.80133339,15275.77
10.80854871,15128.19
10.81576403,14979.94
10.82297935,14831.01
10.83019467,14681.46
10.83740999,14531.24
10.84462531,14380.34
10.85184063,14228.82
10.85905595,14076.75
10.86627127,13924.16
10.87348659,13771.07
10.88070191,13617.76
10.88791723,13464.28
10.89513255,13310.68
10.90234786,13157.26
10.90956318,13003.94
10.9167785,12850.86
10.92399382,12697.99
10.93120914,12545.52
10.93842446,12393.33
10.94563978,12241.42
10.9528551,12089.85
10.96007042,11938.73
10.96728574,11787.89
10.97450106,11637.5
10.98171638,11487.56
10.9889317,11338.18
10.99614702,11189.42
11.00336234,11041.38
11.01057766,10894.2
11.01779298,10747.91
11.0250083,10602.63
11.03222362,10458.48
11.03943894,10315.51
11.04665426,10173.71
11.05386958,10033.16
11.0610849,9893.78
11.06830022,9755.58
11.07551553,9618.63
11.08273085,9482.68
11.08994617,9347.91
11.09716149,9214.21
11.10437681,9081.63
11.11159213,8950.18
11.11880745,8819.91
11.12602277,8690.99
11.13323809,8563.3
11.14045341,8436.96
11.14766873,8312.09
11.15488405,8188.5
11.16209937,8066.44
11.16931469,7945.78
11.17653001,7826.63
11.18374533,7708.84
11.19096065,7592.62
11.19817597,7477.91
11.20539129,7364.72
11.21260661,7253.05
11.21982193,7142.9
11.22703725,7034.27
11.23425257,6927.21
11.24146788,6821.61
11.2486832,6717.52
11.25589852,6615.02
11.26311384,6514.08
11.27032916,6414.72
11.27754448,6316.88
11.2847598,6220.72
11.29197512,6126.13
11.29919044,6033.07
11.30640576,5941.63
11.31362108,5851.54
11.3208364,5762.97
11.32805172,5675.69
11.33526704,5589.76
11.34248236,5505.12
11.34969768,5421.72
11.356913,5339.67
11.36412832,5258.91
11.37134364,5179.5
11.37855896,5101.33
11.38577428,5024.56
11.3929896,4949.19
11.40020492,4875.18
11.40742023,4802.57
11.41463555,4731.25
11.42185087,4661.34
11.42906619,4592.77
11.43628151,4525.61
11.44349683,4459.75
11.45071215,4395.28
11.45792747,4332.17
11.46514279,4270.24
11.47235811,4209.66
11.47957343,4150.25
11.48678875,4092.09
11.49400407,4034.99
11.50121939,3978.96
11.50843471,3923.94
11.51565003,3869.93
11.52286535,3816.87
11.53008067,3764.78
11.53729599,3713.58
11.54451131,3663.39
11.55172663,3614.1
11.55894195,3565.83
11.56615727,3518.45
11.57337258,3472.03
11.5805879,3426.45
11.58780322,3381.83
11.59501854,3338.05
11.60223386,3295.17
11.60944918,3253.08
11.6166645,3211.77
11.62387982,3171.25
11.63109514,3131.46
11.63831046,3092.34
11.64552578,3054.02
11.6527411,3016.36
11.65995642,2979.44
11.66717174,2943.13
11.67438706,2907.61
11.68160238,2872.83
11.6888177,2838.77
11.69603302,2805.44
11.70324834,2772.79
11.71046366,2740.87
11.71767898,2709.57
11.7248943,2678.77
11.73210962,2648.53
11.73932493,2618.86
11.74654025,2589.58
11.75375557,2560.75
11.76097089,2532.25
11.76818621,2504.21
11.77540153,2476.5
11.78261685,2449.25
11.78983217,2422.33
11.79704749,2395.86
11.80426281,2369.67
11.81147813,2343.87
11.81869345,2318.3
11.82590877,2293.12
11.83312409,2268.17
11.84033941,2243.56
11.84755473,2219.28
11.85477005,2195.22
11.86198537,2171.51
11.86920069,2148.13
11.87641601,2124.92
11.88363133,2102.1
11.89084665,2079.34
11.89806197,2056.8
11.90527728,2034.27
11.9124926,2011.73
11.91970792,1989.14
11.92692324,1966.32
11.93413856,1943.33
11.94135388,1920.07
11.9485692,1896.41
11.95578452,1872.24
11.96299984,1847.57
11.97021516,1822.22
11.97743048,1795.98
11.9846458,1768.78
11.99186112,1740.34
11.99907644,1710.39
12.00629176,1678.8
12.01350708,1645.31
12.0207224,1609.51
12.02793772,1571.18
12.03515304,1530.04
12.04236836,1485.64
12.04958368,1437.65
12.056799,1385.72
12.06401432,1329.29
12.07122963,1267.92
12.07844495,1201.16
12.08566027,1128.32
12.09287559,1048.86
12.10009091,962.2
12.10730623,867.5
12.11452155,764.03
12.12173687,651.02
12.12895219,527.66
12.13616751,393
12.14338283,246.32
12.15059815,86.6
12.15781347,-86.94
12.16502879,-275.26
12.17224411,-479.21
12.17945943,-699.8
12.18667475,-937.86
12.19389007,-1194.36
12.20110539,-1470.19
12.20832071,-1766.25
12.21553603,-2083.33
12.22275135,-2422.22
12.22996667,-2783.41
12.23718198,-3167.48
12.2443973,-3574.65
12.25161262,-4004.98
12.25882794,-4458.4
12.26604326,-4934.52
12.27325858,-5432.74
12.2804739,-5952.19
12.28768922,-6491.83
12.29490454,-7050.4
12.30211986,-7626.28
12.30933518,-8217.67
12.3165505,-8822.55
12.32376582,-9438.56
12.33098114,-10063
12.33819646,-10693.23
12.34541178,-11326.04
12.3526271,-11958.34
12.35984242,-12586.72
12.36705774,-13207.73
12.37427306,-13817.83
12.38148838,-14413.55
12.3887037,-14991.35
12.39591902,-15547.89
12.40313433,-16079.77
12.41034965,-16584
12.41756497,-17057.54
12.42478029,-17497.87
12.43199561,-17902.51
12.43921093,-18269.32
12.44642625,-18596.52
12.45364157,-18882.75
12.46085689,-19126.65
12.46807221,-19327.57
12.47528753,-19484.98
12.48250285,-19598.68
12.48971817,-19668.76
12.49693349,-19695.79
12.50414881,-19680.5
12.51136413,-19624.14
12.51857945,-19528.09
12.52579477,-19394
12.53301009,-19223.88
12.54022541,-19019.82
12.54744073,-18783.95
12.55465605,-18518.74
12.56187137,-18226.44
12.56908668,-17909.59
12.576302,-17570.7
12.58351732,-17212.03
12.59073264,-16836.22
12.59794796,-16445.58
12.60516328,-16042.45
12.6123786,-15629.22
12.61959392,-15207.94
12.62680924,-14780.82
12.63402456,-14349.71
12.64123988,-13916.58
12.6484552,-13482.99
12.65567052,-13050.48
12.66288584,-12620.44
12.67010116,-12194.16
12.67731648,-11772.6
12.6845318,-11356.89
12.69174712,-10947.81
12.69896244,-10546.09
12.70617776,-10152.41
12.71339308,-9767.33
12.7206084,-9391.3
12.72782372,-9024.7
12.73503903,-8667.89
12.74225435,-8320.8
12.74946967,-7983.71
12.75668499,-7656.57
12.76390031,-7339.21
12.77111563,-7031.68
12.77833095,-6733.71
12.78554627,-6445.24
12.79276159,-6165.92
12.79997691,-5895.71
12.80719223,-5634.44
12.81440755,-5381.82
12.82162287,-5137.74
12.82883819,-4901.93
12.83605351,-4674.37
12.84326883,-4454.58
12.85048415,-4242.65
12.85769947,-4038.08
12.86491479,-3840.98
12.87213011,-3650.97
12.87934543,-3467.93
12.88656075,-3291.74
12.89377607,-3122.19
12.90099138,-2959.04
12.9082067,-2802.24
12.91542202,-2651.51
12.92263734,-2506.74
12.92985266,-2367.76
12.93706798,-2234.39
12.9442833,-2106.6
12.95149862,-1984.25
12.95871394,-1867.18
12.96592926,-1755.35
12.97314458,-1648.73
12.9803599,-1547.18
12.98757522,-1450.52
12.99479054,-1358.74
13.00200586,-1271.8
13.00922118,-1189.47
13.0164365,-1111.74
13.02365182,-1038.57
13.03086714,-969.84
13.03808246,-905.49
13.04529778,-845.52
13.0525131,-789.89
13.05972842,-738.52
13.06694373,-691.42
13.07415905,-648.54
13.08137437,-610.05
13.08858969,-575.82
13.09580501,-545.87
13.10302033,-520.24
13.11023565,-498.88
13.11745097,-481.85
13.12466629,-469.1
13.13188161,-460.72
13.13909693,-456.51
13.14631225,-456.51
13.15352757,-460.67
13.16074289,-468.98
13.16795821,-481.35
13.17517353,-497.76
13.18238885,-518.1
13.18960417,-542.33
13.19681949,-570.31
13.20403481,-601.95
13.21125013,-637.08
13.21846545,-675.63
13.22568077,-717.22
13.23289608,-761.79
13.2401114,-808.88
13.24732672,-858.34
13.25454204,-909.65
13.26175736,-962.48
13.26897268,-1016.48
13.276188,-1071.17
13.28340332,-1126.19
13.29061864,-1180.98
13.29783396,-1235.1
13.30504928,-1288.38
13.3122646,-1340.14
13.31947992,-1390.1
13.32669524,-1437.93
13.33391056,-1483.17
13.34112588,-1525.54
13.3483412,-1564.6
13.35555652,-1600.12
13.36277184,-1631.82
13.36998716,-1659.36
13.37720248,-1682.62
13.3844178,-1701.45
13.39163312,-1715.67
13.39884843,-1725.28
13.40606375,-1730.28
13.41327907,-1730.67
13.42049439,-1726.52
13.42770971,-1717.86
13.43492503,-1704.93
13.44214035,-1687.79
13.44935567,-1666.83
13.45657099,-1642.16
13.46378631,-1614.06
13.47100163,-1582.87
13.47821695,-1548.81
13.48543227,-1512.22
13.49264759,-1473.56
13.49986291,-1432.93
13.50707823,-1390.72
13.51429355,-1347.22
13.52150887,-1302.6
13.52872419,-1257.08
13.53593951,-1210.99
13.54315483,-1164.35
13.55037015,-1117.48
13.55758547,-1070.49
13.56480079,-1023.68
13.5720161,-977.03
13.57923142,-930.84
13.58644674,-885.26
13.59366206,-840.3
13.60087738,-796.18
13.6080927,-752.91
13.61530802,-710.59
13.62252334,-669.28
13.62973866,-629.04
13.63695398,-589.81
13.6441693,-551.82
13.65138462,-514.9
13.65859994,-479.1
13.66581526,-444.37
13.67303058,-410.76
13.6802459,-378.22
13.68746122,-346.75
13.69467654,-316.29
13.70189186,-286.95
13.70910718,-258.57
13.7163225,-231.26
13.72353782,-205.01
13.73075314,-179.78
13.73796845,-155.39
13.74518377,-132.01
13.75239909,-109.59
13.75961441,-87.95
13.76682973,-67.21
13.77404505,-47.32
13.78126037,-28.15
13.78847569,-9.83
13.79569101,7.75
13.80290633,24.61
13.81012165,40.85
13.81733697,56.42
13.82455229,71.37
13.83176761,85.7
13.83898293,99.47
13.84619825,112.73
13.85341357,125.43
13.86062889,137.52
13.86784421,149.09
13.87505953,160
13.88227485,170.45
13.88949017,180.23
13.89670549,189.5
13.9039208,198.32
13.91113612,206.53
13.91835144,214.23
13.92556676,221.48
13.93278208,228.22
13.9399974,234.46
13.94721272,240.31
13.95442804,245.76
13.96164336,250.82
13.96885868,255.59
13.976074,259.98
13.98328932,264.02
13.99050464,267.79
13.99771996,271.27
14.00493528,274.42
14.0121506,277.23
14.01936592,279.76
14.02658124,282.01
14.03379656,283.92
14.04101188,285.55
14.0482272,286.9
14.05544252,287.96
14.06265784,288.64
14.06987315,288.98
14.07708847,288.98
14.08430379,288.58
14.09151911,287.8
14.09873443,286.5
14.10594975,284.93
14.11316507,282.79
14.12038039,280.26
14.12759571,277.12
14.13481103,273.58
14.14202635,269.42
14.14924167,264.7
14.15645699,259.36
14.16367231,253.29
14.17088763,246.54
14.17810295,239.13
14.18531827,230.86
14.19253359,221.76
14.19974891,211.81
14.20696423,200.85
14.21417955,188.88
14.22139487,175.9
14.22861019,161.68
14.2358255,146.28
14.24304082,129.59
14.25025614,111.61
14.25747146,92.22
14.26468678,71.37
14.2719021,49.11
14.27911742,25.17
14.28633274,-0.44
14.29354806,-27.76
14.30076338,-56.98
14.3079787,-88.23
14.31519402,-121.61
14.32240934,-157.19
14.32962466,-195.12
14.33683998,-235.42
14.3440553,-278.19
14.35127062,-323.48
14.35848594,-371.36
14.36570126,-421.89
14.37291658,-475.11
14.3801319,-531.03
14.38734722,-589.65
14.39456254,-650.9
14.40177785,-714.86
14.40899317,-781.46
14.41620849,-850.47
14.42342381,-921.79
14.43063913,-995.35
14.43785445,-1070.89
14.44506977,-1148.33
14.45228509,-1227.46
14.45950041,-1308.11
14.46671573,-1390.05
14.47393105,-1472.94
14.48114637,-1556.62
14.48836169,-1640.81
14.49557701,-1725.11
14.50279233,-1809.13
14.51000765,-1892.59
14.51722297,-1975.09
14.52443829,-2056.18
14.53165361,-2135.6
14.53886893,-2212.93
14.54608425,-2287.78
14.55329957,-2359.72
14.56051489,-2428.45
14.5677302,-2493.53
14.57494552,-2554.57
14.58216084,-2611.33
14.58937616,-2663.43
14.59659148,-2710.63
14.6038068,-2752.78
14.61102212,-2789.71
14.61823744,-2821.4
14.62545276,-2847.59
14.63266808,-2868.33
14.6398834,-2883.56
14.64709872,-2893.17
14.65431404,-2897.27
14.66152936,-2895.81
14.66874468,-2888.84
14.67596,-2876.59
14.68317532,-2859
14.69039064,-2836.41
14.69760596,-2808.87
14.70482128,-2776.72
14.7120366,-2740.14
14.71925192,-2699.39
14.72646724,-2654.77
14.73368255,-2606.55
14.74089787,-2555.13
14.74811319,-2500.61
14.75532851,-2443.57
14.76254383,-2384.28
14.76975915,-2323.02
14.77697447,-2260.19
14.78418979,-2196.12
14.79140511,-2131.21
14.79862043,-2065.63
14.80583575,-1999.82
14.81305107,-1934.06
14.82026639,-1868.59
14.82748171,-1803.68
14.83469703,-1739.67
14.84191235,-1676.83
14.84912767,-1615.35
14.85634299,-1555.44
14.86355831,-1497.39
14.87077363,-1441.3
14.87798895,-1387.35
14.88520427,-1335.59
14.89241959,-1286.02
14.8996349,-1238.92
14.90685022,-1194.19
14.91406554,-1151.87
14.92128086,-1111.97
14.92849618,-1074.54
14.9357115,-1039.7
14.94292682,-1007.32
14.95014214,-977.59
14.95735746,-950.34
14.96457278,-925.67
14.9717881,-903.47
14.97900342,-883.85
14.98621874,-866.54
14.99343406,-851.54
15.00064938,-838.67
15.0078647,-827.93
15.01508002,-819.05
15.02229534,-811.92
15.02951066,-806.47
15.03672598,-802.47
15.0439413,-799.89
15.05115662,-798.48
15.05837194,-798.09
15.06558725,-798.65
15.07280257,-799.95
15.08001789,-801.8
15.08723321,-804.1
15.09444853,-806.63
15.10166385,-809.22
15.10887917,-811.86
15.11609449,-814.28
15.12330981,-816.41
15.13052513,-818.21
15.13774045,-819.39
15.14495577,-820.07
15.15217109,-820.01
15.15938641,-819.17
15.16660173,-817.48
15.17381705,-814.9
15.18103237,-811.3
15.18824769,-806.69
15.19546301,-801.01
15.20267833,-794.21
15.20989365,-786.35
15.21710897,-777.35
15.22432429,-767.24
15.2315396,-756
15.23875492,-743.69
15.24597024,-730.31
15.25318556,-715.87
15.26040088,-700.36
15.2676162,-683.89
15.27483152,-666.47
15.28204684,-648.21
15.28926216,-629.15
15.29647748,-609.32
15.3036928,-588.86
15.31090812,-567.9
15.31812344,-546.37
15.32533876,-524.45
15.33255408,-502.14
15.3397694,-479.61
15.34698472,-456.79
15.35420004,-433.86
15.36141536,-410.82
15.36863068,-387.83
15.375846,-364.85
15.38306132,-341.97
15.39027664,-319.32
15.39749195,-296.79
15.40470727,-274.53
15.41192259,-252.5
15.41913791,-230.81
15.42635323,-209.45
15.43356855,-188.43
15.44078387,-167.75
15.44799919,-147.58
15.45521451,-127.74
15.46242983,-108.46
15.46964515,-89.58
15.47686047,-71.2
15.48407579,-53.27
15.49129111,-35.96
15.49850643,-19.1
15.50572175,-2.75
15.51293707,13.03
15.52015239,28.26
15.52736771,42.93
15.53458303,57.09
15.54179835,70.81
15.54901367,84.07
15.55622899,96.88
15.5634443,109.19
15.57065962,121.16
15.57787494,132.68
15.58509026,143.75
15.59230558,154.32
15.5995209,164.38
15.60673622,173.93
15.61395154,183.04
15.62116686,191.64
15.62838218,199.73
15.6355975,207.32
15.64281282,214.57
15.65002814,221.37
15.65724346,227.83
15.66445878,233.96
15.6716741,239.74
15.67888942,245.25
15.68610474,250.48
15.69332006,255.42
15.70053538,260.14
15.7077507,264.58
15.71496602,268.8
15.72218134,272.85
15.72939665,276.61
15.73661197,280.32
15.74382729,283.81
15.75104261,287.12
15.75825793,290.27
15.76547325,293.25
15.77268857,296
15.77990389,298.64
15.78711921,301.06
15.79433453,303.31
15.80154985,305.39
15.80876517,307.41
15.81598049,309.26
15.82319581,311.01
15.83041113,312.75
15.83762645,314.38
15.84484177,316.01
15.85205709,317.47
15.85927241,318.87
15.86648773,320.17
15.87370305,321.4
15.88091837,322.58
15.88813369,323.65
15.89534901,324.72
15.90256432,325.67
15.90977964,326.69
15.91699496,327.58
15.92421028,328.54
15.9314256,329.38
15.93864092,330.23
15.94585624,331.01
15.95307156,331.74
15.96028688,332.36
15.9675022,332.98
15.97471752,333.49
15.98193284,334.05
15.98914816,334.55
15.99636348,335.17
16.0035788,335.73
16.01079412,336.35
16.01800944,337.03
16.02522476,337.76
16.03244008,338.49
16.0396554,339.22
16.04687072,339.95
16.05408604,340.68
16.06130136,341.3
16.06851667,341.97
16.07573199,342.53
16.08294731,343.1
16.09016263,343.66
16.09737795,344.16
16.10459327,344.67
16.11180859,345.18
16.11902391,345.63
16.12623923,346.02
16.13345455,346.47
16.14066987,346.86
16.14788519,347.25
16.15510051,347.54
16.16231583,347.82
16.16953115,348.1
16.17674647,348.32
16.18396179,348.55
16.19117711,348.77
16.19839243,349.05
16.20560775,349.33
16.21282307,349.67
16.22003839,349.95
16.22725371,350.35
16.23446902,350.68
16.24168434,351.02
16.24889966,351.41
16.25611498,351.75
16.2633303,352.14
16.27054562,352.48
16.27776094,352.93
16.28497626,353.38
16.29219158,353.83
16.2994069,354.39
16.30662222,354.9
16.31383754,355.35
16.32105286,355.85
16.32826818,356.25
16.3354835,356.58
16.34269882,356.87
16.34991414,357.03
16.35712946,357.2
16.36434478,357.37
16.3715601,357.54
16.37877542,357.71
16.38599074,357.93
16.39320606,358.21
16.40042137,358.49
16.40763669,358.89
16.41485201,359.28
16.42206733,359.68
16.42928265,360.12
16.43649797,360.46
16.44371329,360.8
16.45092861,361.08
16.45814393,361.42
16.46535925,361.64
16.47257457,361.92
16.47978989,362.15
16.48700521,362.37
16.49422053,362.6
16.50143585,362.88
16.50865117,363.22
16.51586649,363.44
16.52308181,363.72
16.53029713,364.06
16.53751245,364.4
16.54472777,364.73
16.55194309,365.01
16.55915841,365.35
16.56637372,365.63
16.57358904,365.91
16.58080436,366.19
16.58801968,366.36
16.595235,366.59
16.60245032,366.76
16.60966564,366.98
16.61688096,367.21
16.62409628,367.43
16.6313116,367.71
16.63852692,367.88
16.64574224,368.11
16.65295756,368.33
16.66017288,368.44
16.6673882,368.55
16.67460352,368.61
16.68181884,368.67
16.68903416,368.72
16.69624948,368.78
16.7034648,368.84
16.71068012,368.95
16.71789544,369.06
16.72511076,369.23
16.73232607,369.4
16.73954139,369.57
16.74675671,369.73
16.75397203,369.9
16.76118735,370.07
16.76840267,370.18
16.77561799,370.35
16.78283331,370.47
16.79004863,370.69
16.79726395,370.86
16.80447927,370.97
16.81169459,371.2
16.81890991,371.36
16.82612523,371.53
16.83334055,371.76
16.84055587,371.87
16.84777119,372.04
16.85498651,372.1
16.86220183,372.21
16.86941715,372.26
16.87663247,372.38
16.88384779,372.43
16.89106311,372.6
16.89827842,372.77
16.90549374,372.94
16.91270906,373.11
16.91992438,373.28
16.9271397,373.44
16.93435502,373.67
16.94157034,373.84
16.94878566,373.95
16.95600098,374.06
16.9632163,374.23
16.97043162,374.34
16.97764694,374.4
16.98486226,374.46
16.99207758,374.46
16.9992929,374.51
17.00650822,374.51
17.01372354,374.57
17.02093886,374.62
17.02815418,374.74
17.0353695,374.85
17.04258482,375.02
17.04980014,375.19
17.05701546,375.35
17.06423077,375.52
17.07144609,375.69
17.07866141,375.86
17.08587673,376.14
17.09309205,376.37
17.10030737,376.65
17.10752269,376.98
17.11473801,377.32
17.12195333,377.6
17.12916865,377.94
17.13638397,378.16
17.14359929,378.39
17.15081461,378.56
17.15802993,378.73
17.16524525,378.9
17.17246057,379.01
17.17967589,379.23
17.18689121,379.46
17.19410653,379.68
17.20132185,379.96
17.20853717,380.19
17.21575249,380.36
17.22296781,380.58
17.23018312,380.86
17.23739844,381.14
17.24461376,381.42
17.25182908,381.76
17.2590444,382.04
17.26625972,382.32
17.27347504,382.6
17.28069036,382.83
17.28790568,382.94
17.295121,383.11
17.30233632,383.22
17.30955164,383.34
17.31676696,383.5
17.32398228,383.67
17.3311976,383.9
17.33841292,384.18
17.34562824,384.46
17.35284356,384.8
17.36005888,385.13
17.3672742,385.41
17.37448952,385.7
17.38170484,385.98
17.38892016,386.26
17.39613547,386.48
17.40335079,386.71
17.41056611,386.93
17.41778143,387.16
17.42499675,387.38
17.43221207,387.55
17.43942739,387.72
17.44664271,387.89
17.45385803,388.11
17.46107335,388.28
17.46828867,388.45
17.47550399,388.62
17.48271931,388.73
17.48993463,388.79
17.49714995,388.84
17.50436527,388.79
17.51158059,388.79
17.51879591,388.84
17.52601123,388.84
17.53322655,388.96
17.54044187,389.01
17.54765719,389.18
17.55487251,389.35
17.56208782,389.57
17.56930314,389.69
17.57651846,389.85
17.58373378,389.97
17.5909491,390.02
17.59816442,390.14
17.60537974,390.3
17.61259506,390.36
17.61981038,390.53
17.6270257,390.64
17.63424102,390.81
17.64145634,390.92
17.64867166,391.03
17.65588698,391.09
17.6631023,391.15
17.67031762,391.09
17.67753294,391.09
17.68474826,391.09
17.69196358,391.09
17.6991789,391.03
17.70639422,390.98
17.71360954,391.03
17.72082486,391.09
17.72804017,391.2
17.73525549,391.43
17.74247081,391.71
17.74968613,391.93
17.75690145,392.27
17.76411677,392.66
17.77133209,392.95
17.77854741,393.23
17.78576273,393.45
17.79297805,393.56
17.80019337,393.62
17.80740869,393.56
17.81462401,393.51
17.82183933,393.4
17.82905465,393.28
17.83626997,393.23
17.84348529,393.17
17.85070061,393.23
17.85791593,393.28
17.86513125,393.34
17.87234657,393.4
17.87956189,393.51
17.88677721,393.56
17.89399252,393.56
17.90120784,393.62
17.90842316,393.68
17.91563848,393.68
17.9228538,393.79
17.93006912,393.84
17.93728444,393.84
17.94449976,393.9
17.95171508,393.9
17.9589304,393.9
17.96614572,393.79
17.97336104,393.68
17.98057636,393.51
17.98779168,393.4
17.995007,393.23
18.00222232,393.11
18.00943764,393
18.01665296,392.95
18.02386828,392.95
18.0310836,392.95
