0,-24.39
0.00721532,-24.27
0.014430639,-24.1
0.021645959,-23.99
0.028861278,-23.94
0.036076598,-23.94
0.043291917,-23.82
0.050507237,-23.77
0.057722557,-23.71
0.064937876,-23.71
0.072153196,-23.77
0.079368515,-23.99
0.086583835,-24.33
0.093799154,-24.89
0.101014474,-25.62
0.108229793,-26.58
0.115445113,-27.65
0.122660433,-28.71
0.129875752,-29.67
0.137091072,-30.51
0.144306391,-31.13
0.151521711,-31.47
0.15873703,-31.52
0.16595235,-31.3
0.17316767,-30.85
0.180382989,-30.23
0.187598309,-29.56
0.194813628,-28.77
0.202028948,-27.93
0.209244267,-27.03
0.216459587,-26.24
0.223674907,-25.4
0.230890226,-24.61
0.238105546,-23.88
0.245320865,-23.15
0.252536185,-22.53
0.259751504,-21.97
0.266966824,-21.52
0.274182144,-21.07
0.281397463,-20.73
0.288612783,-20.4
0.295828102,-20.06
0.303043422,-19.72
0.310258741,-19.38
0.317474061,-18.99
0.32468938,-18.65
0.3319047,-18.2
0.33912002,-17.75
0.346335339,-17.3
0.353550659,-16.8
0.360765978,-16.35
0.367981298,-15.84
0.375196617,-15.45
0.382411937,-15.06
0.389627257,-14.66
0.396842576,-14.33
0.404057896,-14.1
0.411273215,-13.88
0.418488535,-13.71
0.425703854,-13.65
0.432919174,-13.54
0.440134494,-13.54
0.447349813,-13.54
0.454565133,-13.6
0.461780452,-13.65
0.468995772,-13.76
0.476211091,-13.88
0.483426411,-13.93
0.490641731,-14.1
0.49785705,-14.27
0.50507237,-14.49
0.512287689,-14.66
0.519503009,-14.89
0.526718328,-15.11
0.533933648,-15.23
0.541148967,-15.39
0.548364287,-15.39
0.555579607,-15.39
0.562794926,-15.28
0.570010246,-15.06
0.577225565,-14.83
0.584440885,-14.61
0.591656204,-14.27
0.598871524,-13.99
0.606086844,-13.76
0.613302163,-13.43
0.620517483,-13.2
0.627732802,-12.98
0.634948122,-12.75
0.642163441,-12.53
0.649378761,-12.3
0.656594081,-12.02
0.6638094,-11.74
0.67102472,-11.46
0.678240039,-11.18
0.685455359,-10.95
0.692670678,-10.67
0.699885998,-10.45
0.707101318,-10.11
0.714316637,-9.89
0.721531957,-9.61
0.728747276,-9.32
0.735962596,-8.99
0.743177915,-8.65
0.750393235,-8.31
0.757608554,-7.98
0.764823874,-7.58
0.772039194,-7.24
0.779254513,-6.91
0.786469833,-6.63
0.793685152,-6.4
0.800900472,-6.18
0.808115791,-5.95
0.815331111,-5.84
0.822546431,-5.62
0.82976175,-5.45
0.83697707,-5.28
0.844192389,-5.11
0.851407709,-4.83
0.858623028,-4.6
0.865838348,-4.38
0.873053668,-4.1
0.880268987,-3.93
0.887484307,-3.7
0.894699626,-3.42
0.901914946,-3.2
0.909130265,-2.97
0.916345585,-2.75
0.923560905,-2.41
0.930776224,-2.19
0.937991544,-1.91
0.945206863,-1.62
0.952422183,-1.4
0.959637502,-1.18
0.966852822,-0.89
0.974068141,-0.73
0.981283461,-0.44
0.988498781,-0.22
0.9957141,0
1.00292942,0.16
1.010144739,0.39
1.017360059,0.5
1.024575378,0.67
1.031790698,0.84
1.039006018,1.06
1.046221337,1.18
1.053436657,1.4
1.060651976,1.68
1.067867296,2.02
1.075082615,2.3
1.082297935,2.64
1.089513255,2.97
1.096728574,3.31
1.103943894,3.65
1.111159213,3.99
1.118374533,4.27
1.125589852,4.55
1.132805172,4.72
1.140020492,4.88
1.147235811,5.05
1.154451131,5.28
1.16166645,5.39
1.16888177,5.56
1.176097089,5.67
1.183312409,5.84
1.190527728,5.95
1.197743048,6.12
1.204958368,6.23
1.212173687,6.4
1.219389007,6.57
1.226604326,6.74
1.233819646,6.96
1.241034965,7.19
1.248250285,7.36
1.255465605,7.58
1.262680924,7.75
1.269896244,8.03
1.277111563,8.2
1.284326883,8.48
1.291542202,8.65
1.298757522,8.87
1.305972842,9.1
1.313188161,9.32
1.320403481,9.55
1.3276188,9.77
1.33483412,10.05
1.342049439,10.34
1.349264759,10.62
1.356480079,10.84
1.363695398,11.18
1.370910718,11.46
1.378126037,11.8
1.385341357,12.08
1.392556676,12.36
1.399771996,12.58
1.406987315,12.86
1.414202635,13.09
1.421417955,13.31
1.428633274,13.6
1.435848594,13.82
1.443063913,14.05
1.450279233,14.33
1.457494552,14.66
1.464709872,14.89
1.471925192,15.23
1.479140511,15.51
1.486355831,15.84
1.49357115,16.18
1.50078647,16.46
1.508001789,16.8
1.515217109,17.14
1.522432429,17.42
1.529647748,17.7
1.536863068,17.98
1.544078387,18.15
1.551293707,18.37
1.558509026,18.48
1.565724346,18.6
1.572939665,18.65
1.580154985,18.65
1.587370305,18.71
1.594585624,18.77
1.601800944,18.82
1.609016263,18.93
1.616231583,19.05
1.623446902,19.22
1.630662222,19.33
1.637877542,19.55
1.645092861,19.78
1.652308181,19.95
1.6595235,20.06
1.66673882,20.23
1.673954139,20.28
1.681169459,20.34
1.688384779,20.4
1.695600098,20.4
1.702815418,20.45
1.710030737,20.51
1.717246057,20.68
1.724461376,20.96
1.731676696,21.24
1.738892016,21.58
1.746107335,21.91
1.753322655,22.25
1.760537974,22.59
1.767753294,22.87
1.774968613,23.15
1.782183933,23.32
1.789399252,23.49
1.796614572,23.6
1.803829892,23.71
1.811045211,23.77
1.818260531,23.88
1.82547585,23.94
1.83269117,24.05
1.839906489,24.16
1.847121809,24.33
1.854337129,24.55
1.861552448,24.78
1.868767768,25
1.875983087,25.17
1.883198407,25.34
1.890413726,25.51
1.897629046,25.51
1.904844366,25.57
1.912059685,25.51
1.919275005,25.4
1.926490324,25.34
1.933705644,25.29
1.940920963,25.29
1.948136283,25.29
1.955351603,25.4
1.962566922,25.62
1.969782242,25.79
1.976997561,25.96
1.984212881,26.24
1.9914282,26.47
1.99864352,26.63
2.005858839,26.8
2.013074159,26.91
2.020289479,26.97
2.027504798,27.03
2.034720118,27.03
2.041935437,27.03
2.049150757,26.97
2.056366076,26.91
2.063581396,26.91
2.070796716,26.91
2.078012035,26.91
2.085227355,27.03
2.092442674,27.14
2.099657994,27.25
2.106873313,27.36
2.114088633,27.48
2.121303953,27.59
2.128519272,27.7
2.135734592,27.76
2.142949911,27.81
2.150165231,27.93
2.15738055,27.98
2.16459587,28.04
2.17181119,28.1
2.179026509,28.15
2.186241829,28.21
2.193457148,28.26
2.200672468,28.26
2.207887787,28.32
2.215103107,28.32
2.222318426,28.32
2.229533746,28.38
2.236749066,28.38
2.243964385,28.38
2.251179705,28.32
2.258395024,28.26
2.265610344,28.15
2.272825663,28.04
2.280040983,27.87
2.287256303,27.76
2.294471622,27.59
2.301686942,27.48
2.308902261,27.42
2.316117581,27.42
2.3233329,27.48
2.33054822,27.53
2.33776354,27.59
2.344978859,27.59
2.352194179,27.59
2.359409498,27.59
2.366624818,27.53
2.373840137,27.42
2.381055457,27.2
2.388270777,27.08
2.395486096,26.91
2.402701416,26.8
2.409916735,26.63
2.417132055,26.58
2.424347374,26.58
2.431562694,26.58
2.438778013,26.58
2.445993333,26.63
2.453208653,26.69
2.460423972,26.63
2.467639292,26.52
2.474854611,26.41
2.482069931,26.18
2.48928525,25.9
2.49650057,25.62
2.50371589,25.29
2.510931209,25.06
2.518146529,24.78
2.525361848,24.55
2.532577168,24.39
2.539792487,24.22
2.547007807,24.05
2.554223127,23.94
2.561438446,23.82
2.568653766,23.71
2.575869085,23.66
2.583084405,23.49
2.590299724,23.37
2.597515044,23.21
2.604730364,22.98
2.611945683,22.81
2.619161003,22.59
2.626376322,22.36
2.633591642,22.14
2.640806961,21.91
2.648022281,21.74
2.6552376,21.58
2.66245292,21.46
2.66966824,21.35
2.676883559,21.24
2.684098879,21.18
2.691314198,21.07
2.698529518,20.96
2.705744837,20.85
2.712960157,20.79
2.720175477,20.68
2.727390796,20.56
2.734606116,20.56
2.741821435,20.51
2.749036755,20.45
2.756252074,20.4
2.763467394,20.28
2.770682714,20.23
2.777898033,20
2.785113353,19.89
2.792328672,19.67
2.799543992,19.5
2.806759311,19.27
2.813974631,19.16
2.821189951,18.93
2.82840527,18.82
2.83562059,18.65
2.842835909,18.54
2.850051229,18.32
2.857266548,18.09
2.864481868,17.81
2.871697187,17.59
2.878912507,17.25
2.886127827,16.91
2.893343146,16.63
2.900558466,16.29
2.907773785,16.01
2.914989105,15.67
2.922204424,15.45
2.929419744,15.11
2.936635064,14.94
2.943850383,14.78
2.951065703,14.61
2.958281022,14.49
2.965496342,14.44
2.972711661,14.44
2.979926981,14.38
2.987142301,14.33
2.99435762,14.33
3.00157294,14.27
3.008788259,14.16
3.016003579,14.05
3.023218898,13.93
3.030434218,13.82
3.037649537,13.71
3.044864857,13.6
3.052080177,13.48
3.059295496,13.37
3.066510816,13.31
3.073726135,13.2
3.080941455,13.09
3.088156774,12.98
3.095372094,12.81
3.102587414,12.58
3.109802733,12.42
3.117018053,12.25
3.124233372,12.13
3.131448692,11.97
3.138664011,11.85
3.145879331,11.8
3.153094651,11.74
3.16030997,11.68
3.16752529,11.68
3.174740609,11.74
3.181955929,11.8
3.189171248,11.8
3.196386568,11.91
3.203601888,11.85
3.210817207,11.91
3.218032527,11.91
3.225247846,11.91
3.232463166,11.8
3.239678485,11.68
3.246893805,11.57
3.254109124,11.4
3.261324444,11.24
3.268539764,11.01
3.275755083,10.79
3.282970403,10.56
3.290185722,10.34
3.297401042,10.17
3.304616361,10.05
3.311831681,10
3.319047001,10.05
3.32626232,10
3.33347764,10.05
3.340692959,10.05
3.347908279,10.05
3.355123598,10.05
3.362338918,10
3.369554238,10
3.376769557,10
3.383984877,10
3.391200196,10
3.398415516,10
3.405630835,10
3.412846155,9.89
3.420061475,9.89
3.427276794,9.83
3.434492114,9.77
3.441707433,9.72
3.448922753,9.72
3.456138072,9.72
3.463353392,9.77
3.470568711,9.94
3.477784031,10
3.484999351,10.17
3.49221467,10.22
3.49942999,10.28
3.506645309,10.28
3.513860629,10.22
3.521075948,10.11
3.528291268,9.94
3.535506588,9.72
3.542721907,9.55
3.549937227,9.38
3.557152546,9.21
3.564367866,9.1
3.571583185,9.04
3.578798505,8.99
3.586013825,8.99
3.593229144,8.87
3.600444464,8.87
3.607659783,8.82
3.614875103,8.82
3.622090422,8.82
3.629305742,8.76
3.636521062,8.82
3.643736381,8.87
3.650951701,8.99
3.65816702,9.16
3.66538234,9.32
3.672597659,9.49
3.679812979,9.66
3.687028298,9.89
3.694243618,10
3.701458938,10.17
3.708674257,10.28
3.715889577,10.39
3.723104896,10.39
3.730320216,10.34
3.737535535,10.22
3.744750855,10.05
3.751966175,9.94
3.759181494,9.72
3.766396814,9.55
3.773612133,9.38
3.780827453,9.32
3.788042772,9.21
3.795258092,9.27
3.802473412,9.38
3.809688731,9.61
3.816904051,9.89
3.82411937,10.17
3.83133469,10.62
3.838550009,11.01
3.845765329,11.4
3.852980649,11.8
3.860195968,12.13
3.867411288,12.47
3.874626607,12.75
3.881841927,12.98
3.889057246,13.15
3.896272566,13.31
3.903487885,13.48
3.910703205,13.6
3.917918525,13.76
3.925133844,13.82
3.932349164,13.93
3.939564483,13.99
3.946779803,14.05
3.953995122,14.1
3.961210442,14.21
3.968425762,14.27
3.975641081,14.33
3.982856401,14.38
3.99007172,14.38
3.99728704,14.44
4.004502359,14.44
4.011717679,14.44
4.018932999,14.38
4.026148318,14.33
4.033363638,14.33
4.040578957,14.27
4.047794277,14.27
4.055009596,14.38
4.062224916,14.49
4.069440236,14.61
4.076655555,14.72
4.083870875,14.94
4.091086194,15.11
4.098301514,15.34
4.105516833,15.45
4.112732153,15.62
4.119947472,15.79
4.127162792,15.96
4.134378112,16.07
4.141593431,16.24
4.148808751,16.41
4.15602407,16.63
4.16323939,16.86
4.170454709,17.08
4.177670029,17.36
4.184885349,17.64
4.192100668,17.81
4.199315988,17.98
4.206531307,18.2
4.213746627,18.37
4.220961946,18.48
4.228177266,18.6
4.235392586,18.6
4.242607905,18.6
4.249823225,18.54
4.257038544,18.54
4.264253864,18.43
4.271469183,18.32
4.278684503,18.26
4.285899823,18.2
4.293115142,18.15
4.300330462,18.15
4.307545781,18.15
4.314761101,18.15
4.32197642,18.26
4.32919174,18.32
4.336407059,18.48
4.343622379,18.71
4.350837699,18.93
4.358053018,19.16
4.365268338,19.5
4.372483657,19.78
4.379698977,20.06
4.386914296,20.34
4.394129616,20.51
4.401344936,20.73
4.408560255,20.85
4.415775575,20.96
4.422990894,21.01
4.430206214,21.13
4.437421533,21.18
4.444636853,21.29
4.451852173,21.46
4.459067492,21.63
4.466282812,21.8
4.473498131,22.03
4.480713451,22.31
4.48792877,22.53
4.49514409,22.76
4.502359409,22.92
4.509574729,23.15
4.516790049,23.32
4.524005368,23.49
4.531220688,23.71
4.538436007,23.88
4.545651327,24.05
4.552866646,24.22
4.560081966,24.39
4.567297286,24.55
4.574512605,24.61
4.581727925,24.72
4.588943244,24.84
4.596158564,25
4.603373883,25.12
4.610589203,25.34
4.617804523,25.51
4.625019842,25.73
4.632235162,25.96
4.639450481,26.18
4.646665801,26.41
4.65388112,26.69
4.66109644,26.97
4.66831176,27.25
4.675527079,27.53
4.682742399,27.81
4.689957718,28.1
4.697173038,28.43
4.704388357,28.66
4.711603677,28.77
4.718818996,28.94
4.726034316,29.11
4.733249636,29.16
4.740464955,29.33
4.747680275,29.5
4.754895594,29.72
4.762110914,30.01
4.769326233,30.34
4.776541553,30.74
4.783756873,31.19
4.790972192,31.64
4.798187512,32.09
4.805402831,32.48
4.812618151,32.87
4.81983347,33.21
4.82704879,33.55
4.83426411,33.72
4.841479429,33.94
4.848694749,34.05
4.855910068,34.16
4.863125388,34.28
4.870340707,34.39
4.877556027,34.56
4.884771347,34.73
4.891986666,34.9
4.899201986,35.12
4.906417305,35.29
4.913632625,35.51
4.920847944,35.74
4.928063264,35.91
4.935278583,36.08
4.942493903,36.3
4.949709223,36.47
4.956924542,36.69
4.964139862,36.86
4.971355181,37.09
4.978570501,37.31
4.98578582,37.54
4.99300114,37.76
5.00021646,37.87
5.007431779,38.04
5.014647099,38.15
5.021862418,38.27
5.029077738,38.27
5.036293057,38.32
5.043508377,38.44
5.050723697,38.49
5.057939016,38.6
5.065154336,38.72
5.072369655,38.89
5.079584975,39
5.086800294,39.17
5.094015614,39.22
5.101230934,39.39
5.108446253,39.5
5.115661573,39.56
5.122876892,39.67
5.130092212,39.84
5.137307531,40.01
5.144522851,40.23
5.15173817,40.57
5.15895349,40.91
5.16616881,41.3
5.173384129,41.7
5.180599449,42.03
5.187814768,42.31
5.195030088,42.48
5.202245407,42.65
5.209460727,42.76
5.216676047,42.88
5.223891366,42.93
5.231106686,43.04
5.238322005,43.21
5.245537325,43.44
5.252752644,43.66
5.259967964,43.94
5.267183284,44.28
5.274398603,44.62
5.281613923,44.96
5.288829242,45.29
5.296044562,45.63
5.303259881,45.97
5.310475201,46.25
5.317690521,46.58
5.32490584,46.87
5.33212116,47.15
5.339336479,47.43
5.346551799,47.65
5.353767118,47.99
5.360982438,48.27
5.368197757,48.66
5.375413077,49
5.382628397,49.34
5.389843716,49.68
5.397059036,50.01
5.404274355,50.29
5.411489675,50.52
5.418704994,50.8
5.425920314,50.97
5.433135634,51.19
5.440350953,51.36
5.447566273,51.53
5.454781592,51.76
5.461996912,51.98
5.469212231,52.2
5.476427551,52.49
5.483642871,52.77
5.49085819,53.1
5.49807351,53.44
5.505288829,53.78
5.512504149,54.17
5.519719468,54.68
5.526934788,55.18
5.534150108,55.63
5.541365427,56.14
5.548580747,56.59
5.555796066,57.09
5.563011386,57.49
5.570226705,57.88
5.577442025,58.22
5.584657344,58.56
5.591872664,58.89
5.599087984,59.29
5.606303303,59.62
5.613518623,59.96
5.620733942,60.24
5.627949262,60.58
5.635164581,60.86
5.642379901,61.14
5.649595221,61.31
5.65681054,61.53
5.66402586,61.82
5.671241179,62.04
5.678456499,62.38
5.685671818,62.71
5.692887138,63.16
5.700102458,63.73
5.707317777,64.23
5.714533097,64.79
5.721748416,65.3
5.728963736,65.75
5.736179055,66.25
5.743394375,66.65
5.750609695,66.99
5.757825014,67.38
5.765040334,67.6
5.772255653,67.88
5.779470973,68.11
5.786686292,68.39
5.793901612,68.62
5.801116931,68.9
5.808332251,69.12
5.815547571,69.4
5.82276289,69.74
5.82997821,70.08
5.837193529,70.41
5.844408849,70.81
5.851624168,71.14
5.858839488,71.43
5.866054808,71.71
5.873270127,71.99
5.880485447,72.27
5.887700766,72.44
5.894916086,72.72
5.902131405,73
5.909346725,73.34
5.916562045,73.67
5.923777364,74.01
5.930992684,74.46
5.938208003,74.85
5.945423323,75.25
5.952638642,75.64
5.959853962,75.92
5.967069281,76.26
5.974284601,76.6
5.981499921,76.82
5.98871524,77.1
5.99593056,77.27
6.003145879,77.55
6.010361199,77.78
6.017576518,78
6.024791838,78.23
6.032007158,78.51
6.039222477,78.73
6.046437797,78.96
6.053653116,79.29
6.060868436,79.57
6.068083755,79.91
6.075299075,80.19
6.082514395,80.53
6.089729714,80.81
6.096945034,81.09
6.104160353,81.43
6.111375673,81.65
6.118590992,81.93
6.125806312,82.22
6.133021632,82.44
6.140236951,82.72
6.147452271,83
6.15466759,83.34
6.16188291,83.62
6.169098229,83.85
6.176313549,84.07
6.183528868,84.35
6.190744188,84.58
6.197959508,84.74
6.205174827,84.97
6.212390147,85.14
6.219605466,85.31
6.226820786,85.48
6.234036105,85.59
6.241251425,85.64
6.248466745,85.76
6.255682064,85.87
6.262897384,85.92
6.270112703,86.04
6.277328023,86.15
6.284543342,86.21
6.291758662,86.32
6.298973982,86.43
6.306189301,86.66
6.313404621,86.82
6.32061994,87.05
6.32783526,87.27
6.335050579,87.44
6.342265899,87.67
6.349481219,87.84
6.356696538,87.95
6.363911858,88
6.371127177,88.06
6.378342497,88.06
6.385557816,88
6.392773136,87.95
6.399988455,87.84
6.407203775,87.72
6.414419095,87.67
6.421634414,87.55
6.428849734,87.5
6.436065053,87.44
6.443280373,87.39
6.450495692,87.39
6.457711012,87.33
6.464926332,87.22
6.472141651,87.11
6.479356971,86.94
6.48657229,86.77
6.49378761,86.49
6.501002929,86.26
6.508218249,86.09
6.515433569,85.92
6.522648888,85.87
6.529864208,85.81
6.537079527,85.81
6.544294847,85.92
6.551510166,86.04
6.558725486,86.21
6.565940806,86.43
6.573156125,86.66
6.580371445,86.77
6.587586764,86.99
6.594802084,87.11
6.602017403,87.16
6.609232723,87.16
6.616448042,87.16
6.623663362,87.16
6.630878682,87.05
6.638094001,86.94
6.645309321,86.82
6.65252464,86.6
6.65973996,86.49
6.666955279,86.32
6.674170599,86.15
6.681385919,85.92
6.688601238,85.7
6.695816558,85.48
6.703031877,85.25
6.710247197,84.97
6.717462516,84.74
6.724677836,84.52
6.731893156,84.24
6.739108475,84.13
6.746323795,84.07
6.753539114,83.96
6.760754434,84.07
6.767969753,84.13
6.775185073,84.3
6.782400393,84.41
6.789615712,84.46
6.796831032,84.52
6.804046351,84.46
6.811261671,84.46
6.81847699,84.35
6.82569231,84.24
6.832907629,84.18
6.840122949,84.18
6.847338269,84.24
6.854553588,84.3
6.861768908,84.35
6.868984227,84.46
6.876199547,84.52
6.883414866,84.52
6.890630186,84.46
6.897845506,84.41
6.905060825,84.24
6.912276145,84.13
6.919491464,84.07
6.926706784,83.96
6.933922103,83.9
6.941137423,83.9
6.948352743,83.96
6.955568062,83.96
6.962783382,84.01
6.969998701,84.01
6.977214021,84.07
6.98442934,84.07
6.99164466,84.07
6.99885998,84.13
7.006075299,84.07
7.013290619,84.07
7.020505938,84.07
7.027721258,84.01
7.034936577,84.07
7.042151897,84.01
7.049367216,84.01
7.056582536,84.01
7.063797856,83.96
7.071013175,83.96
7.078228495,83.96
7.085443814,84.01
7.092659134,84.07
7.099874453,84.07
7.107089773,84.13
7.114305093,84.24
7.121520412,84.3
7.128735732,84.41
7.135951051,84.52
7.143166371,84.63
7.15038169,84.74
7.15759701,84.8
7.16481233,84.91
7.172027649,84.97
7.179242969,84.97
7.186458288,84.97
7.193673608,84.97
7.200888927,85.03
7.208104247,85.08
7.215319567,85.08
7.222534886,85.19
7.229750206,85.31
7.236965525,85.42
7.244180845,85.64
7.251396164,85.81
7.258611484,85.98
7.265826803,86.21
7.273042123,86.43
7.280257443,86.6
7.287472762,86.88
7.294688082,87.05
7.301903401,87.22
7.309118721,87.44
7.31633404,87.61
7.32354936,87.84
7.33076468,87.95
7.337979999,88.12
7.345195319,88.23
7.352410638,88.29
7.359625958,88.4
7.366841277,88.51
7.374056597,88.62
7.381271917,88.73
7.388487236,88.96
7.395702556,89.18
7.402917875,89.47
7.410133195,89.86
7.417348514,90.25
7.424563834,90.7
7.431779153,91.21
7.438994473,91.66
7.446209793,92.11
7.453425112,92.5
7.460640432,92.84
7.467855751,93.12
7.475071071,93.34
7.48228639,93.51
7.48950171,93.74
7.49671703,93.85
7.503932349,94.02
7.511147669,94.24
7.518362988,94.52
7.525578308,94.86
7.532793627,95.25
7.540008947,95.7
7.547224267,96.21
7.554439586,96.72
7.561654906,97.22
7.568870225,97.73
7.576085545,98.23
7.583300864,98.74
7.590516184,99.13
7.597731504,99.53
7.604946823,99.97
7.612162143,100.42
7.619377462,100.82
7.626592782,101.32
7.633808101,101.89
7.641023421,102.45
7.64823874,103.12
7.65545406,103.8
7.66266938,104.47
7.669884699,105.15
7.677100019,105.88
7.684315338,106.49
7.691530658,107.11
7.698745977,107.79
7.705961297,108.29
7.713176617,108.85
7.720391936,109.42
7.727607256,109.87
7.734822575,110.32
7.742037895,110.65
7.749253214,110.99
7.756468534,111.27
7.763683854,111.55
7.770899173,111.78
7.778114493,112
7.785329812,112.34
7.792545132,112.73
7.799760451,113.24
7.806975771,113.86
7.814191091,114.59
7.82140641,115.37
7.82862173,116.22
7.835837049,117.12
7.843052369,117.96
7.850267688,118.69
7.857483008,119.48
7.864698327,120.09
7.871913647,120.6
7.879128967,121.16
7.886344286,121.61
7.893559606,122.06
7.900774925,122.51
7.907990245,122.96
7.915205564,123.47
7.922420884,123.97
7.929636204,124.48
7.936851523,125.1
7.944066843,125.66
7.951282162,126.39
7.958497482,127.01
7.965712801,127.74
7.972928121,128.47
7.980143441,129.14
7.98735876,129.82
7.99457408,130.44
8.001789399,131
8.009004719,131.45
8.016220038,131.9
8.023435358,132.23
8.030650678,132.51
8.037865997,132.8
8.045081317,133.02
8.052296636,133.3
8.059511956,133.64
8.066727275,133.98
8.073942595,134.31
8.081157914,134.71
8.088373234,135.16
8.095588554,135.55
8.102803873,135.94
8.110019193,136.39
8.117234512,136.84
8.124449832,137.18
8.131665151,137.63
8.138880471,138.08
8.146095791,138.53
8.15331111,138.92
8.16052643,139.43
8.167741749,139.88
8.174957069,140.33
8.182172388,140.78
8.189387708,141.17
8.196603028,141.56
8.203818347,141.9
8.211033667,142.12
8.218248986,142.35
8.225464306,142.46
8.232679625,142.57
8.239894945,142.63
8.247110265,142.63
8.254325584,142.69
8.261540904,142.74
8.268756223,142.8
8.275971543,142.86
8.283186862,142.91
8.290402182,142.97
8.297617501,142.97
8.304832821,142.97
8.312048141,142.91
8.31926346,142.91
8.32647878,142.86
8.333694099,142.8
8.340909419,142.74
8.348124738,142.69
8.355340058,142.69
8.362555378,142.57
8.369770697,142.52
8.376986017,142.46
8.384201336,142.35
8.391416656,142.24
8.398631975,142.12
8.405847295,142.01
8.413062615,141.84
8.420277934,141.68
8.427493254,141.56
8.434708573,141.39
8.441923893,141.23
8.449139212,141.06
8.456354532,140.83
8.463569852,140.61
8.470785171,140.44
8.478000491,140.27
8.48521581,140.21
8.49243113,140.1
8.499646449,140.1
8.506861769,140.1
8.514077088,140.16
8.521292408,140.1
8.528507728,140.05
8.535723047,139.99
8.542938367,139.82
8.550153686,139.6
8.557369006,139.43
8.564584325,139.2
8.571799645,138.92
8.579014965,138.7
8.586230284,138.47
8.593445604,138.19
8.600660923,137.91
8.607876243,137.63
8.615091562,137.35
8.622306882,137.07
8.629522202,136.73
8.636737521,136.45
8.643952841,136.11
8.65116816,135.83
8.65838348,135.55
8.665598799,135.21
8.672814119,134.93
8.680029439,134.65
8.687244758,134.43
8.694460078,134.09
8.701675397,133.92
8.708890717,133.81
8.716106036,133.69
8.723321356,133.64
8.730536675,133.64
8.737751995,133.69
8.744967315,133.75
8.752182634,133.75
8.759397954,133.75
8.766613273,133.75
8.773828593,133.69
8.781043912,133.53
8.788259232,133.41
8.795474552,133.25
8.802689871,133.02
8.809905191,132.8
8.81712051,132.51
8.82433583,132.29
8.831551149,132.12
8.838766469,131.9
8.845981789,131.78
8.853197108,131.62
8.860412428,131.39
8.867627747,131.28
8.874843067,131.17
8.882058386,131
8.889273706,130.94
8.896489025,130.83
8.903704345,130.72
8.910919665,130.66
8.918134984,130.6
8.925350304,130.55
8.932565623,130.44
8.939780943,130.38
8.946996262,130.21
8.954211582,130.1
8.961426902,129.99
8.968642221,129.87
8.975857541,129.76
8.98307286,129.7
8.99028818,129.76
8.997503499,129.82
9.004718819,130.04
9.011934139,130.21
9.019149458,130.55
9.026364778,130.77
9.033580097,131.05
9.040795417,131.33
9.048010736,131.56
9.055226056,131.84
9.062441376,132.01
9.069656695,132.23
9.076872015,132.46
9.084087334,132.68
9.091302654,132.85
9.098517973,133.02
9.105733293,133.13
9.112948612,133.3
9.120163932,133.41
9.127379252,133.53
9.134594571,133.69
9.141809891,133.86
9.14902521,134.14
9.15624053,134.48
9.163455849,134.93
9.170671169,135.49
9.177886489,136.11
9.185101808,136.79
9.192317128,137.52
9.199532447,138.3
9.206747767,139.15
9.213963086,139.99
9.221178406,140.89
9.228393726,141.84
9.235609045,142.86
9.242824365,143.92
9.250039684,145.05
9.257255004,146.34
9.264470323,147.58
9.271685643,148.93
9.278900963,150.39
9.286116282,151.85
9.293331602,153.36
9.300546921,155.05
9.307762241,156.85
9.31497756,158.7
9.32219288,160.73
9.329408199,162.86
9.336623519,165.17
9.343838839,167.53
9.351054158,170.06
9.358269478,172.64
9.365484797,175.4
9.372700117,178.32
9.379915436,181.35
9.387130756,184.61
9.394346076,188.1
9.401561395,191.75
9.408776715,195.57
9.415992034,199.62
9.423207354,203.83
9.430422673,208.27
9.437637993,212.88
9.444853313,217.6
9.452068632,222.6
9.459283952,227.83
9.466499271,233.23
9.473714591,238.9
9.48092991,244.86
9.48814523,251.1
9.49536055,257.62
9.502575869,264.42
9.509791189,271.61
9.517006508,279.14
9.524221828,287.01
9.531437147,295.27
9.538652467,303.87
9.545867786,312.92
9.553083106,322.41
9.560298426,332.31
9.567513745,342.65
9.574729065,353.55
9.581944384,364.9
9.589159704,376.82
9.596375023,389.24
9.603590343,402.33
9.610805663,415.99
9.618020982,430.15
9.625236302,444.93
9.632451621,460.16
9.639666941,475.9
9.64688226,492.19
9.65409758,509
9.6613129,526.31
9.668528219,544.29
9.675743539,562.84
9.682958858,582.11
9.690174178,602.12
9.697389497,622.8
9.704604817,644.33
9.711820137,666.7
9.719035456,689.91
9.726250776,713.9
9.733466095,738.86
9.740681415,764.65
9.747896734,791.35
9.755112054,818.89
9.762327373,847.43
9.769542693,876.88
9.776758013,907.29
9.783973332,938.82
9.791188652,971.41
9.798403971,1005.19
9.805619291,1040.2
9.81283461,1076.51
9.82004993,1114.05
9.82726525,1152.88
9.834480569,1193.06
9.841695889,1234.6
9.848911208,1277.48
9.856126528,1321.76
9.863341847,1367.51
9.870557167,1414.72
9.877772487,1463.44
9.884987806,1513.74
9.892203126,1565.67
9.899418445,1619.12
9.906633765,1674.19
9.913849084,1730.96
9.921064404,1789.29
9.928279724,1849.26
9.935495043,1910.96
9.942710363,1974.36
9.949925682,2039.55
9.957141002,2106.48
9.964356321,2175.33
9.971571641,2246.03
9.97878696,2318.81
9.98600228,2393.5
9.9932176,2470.27
10.00043292,2549
10.00764824,2629.93
10.01486356,2712.83
10.02207888,2797.86
10.0292942,2885.02
10.03650952,2974.32
10.04372484,3065.76
10.05094016,3159.56
10.05815548,3255.6
10.0653708,3354.01
10.07258611,3454.89
10.07980143,3558.13
10.08701675,3663.84
10.09423207,3772.08
10.10144739,3882.85
10.10866271,3996.15
10.11587803,4112.09
10.12309335,4230.62
10.13030867,4351.84
10.13752399,4475.82
10.14473931,4602.55
10.15195463,4732.09
10.15916995,4864.5
10.16638527,4999.72
10.17360059,5137.8
10.18081591,5278.58
10.18803123,5422.17
10.19524655,5568.4
10.20246187,5717.28
10.20967719,5868.79
10.21689251,6022.89
10.22410783,6179.69
10.23132315,6339.19
10.23853846,6501.44
10.24575378,6666.5
10.2529691,6834.42
10.26018442,7005.21
10.26739974,7178.93
10.27461506,7355.34
10.28183038,7534.67
10.2890457,7716.7
10.29626102,7901.6
10.30347634,8089.09
10.31069166,8279.38
10.31790698,8472.31
10.3251223,8667.95
10.33233762,8866.11
10.33955294,9066.85
10.34676826,9270.02
10.35398358,9475.65
10.3611989,9683.7
10.36841422,9894.12
10.37562954,10107.06
10.38284486,10322.42
10.39006018,10540.25
10.3972755,10760.55
10.40449081,10983.33
10.41170613,11208.52
10.41892145,11436.08
10.42613677,11665.71
10.43335209,11897.42
10.44056741,12130.99
10.44778273,12366.3
10.45499805,12603.29
10.46221337,12841.81
10.46942869,13081.89
10.47664401,13323.44
10.48385933,13566.39
10.49107465,13810.64
10.49828997,14056.01
10.50550529,14302.61
10.51272061,14550.18
10.51993593,14798.64
10.52715125,15048.11
10.53436657,15298.31
10.54158189,15549.3
10.54879721,15801.07
10.55601253,16053.41
10.56322785,16306.31
10.57044316,16559.61
10.57765848,16813.07
10.5848738,17066.59
10.59208912,17319.88
10.59930444,17572.78
10.60651976,17825.23
10.61373508,18077.06
10.6209504,18328.11
10.62816572,18578.37
10.63538104,18827.56
10.64259636,19075.68
10.64981168,19322.57
10.657027,19568.05
10.66424232,19812.01
10.67145764,20054.35
10.67867296,20295
10.68588828,20533.73
10.6931036,20770.62
10.70031892,21005.42
10.70753424,21238.09
10.71474956,21468.51
10.72196488,21696.51
10.7291802,21921.87
10.73639551,22144.48
10.74361083,22364.11
10.75082615,22580.59
10.75804147,22793.93
10.76525679,23003.72
10.77247211,23210.15
10.77968743,23412.92
10.78690275,23612.03
10.79411807,23807.33
10.80133339,23998.74
10.80854871,24186.11
10.81576403,24369.33
10.82297935,24548.21
10.83019467,24722.6
10.83740999,24892.44
10.84462531,25057.61
10.85184063,25217.95
10.85905595,25373.56
10.86627127,25524.35
10.87348659,25670.19
10.88070191,25811.14
10.88791723,25947.09
10.89513255,26077.98
10.90234786,26203.69
10.90956318,26324.08
10.9167785,26439.17
10.92399382,26548.82
10.93120914,26652.9
10.93842446,26751.36
10.94563978,26844.21
10.9528551,26931.43
10.96007042,27012.97
10.96728574,27088.73
10.97450106,27158.7
10.98171638,27222.88
10.9889317,27281.22
10.99614702,27333.65
11.00336234,27380.19
11.01057766,27420.87
11.01779298,27455.66
11.0250083,27484.49
11.03222362,27507.59
11.03943894,27524.79
11.04665426,27536.2
11.05386958,27541.76
11.0610849,27541.59
11.06830022,27535.69
11.07551553,27524.06
11.08273085,27506.64
11.08994617,27483.59
11.09716149,27454.88
11.10437681,27420.48
11.11159213,27380.58
11.11880745,27335.11
11.12602277,27284.31
11.13323809,27228.05
11.14045341,27166.63
11.14766873,27099.97
11.15488405,27028.2
11.16209937,26951.44
11.16931469,26869.78
11.17653001,26783.29
11.18374533,26692.07
11.19096065,26596.25
11.19817597,26495.82
11.20539129,26391.07
11.21260661,26281.93
11.21982193,26168.63
11.22703725,26051.22
11.23425257,25929.83
11.24146788,25804.62
11.2486832,25675.58
11.25589852,25542.78
11.26311384,25406.39
11.27032916,25266.39
11.27754448,25122.86
11.2847598,24975.84
11.29197512,24825.45
11.29919044,24671.8
11.30640576,24515
11.31362108,24355.16
11.3208364,24192.52
11.32805172,24027.01
11.33526704,23859.03
11.34248236,23688.58
11.34969768,23515.7
11.356913,23340.7
11.36412832,23163.5
11.37134364,22984.33
11.37855896,22803.2
11.38577428,22620.16
11.3929896,22435.43
11.40020492,22248.9
11.40742023,22060.74
11.41463555,21871.18
11.42185087,21680.1
11.42906619,21487.9
11.43628151,21294.62
11.44349683,21100.4
11.45071215,20905.38
11.45792747,20709.7
11.46514279,20513.28
11.47235811,20316.3
11.47957343,20118.75
11.48678875,19920.59
11.49400407,19721.92
11.50121939,19522.75
11.50843471,19323.35
11.51565003,19123.73
11.52286535,18924
11.53008067,18724.37
11.53729599,18524.98
11.54451131,18325.8
11.55172663,18127.02
11.55894195,17928.53
11.56615727,17730.53
11.57337258,17532.88
11.5805879,17335.67
11.58780322,17139.03
11.59501854,16942.95
11.60223386,16747.48
11.60944918,16552.81
11.6166645,16358.97
11.62387982,16166.21
11.63109514,15974.51
11.63831046,15783.99
11.64552578,15594.71
11.6527411,15406.78
11.65995642,15220.02
11.66717174,15034.62
11.67438706,14850.45
11.68160238,14667.52
11.6888177,14485.77
11.69603302,14305.31
11.70324834,14126.09
11.71046366,13948.16
11.71767898,13771.69
11.7248943,13596.74
11.73210962,13423.37
11.73932493,13251.56
11.74654025,13081.39
11.75375557,12912.79
11.76097089,12745.82
11.76818621,12580.31
11.77540153,12416.26
11.78261685,12253.73
11.78983217,12092.66
11.79704749,11933.05
11.80426281,11775.08
11.81147813,11618.73
11.81869345,11464.01
11.82590877,11311.09
11.83312409,11159.8
11.84033941,11010.42
11.84755473,10862.84
11.85477005,10717
11.86198537,10572.9
11.86920069,10430.49
11.87641601,10289.77
11.88363133,10150.61
11.89084665,10012.98
11.89806197,9876.75
11.90527728,9741.93
11.9124926,9608.45
11.91970792,9476.16
11.92692324,9345.16
11.93413856,9215.39
11.94135388,9086.69
11.9485692,8959.17
11.95578452,8832.72
11.96299984,8707.29
11.97021516,8582.75
11.97743048,8459.11
11.9846458,8336.14
11.99186112,8213.79
11.99907644,8091.95
12.00629176,7970.5
12.01350708,7849.22
12.0207224,7728.06
12.02793772,7606.78
12.03515304,7485.27
12.04236836,7363.26
12.04958368,7240.63
12.056799,7117.16
12.06401432,6992.62
12.07122963,6866.85
12.07844495,6739.44
12.08566027,6610.24
12.09287559,6478.9
12.10009091,6344.92
12.10730623,6207.96
12.11452155,6067.52
12.12173687,5923.08
12.12895219,5774.1
12.13616751,5620.22
12.14338283,5460.78
12.15059815,5295.38
12.15781347,5123.58
12.16502879,4944.81
12.17224411,4758.62
12.17945943,4564.45
12.18667475,4361.79
12.19389007,4150.03
12.20110539,3928.6
12.20832071,3696.94
12.21553603,3454.5
12.22275135,3200.81
12.22996667,2935.43
12.23718198,2658.09
12.2443973,2368.43
12.25161262,2066.36
12.25882794,1751.81
12.26604326,1424.95
12.27325858,1086.06
12.2804739,735.54
12.28768922,373.95
12.29490454,2.07
12.30211986,-379.18
12.30933518,-768.81
12.3165505,-1165.58
12.32376582,-1568.2
12.33098114,-1975.26
12.33819646,-2385.24
12.34541178,-2796.39
12.3526271,-3206.99
12.35984242,-3615.12
12.36705774,-4018.91
12.37427306,-4416.25
12.38148838,-4805.1
12.3887037,-5183.38
12.39591902,-5549.24
12.40313433,-5900.55
12.41034965,-6235.67
12.41756497,-6552.8
12.42478029,-6850.44
12.43199561,-7127.28
12.43921093,-7381.92
12.44642625,-7613.52
12.45364157,-7821.12
12.46085689,-8004.11
12.46807221,-8161.86
12.47528753,-8294.27
12.48250285,-8401.11
12.48971817,-8482.65
12.49693349,-8539.08
12.50414881,-8571
12.51136413,-8579.04
12.51857945,-8563.98
12.52579477,-8526.94
12.53301009,-8468.94
12.54022541,-8391.22
12.54744073,-8295.12
12.55465605,-8181.93
12.56187137,-8053.12
12.56908668,-7910.03
12.576302,-7754.25
12.58351732,-7587.11
12.59073264,-7410.08
12.59794796,-7224.56
12.60516328,-7031.96
12.6123786,-6833.47
12.61959392,-6630.41
12.62680924,-6423.88
12.63402456,-6214.87
12.64123988,-6004.46
12.6484552,-5793.48
12.65567052,-5582.85
12.66288584,-5373.22
12.67010116,-5165.45
12.67731648,-4960.15
12.6845318,-4757.83
12.69174712,-4559.11
12.69896244,-4364.32
12.70617776,-4173.91
12.71339308,-3988.06
12.7206084,-3806.93
12.72782372,-3630.74
12.73503903,-3459.5
12.74225435,-3293.37
12.74946967,-3132.36
12.75668499,-2976.4
12.76390031,-2825.62
12.77111563,-2680
12.77833095,-2539.39
12.78554627,-2403.78
12.79276159,-2273.17
12.79997691,-2147.23
12.80719223,-2026.06
12.81440755,-1909.45
12.82162287,-1797.27
12.82883819,-1689.48
12.83605351,-1586.02
12.84326883,-1486.65
12.85048415,-1391.39
12.85769947,-1300.13
12.86491479,-1212.79
12.87213011,-1129.22
12.87934543,-1049.25
12.88656075,-972.76
12.89377607,-899.64
12.90099138,-829.73
12.9082067,-762.97
12.91542202,-699.29
12.92263734,-638.54
12.92985266,-580.65
12.93706798,-525.69
12.9442833,-473.54
12.95149862,-424.19
12.95871394,-377.55
12.96592926,-333.6
12.97314458,-292.29
12.9803599,-253.51
12.98757522,-217.32
12.99479054,-183.6
13.00200586,-152.47
13.00922118,-123.64
13.0164365,-97.16
13.02365182,-73.06
13.03086714,-51.31
13.03808246,-31.92
13.04529778,-14.94
13.0525131,-0.39
13.05972842,11.68
13.06694373,21.18
13.07415905,28.1
13.08137437,32.37
13.08858969,33.88
13.09580501,32.7
13.10302033,28.77
13.11023565,21.97
13.11745097,12.36
13.12466629,-0.16
13.13188161,-15.84
13.13909693,-34.45
13.14631225,-56.31
13.15352757,-81.43
13.16074289,-109.75
13.16795821,-141.39
13.17517353,-176.35
13.18238885,-214.57
13.18960417,-256.04
13.19681949,-300.61
13.20403481,-348.38
13.21125013,-399.07
13.21846545,-452.57
13.22568077,-508.72
13.23289608,-567.22
13.2401114,-627.86
13.24732672,-690.3
13.25454204,-754.26
13.26175736,-819.22
13.26897268,-884.92
13.276188,-950.84
13.28340332,-1016.65
13.29061864,-1081.85
13.29783396,-1146.14
13.30504928,-1209.03
13.3122646,-1270.12
13.31947992,-1329.01
13.32669524,-1385.33
13.33391056,-1438.6
13.34112588,-1488.4
13.3483412,-1534.42
13.35555652,-1576.35
13.36277184,-1613.83
13.36998716,-1646.66
13.37720248,-1674.64
13.3844178,-1697.63
13.39163312,-1715.56
13.39884843,-1728.31
13.40606375,-1735.9
13.41327907,-1738.43
13.42049439,-1735.9
13.42770971,-1728.54
13.43492503,-1716.4
13.44214035,-1699.88
13.44935567,-1679.08
13.45657099,-1654.3
13.46378631,-1625.86
13.47100163,-1594.11
13.47821695,-1559.32
13.48543227,-1521.78
13.49264759,-1481.93
13.49986291,-1440.01
13.50707823,-1396.34
13.51429355,-1351.27
13.52150887,-1305.02
13.52872419,-1258.03
13.53593951,-1210.43
13.54315483,-1162.49
13.55037015,-1114.5
13.55758547,-1066.56
13.56480079,-1018.79
13.5720161,-971.47
13.57923142,-924.6
13.58644674,-878.23
13.59366206,-832.54
13.60087738,-787.64
13.6080927,-743.52
13.61530802,-700.36
13.62252334,-658.27
13.62973866,-617.18
13.63695398,-577.17
13.6441693,-538.33
13.65138462,-500.74
13.65859994,-464.26
13.66581526,-429.03
13.67303058,-394.91
13.6802459,-362.09
13.68746122,-330.39
13.69467654,-299.82
13.70189186,-270.43
13.70910718,-242.1
13.7163225,-214.9
13.72353782,-188.77
13.73075314,-163.65
13.73796845,-139.54
13.74518377,-116.33
13.75239909,-94.13
13.75961441,-72.83
13.76682973,-52.32
13.77404505,-32.65
13.78126037,-13.76
13.78847569,4.38
13.79569101,21.74
13.80290633,38.38
13.81012165,54.17
13.81733697,69.35
13.82455229,83.73
13.83176761,97.45
13.83898293,110.54
13.84619825,123.07
13.85341357,135.04
13.86062889,146.4
13.86784421,157.3
13.87505953,167.7
13.88227485,177.59
13.88949017,186.97
13.89670549,195.8
13.9039208,204.11
13.91113612,211.98
13.91835144,219.4
13.92556676,226.37
13.93278208,232.89
13.9399974,239.01
13.94721272,244.69
13.95442804,250.03
13.96164336,255.03
13.96885868,259.64
13.976074,263.85
13.98328932,267.73
13.99050464,271.27
13.99771996,274.48
14.00493528,277.4
14.0121506,279.93
14.01936592,282.23
14.02658124,284.2
14.03379656,285.88
14.04101188,287.18
14.0482272,288.13
14.05544252,288.81
14.06265784,289.14
14.06987315,289.14
14.07708847,288.81
14.08430379,288.13
14.09151911,287.12
14.09873443,285.72
14.10594975,283.97
14.11316507,281.78
14.12038039,279.14
14.12759571,276.05
14.13481103,272.51
14.14202635,268.35
14.14924167,263.69
14.15645699,258.4
14.16367231,252.45
14.17088763,245.87
14.17810295,238.51
14.18531827,230.3
14.19253359,221.31
14.19974891,211.48
14.20696423,200.63
14.21417955,188.83
14.22139487,176.07
14.22861019,162.19
14.2358255,147.13
14.24304082,130.88
14.25025614,113.24
14.25747146,94.24
14.26468678,73.67
14.2719021,51.47
14.27911742,27.59
14.28633274,1.96
14.29354806,-25.57
14.30076338,-55.01
14.3079787,-86.43
14.31519402,-119.98
14.32240934,-155.73
14.32962466,-193.77
14.33683998,-234.12
14.3440553,-277.06
14.35127062,-322.47
14.35848594,-370.47
14.36570126,-421.1
14.37291658,-474.44
14.3801319,-530.35
14.38734722,-588.91
14.39456254,-650.06
14.40177785,-713.74
14.40899317,-779.88
14.41620849,-848.45
14.42342381,-919.37
14.43063913,-992.49
14.43785445,-1067.63
14.44506977,-1144.68
14.45228509,-1223.58
14.45950041,-1304.06
14.46671573,-1385.89
14.47393105,-1468.73
14.48114637,-1552.35
14.48836169,-1636.48
14.49557701,-1720.73
14.50279233,-1804.69
14.51000765,-1887.92
14.51722297,-1970.2
14.52443829,-2050.9
14.53165361,-2129.81
14.53886893,-2206.46
14.54608425,-2280.48
14.55329957,-2351.52
14.56051489,-2419.24
14.5677302,-2483.3
14.57494552,-2543.49
14.58216084,-2599.47
14.58937616,-2650.89
14.59659148,-2697.65
14.6038068,-2739.46
14.61102212,-2776.16
14.61823744,-2807.52
14.62545276,-2833.43
14.63266808,-2853.83
14.6398834,-2868.67
14.64709872,-2877.94
14.65431404,-2881.54
14.66152936,-2879.63
14.66874468,-2872.26
14.67596,-2859.51
14.68317532,-2841.52
14.69039064,-2818.54
14.69760596,-2790.72
14.70482128,-2758.35
14.7120366,-2721.76
14.71925192,-2681.13
14.72646724,-2636.84
14.73368255,-2589.19
14.74089787,-2538.44
14.74811319,-2484.82
14.75532851,-2428.73
14.76254383,-2370.45
14.76975915,-2310.26
14.77697447,-2248.44
14.78418979,-2185.44
14.79140511,-2121.49
14.79862043,-2056.92
14.80583575,-1992.12
14.81305107,-1927.32
14.82026639,-1862.8
14.82748171,-1798.9
14.83469703,-1735.84
14.84191235,-1673.91
14.84912767,-1613.22
14.85634299,-1554.09
14.86355831,-1496.71
14.87077363,-1441.3
14.87798895,-1387.91
14.88520427,-1336.77
14.89241959,-1287.93
14.8996349,-1241.51
14.90685022,-1197.56
14.91406554,-1156.2
14.92128086,-1117.42
14.92849618,-1081.17
14.9357115,-1047.62
14.94292682,-1016.54
14.95014214,-988.1
14.95735746,-962.08
14.96457278,-938.54
14.9717881,-917.35
14.97900342,-898.58
14.98621874,-881.94
14.99343406,-867.5
15.00064938,-855.13
15.0078647,-844.68
15.01508002,-836.08
15.02229534,-829.34
15.02951066,-824.06
15.03672598,-820.35
15.0439413,-817.93
15.05115662,-816.69
15.05837194,-816.47
15.06558725,-817.2
15.07280257,-818.66
15.08001789,-820.63
15.08723321,-822.99
15.09444853,-825.69
15.10166385,-828.44
15.10887917,-831.25
15.11609449,-833.78
15.12330981,-836.14
15.13052513,-837.99
15.13774045,-839.29
15.14495577,-840.02
15.15217109,-839.96
15.15938641,-839
15.16660173,-837.21
15.17381705,-834.4
15.18103237,-830.69
15.18824769,-825.91
15.19546301,-820.18
15.20267833,-813.38
15.20989365,-805.51
15.21710897,-796.52
15.22432429,-786.46
15.2315396,-775.27
15.23875492,-763.02
15.24597024,-749.65
15.25318556,-735.32
15.26040088,-719.86
15.2676162,-703.51
15.27483152,-686.31
15.28204684,-668.21
15.28926216,-649.44
15.29647748,-630.05
15.3036928,-610.05
15.31090812,-589.48
15.31812344,-568.46
15.32533876,-547.05
15.33255408,-525.24
15.3397694,-503.15
15.34698472,-480.9
15.35420004,-458.42
15.36141536,-435.83
15.36863068,-413.18
15.375846,-390.7
15.38306132,-368.16
15.39027664,-345.85
15.39749195,-323.71
15.40470727,-301.85
15.41192259,-280.21
15.41913791,-258.85
15.42635323,-237.78
15.43356855,-217.04
15.44078387,-196.64
15.44799919,-176.74
15.45521451,-157.13
15.46242983,-138.02
15.46964515,-119.42
15.47686047,-101.32
15.48407579,-83.68
15.49129111,-66.65
15.49850643,-50.13
15.50572175,-34.22
15.51293707,-18.82
15.52015239,-3.99
15.52736771,10.34
15.53458303,24.16
15.54179835,37.48
15.54901367,50.24
15.55622899,62.49
15.5634443,74.24
15.57065962,85.53
15.57787494,96.38
15.58509026,106.66
15.59230558,116.5
15.5995209,125.94
15.60673622,134.88
15.61395154,143.47
15.62116686,151.62
15.62838218,159.38
15.6355975,166.85
15.64281282,173.88
15.65002814,180.62
15.65724346,187.08
15.66445878,193.21
15.6716741,199.11
15.67888942,204.73
15.68610474,210.07
15.69332006,215.07
15.70053538,219.79
15.7077507,224.29
15.71496602,228.45
15.72218134,232.33
15.72939665,235.98
15.73661197,239.41
15.74382729,242.61
15.75104261,245.59
15.75825793,248.4
15.76547325,250.98
15.77268857,253.51
15.77990389,255.82
15.78711921,258.01
15.79433453,260.09
15.80154985,262.11
15.80876517,263.97
15.81598049,265.88
15.82319581,267.68
15.83041113,269.47
15.83762645,271.22
15.84484177,272.85
15.85205709,274.42
15.85927241,275.77
15.86648773,277.06
15.87370305,278.13
15.88091837,279.08
15.88813369,279.98
15.89534901,280.77
15.90256432,281.5
15.90977964,282.12
15.91699496,282.74
15.92421028,283.36
15.9314256,283.92
15.93864092,284.48
15.94585624,284.99
15.95307156,285.6
15.96028688,286.17
15.9675022,286.73
15.97471752,287.29
15.98193284,287.8
15.98914816,288.36
15.99636348,288.81
16.0035788,289.14
16.01079412,289.54
16.01800944,289.82
16.02522476,290.04
16.03244008,290.32
16.0396554,290.49
16.04687072,290.77
16.05408604,291
16.06130136,291.17
16.06851667,291.45
16.07573199,291.62
16.08294731,291.79
16.09016263,291.95
16.09737795,292.07
16.10459327,292.18
16.11180859,292.18
16.11902391,292.29
16.12623923,292.29
16.13345455,292.35
16.14066987,292.4
16.14788519,292.46
16.15510051,292.46
16.16231583,292.46
16.16953115,292.46
16.17674647,292.35
16.18396179,292.29
16.19117711,292.24
16.19839243,292.12
16.20560775,292.07
16.21282307,292.01
16.22003839,291.95
16.22725371,291.95
16.23446902,292.01
16.24168434,292.01
16.24889966,291.95
16.25611498,291.95
16.2633303,291.95
16.27054562,291.84
16.27776094,291.73
16.28497626,291.56
16.29219158,291.45
16.2994069,291.34
16.30662222,291.22
16.31383754,291.17
16.32105286,291.11
16.32826818,291.11
16.3354835,291.11
16.34269882,291.17
16.34991414,291.11
16.35712946,291.11
16.36434478,291.11
16.3715601,291.11
16.37877542,291.05
16.38599074,291.05
16.39320606,291
16.40042137,291
16.40763669,290.94
16.41485201,290.94
16.42206733,290.77
16.42928265,290.66
16.43649797,290.44
16.44371329,290.27
16.45092861,290.04
16.45814393,289.82
16.46535925,289.65
16.47257457,289.54
16.47978989,289.48
16.48700521,289.54
16.49422053,289.54
16.50143585,289.65
16.50865117,289.76
16.51586649,289.87
16.52308181,289.99
16.53029713,289.99
16.53751245,290.04
16.54472777,289.99
16.55194309,289.87
16.55915841,289.82
16.56637372,289.71
16.57358904,289.65
16.58080436,289.59
16.58801968,289.59
16.595235,289.54
16.60245032,289.59
16.60966564,289.59
16.61688096,289.59
16.62409628,289.59
16.6313116,289.65
16.63852692,289.65
16.64574224,289.59
16.65295756,289.65
16.66017288,289.65
16.6673882,289.65
16.67460352,289.71
16.68181884,289.71
16.68903416,289.76
16.69624948,289.76
16.7034648,289.76
16.71068012,289.76
16.71789544,289.65
16.72511076,289.54
16.73232607,289.43
16.73954139,289.26
16.74675671,289.14
16.75397203,288.98
16.76118735,288.92
16.76840267,288.92
16.77561799,288.98
16.78283331,288.98
16.79004863,289.09
16.79726395,289.2
16.80447927,289.31
16.81169459,289.54
16.81890991,289.65
16.82612523,289.82
16.83334055,290.04
16.84055587,290.21
16.84777119,290.38
16.85498651,290.49
16.86220183,290.61
16.86941715,290.72
16.87663247,290.72
16.88384779,290.72
16.89106311,290.72
16.89827842,290.66
16.90549374,290.66
16.91270906,290.66
16.91992438,290.72
16.9271397,290.77
16.93435502,290.83
16.94157034,290.89
16.94878566,291
16.95600098,291.11
16.9632163,291.22
16.97043162,291.34
16.97764694,291.5
16.98486226,291.67
16.99207758,291.9
16.9992929,292.01
17.00650822,292.12
17.01372354,292.29
17.02093886,292.29
17.02815418,292.29
17.0353695,292.24
17.04258482,292.12
17.04980014,292.01
17.05701546,291.79
17.06423077,291.5
17.07144609,291.28
17.07866141,291.11
17.08587673,290.94
17.09309205,290.77
17.10030737,290.77
17.10752269,290.83
17.11473801,291
17.12195333,291.17
17.12916865,291.45
17.13638397,291.79
17.14359929,292.12
17.15081461,292.52
17.15802993,292.91
17.16524525,293.19
17.17246057,293.47
17.17967589,293.75
17.18689121,293.86
17.19410653,294.03
17.20132185,294.15
17.20853717,294.26
17.21575249,294.31
17.22296781,294.37
17.23018312,294.48
17.23739844,294.54
17.24461376,294.6
17.25182908,294.65
17.2590444,294.71
17.26625972,294.71
17.27347504,294.76
17.28069036,294.76
17.28790568,294.71
17.295121,294.76
17.30233632,294.71
17.30955164,294.71
17.31676696,294.76
17.32398228,294.71
17.3311976,294.71
17.33841292,294.65
17.34562824,294.71
17.35284356,294.76
17.36005888,294.88
17.3672742,294.99
17.37448952,295.1
17.38170484,295.33
17.38892016,295.49
17.39613547,295.61
17.40335079,295.72
17.41056611,295.78
17.41778143,295.72
17.42499675,295.72
17.43221207,295.66
17.43942739,295.55
17.44664271,295.49
17.45385803,295.38
17.46107335,295.27
17.46828867,295.1
17.47550399,295.05
17.48271931,294.99
17.48993463,294.93
17.49714995,294.82
17.50436527,294.76
17.51158059,294.71
17.51879591,294.65
17.52601123,294.6
17.53322655,294.43
17.54044187,294.37
17.54765719,294.26
17.55487251,294.09
17.56208782,293.98
17.56930314,293.86
17.57651846,293.7
17.58373378,293.53
17.5909491,293.36
17.59816442,293.13
17.60537974,292.91
17.61259506,292.68
17.61981038,292.46
17.6270257,292.24
17.63424102,292.07
17.64145634,291.95
17.64867166,291.84
17.65588698,291.84
17.6631023,291.84
17.67031762,291.84
17.67753294,291.84
17.68474826,291.84
17.69196358,291.84
17.6991789,291.79
17.70639422,291.67
17.71360954,291.56
17.72082486,291.39
17.72804017,291.17
17.73525549,291
17.74247081,290.66
17.74968613,290.49
17.75690145,290.21
17.76411677,290.04
17.77133209,289.87
17.77854741,289.82
17.78576273,289.76
17.79297805,289.71
17.80019337,289.76
17.80740869,289.71
17.81462401,289.71
17.82183933,289.71
17.82905465,289.65
17.83626997,289.54
17.84348529,289.37
17.85070061,289.2
17.85791593,289.09
17.86513125,288.86
17.87234657,288.69
17.87956189,288.53
17.88677721,288.41
17.89399252,288.3
17.90120784,288.24
17.90842316,288.19
17.91563848,288.08
17.9228538,287.91
17.93006912,287.74
17.93728444,287.51
17.94449976,287.23
17.95171508,286.9
17.9589304,286.5
17.96614572,286.11
17.97336104,285.77
17.98057636,285.43
17.98779168,285.1
17.995007,284.76
18.00222232,284.48
18.00943764,284.2
18.01665296,283.86
18.02386828,283.58
18.0310836,283.36
