0,14.1
0.00721532,14.21
0.014430639,14.27
0.021645959,14.38
0.028861278,14.61
0.036076598,14.78
0.043291917,15
0.050507237,15.17
0.057722557,15.34
0.064937876,15.28
0.072153196,15.11
0.079368515,14.61
0.086583835,13.71
0.093799154,12.58
0.101014474,11.07
0.108229793,9.38
0.115445113,7.58
0.122660433,5.84
0.129875752,4.38
0.137091072,3.09
0.144306391,2.36
0.151521711,1.96
0.15873703,1.96
0.16595235,2.36
0.17316767,2.97
0.180382989,3.87
0.187598309,4.77
0.194813628,5.78
0.202028948,6.8
0.209244267,7.81
0.216459587,8.87
0.223674907,9.89
0.230890226,10.9
0.238105546,11.91
0.245320865,12.81
0.252536185,13.76
0.259751504,14.55
0.266966824,15.28
0.274182144,15.9
0.281397463,16.46
0.288612783,16.97
0.295828102,17.42
0.303043422,17.81
0.310258741,18.26
0.317474061,18.6
0.32468938,19.05
0.3319047,19.5
0.33912002,20
0.346335339,20.45
0.353550659,20.96
0.360765978,21.46
0.367981298,21.91
0.375196617,22.42
0.382411937,22.81
0.389627257,23.21
0.396842576,23.49
0.404057896,23.77
0.411273215,23.99
0.418488535,24.16
0.425703854,24.33
0.432919174,24.44
0.440134494,24.55
0.447349813,24.61
0.454565133,24.72
0.461780452,24.72
0.468995772,24.72
0.476211091,24.61
0.483426411,24.5
0.490641731,24.22
0.49785705,23.94
0.50507237,23.66
0.512287689,23.43
0.519503009,23.15
0.526718328,22.98
0.533933648,22.81
0.541148967,22.7
0.548364287,22.7
0.555579607,22.76
0.562794926,22.92
0.570010246,23.09
0.577225565,23.32
0.584440885,23.66
0.591656204,24.05
0.598871524,24.44
0.606086844,24.95
0.613302163,25.4
0.620517483,25.96
0.627732802,26.58
0.634948122,27.25
0.642163441,27.93
0.649378761,28.6
0.656594081,29.33
0.6638094,30.06
0.67102472,30.74
0.678240039,31.35
0.685455359,31.97
0.692670678,32.53
0.699885998,33.04
0.707101318,33.55
0.714316637,34
0.721531957,34.45
0.728747276,34.9
0.735962596,35.29
0.743177915,35.74
0.750393235,36.24
0.757608554,36.69
0.764823874,37.2
0.772039194,37.65
0.779254513,38.1
0.786469833,38.6
0.793685152,39.05
0.800900472,39.56
0.808115791,40.07
0.815331111,40.57
0.822546431,41.08
0.82976175,41.58
0.83697707,42.2
0.844192389,42.76
0.851407709,43.44
0.858623028,44.06
0.865838348,44.62
0.873053668,45.24
0.880268987,45.91
0.887484307,46.53
0.894699626,47.2
0.901914946,47.77
0.909130265,48.44
0.916345585,49
0.923560905,49.56
0.930776224,50.13
0.937991544,50.69
0.945206863,51.19
0.952422183,51.81
0.959637502,52.32
0.966852822,52.94
0.974068141,53.5
0.981283461,54.12
0.988498781,54.73
0.9957141,55.3
1.00292942,55.86
1.010144739,56.48
1.017360059,56.98
1.024575378,57.54
1.031790698,58.11
1.039006018,58.72
1.046221337,59.29
1.053436657,59.9
1.060651976,60.47
1.067867296,61.03
1.075082615,61.65
1.082297935,62.21
1.089513255,62.71
1.096728574,63.16
1.103943894,63.61
1.111159213,63.95
1.118374533,64.34
1.125589852,64.63
1.132805172,64.96
1.140020492,65.3
1.147235811,65.58
1.154451131,66.03
1.16166645,66.42
1.16888177,66.93
1.176097089,67.44
1.183312409,68.05
1.190527728,68.67
1.197743048,69.29
1.204958368,69.96
1.212173687,70.53
1.219389007,71.14
1.226604326,71.71
1.233819646,72.27
1.241034965,72.77
1.248250285,73.28
1.255465605,73.84
1.262680924,74.35
1.269896244,74.91
1.277111563,75.42
1.284326883,75.92
1.291542202,76.31
1.298757522,76.76
1.305972842,77.27
1.313188161,77.78
1.320403481,78.28
1.3276188,78.9
1.33483412,79.52
1.342049439,80.25
1.349264759,80.98
1.356480079,81.65
1.363695398,82.33
1.370910718,82.95
1.378126037,83.51
1.385341357,83.96
1.392556676,84.41
1.399771996,84.8
1.406987315,85.19
1.414202635,85.53
1.421417955,85.92
1.428633274,86.32
1.435848594,86.71
1.443063913,87.11
1.450279233,87.5
1.457494552,87.84
1.464709872,88.17
1.471925192,88.45
1.479140511,88.73
1.486355831,89.07
1.49357115,89.41
1.50078647,89.69
1.508001789,90.08
1.515217109,90.42
1.522432429,90.81
1.529647748,91.15
1.536863068,91.49
1.544078387,91.88
1.551293707,92.28
1.558509026,92.61
1.565724346,93.01
1.572939665,93.4
1.580154985,93.85
1.587370305,94.3
1.594585624,94.75
1.601800944,95.25
1.609016263,95.65
1.616231583,96.04
1.623446902,96.43
1.630662222,96.83
1.637877542,97.16
1.645092861,97.45
1.652308181,97.78
1.6595235,98.06
1.66673882,98.4
1.673954139,98.68
1.681169459,99.02
1.688384779,99.36
1.695600098,99.81
1.702815418,100.2
1.710030737,100.71
1.717246057,101.21
1.724461376,101.77
1.731676696,102.39
1.738892016,103.01
1.746107335,103.57
1.753322655,104.19
1.760537974,104.7
1.767753294,105.2
1.774968613,105.65
1.782183933,106.04
1.789399252,106.44
1.796614572,106.78
1.803829892,107.17
1.811045211,107.56
1.818260531,107.96
1.82547585,108.4
1.83269117,108.91
1.839906489,109.47
1.847121809,110.09
1.854337129,110.77
1.861552448,111.5
1.868767768,112.23
1.875983087,113.01
1.883198407,113.8
1.890413726,114.59
1.897629046,115.32
1.904844366,115.99
1.912059685,116.61
1.919275005,117.12
1.926490324,117.62
1.933705644,118.02
1.940920963,118.35
1.948136283,118.63
1.955351603,118.97
1.962566922,119.36
1.969782242,119.7
1.976997561,120.21
1.984212881,120.77
1.9914282,121.39
1.99864352,122.01
2.005858839,122.85
2.013074159,123.58
2.020289479,124.42
2.027504798,125.15
2.034720118,125.88
2.041935437,126.61
2.049150757,127.29
2.056366076,127.85
2.063581396,128.3
2.070796716,128.64
2.078012035,129.03
2.085227355,129.26
2.092442674,129.48
2.099657994,129.7
2.106873313,129.93
2.114088633,130.27
2.121303953,130.6
2.128519272,130.94
2.135734592,131.28
2.142949911,131.67
2.150165231,131.9
2.15738055,132.23
2.16459587,132.46
2.17181119,132.68
2.179026509,132.91
2.186241829,133.19
2.193457148,133.41
2.200672468,133.69
2.207887787,134.03
2.215103107,134.31
2.222318426,134.65
2.229533746,134.99
2.236749066,135.32
2.243964385,135.66
2.251179705,136.06
2.258395024,136.45
2.265610344,136.84
2.272825663,137.29
2.280040983,137.74
2.287256303,138.08
2.294471622,138.47
2.301686942,138.87
2.308902261,139.2
2.316117581,139.43
2.3233329,139.65
2.33054822,139.82
2.33776354,139.99
2.344978859,140.16
2.352194179,140.27
2.359409498,140.38
2.366624818,140.55
2.373840137,140.66
2.381055457,140.89
2.388270777,141.06
2.395486096,141.28
2.402701416,141.51
2.409916735,141.62
2.417132055,141.73
2.424347374,141.84
2.431562694,141.96
2.438778013,141.9
2.445993333,141.96
2.453208653,142.01
2.460423972,142.12
2.467639292,142.18
2.474854611,142.35
2.482069931,142.57
2.48928525,142.8
2.49650057,143.02
2.50371589,143.19
2.510931209,143.31
2.518146529,143.47
2.525361848,143.53
2.532577168,143.53
2.539792487,143.47
2.547007807,143.53
2.554223127,143.53
2.561438446,143.59
2.568653766,143.59
2.575869085,143.59
2.583084405,143.64
2.590299724,143.64
2.597515044,143.64
2.604730364,143.7
2.611945683,143.64
2.619161003,143.7
2.626376322,143.7
2.633591642,143.64
2.640806961,143.7
2.648022281,143.64
2.6552376,143.59
2.66245292,143.59
2.66966824,143.53
2.676883559,143.47
2.684098879,143.42
2.691314198,143.42
2.698529518,143.36
2.705744837,143.25
2.712960157,143.19
2.720175477,143.08
2.727390796,142.97
2.734606116,142.86
2.741821435,142.74
2.749036755,142.63
2.756252074,142.46
2.763467394,142.46
2.770682714,142.41
2.777898033,142.41
2.785113353,142.41
2.792328672,142.52
2.799543992,142.57
2.806759311,142.63
2.813974631,142.63
2.821189951,142.57
2.82840527,142.46
2.83562059,142.35
2.842835909,142.18
2.850051229,141.96
2.857266548,141.68
2.864481868,141.34
2.871697187,141.06
2.878912507,140.72
2.886127827,140.44
2.893343146,140.16
2.900558466,139.99
2.907773785,139.71
2.914989105,139.54
2.922204424,139.37
2.929419744,139.26
2.936635064,139.09
2.943850383,138.87
2.951065703,138.58
2.958281022,138.3
2.965496342,138.08
2.972711661,137.85
2.979926981,137.57
2.987142301,137.4
2.99435762,137.18
3.00157294,136.95
3.008788259,136.84
3.016003579,136.67
3.023218898,136.5
3.030434218,136.39
3.037649537,136.28
3.044864857,136.17
3.052080177,136.06
3.059295496,135.89
3.066510816,135.77
3.073726135,135.55
3.080941455,135.32
3.088156774,135.04
3.095372094,134.76
3.102587414,134.48
3.109802733,134.26
3.117018053,134.03
3.124233372,133.92
3.131448692,133.81
3.138664011,133.69
3.145879331,133.64
3.153094651,133.53
3.16030997,133.36
3.16752529,133.19
3.174740609,132.91
3.181955929,132.57
3.189171248,132.29
3.196386568,131.95
3.203601888,131.62
3.210817207,131.39
3.218032527,131.11
3.225247846,130.94
3.232463166,130.77
3.239678485,130.66
3.246893805,130.55
3.254109124,130.38
3.261324444,130.27
3.268539764,130.15
3.275755083,129.99
3.282970403,129.82
3.290185722,129.7
3.297401042,129.59
3.304616361,129.48
3.311831681,129.37
3.319047001,129.31
3.32626232,129.26
3.33347764,129.14
3.340692959,129.09
3.347908279,129.03
3.355123598,128.97
3.362338918,128.86
3.369554238,128.75
3.376769557,128.58
3.383984877,128.41
3.391200196,128.19
3.398415516,127.96
3.405630835,127.79
3.412846155,127.57
3.420061475,127.4
3.427276794,127.29
3.434492114,127.18
3.441707433,127.06
3.448922753,127.01
3.456138072,126.89
3.463353392,126.84
3.470568711,126.67
3.477784031,126.56
3.484999351,126.39
3.49221467,126.16
3.49942999,125.94
3.506645309,125.77
3.513860629,125.66
3.521075948,125.49
3.528291268,125.43
3.535506588,125.32
3.542721907,125.26
3.549937227,125.15
3.557152546,125.04
3.564367866,124.87
3.571583185,124.7
3.578798505,124.48
3.586013825,124.31
3.593229144,124.08
3.600444464,123.97
3.607659783,123.86
3.614875103,123.8
3.622090422,123.75
3.629305742,123.75
3.636521062,123.75
3.643736381,123.8
3.650951701,123.8
3.65816702,123.86
3.66538234,123.92
3.672597659,123.86
3.679812979,123.75
3.687028298,123.64
3.694243618,123.52
3.701458938,123.35
3.708674257,123.19
3.715889577,123.07
3.723104896,122.9
3.730320216,122.79
3.737535535,122.79
3.744750855,122.74
3.751966175,122.68
3.759181494,122.74
3.766396814,122.74
3.773612133,122.85
3.780827453,122.9
3.788042772,123.02
3.795258092,123.07
3.802473412,123.19
3.809688731,123.13
3.816904051,123.13
3.82411937,122.96
3.83133469,122.85
3.838550009,122.62
3.845765329,122.4
3.852980649,122.23
3.860195968,122.06
3.867411288,121.95
3.874626607,121.89
3.881841927,121.84
3.889057246,121.84
3.896272566,121.84
3.903487885,121.84
3.910703205,121.84
3.917918525,121.84
3.925133844,121.84
3.932349164,121.84
3.939564483,121.89
3.946779803,121.95
3.953995122,122.01
3.961210442,122.12
3.968425762,122.34
3.975641081,122.51
3.982856401,122.68
3.99007172,122.79
3.99728704,122.9
4.004502359,122.96
4.011717679,122.96
4.018932999,123.02
4.026148318,122.96
4.033363638,122.96
4.040578957,122.96
4.047794277,122.96
4.055009596,122.96
4.062224916,123.02
4.069440236,123.07
4.076655555,123.07
4.083870875,123.19
4.091086194,123.19
4.098301514,123.19
4.105516833,123.24
4.112732153,123.19
4.119947472,123.24
4.127162792,123.19
4.134378112,123.19
4.141593431,123.19
4.148808751,123.13
4.15602407,123.19
4.16323939,123.24
4.170454709,123.3
4.177670029,123.41
4.184885349,123.64
4.192100668,123.8
4.199315988,124.03
4.206531307,124.25
4.213746627,124.53
4.220961946,124.76
4.228177266,124.98
4.235392586,125.15
4.242607905,125.32
4.249823225,125.49
4.257038544,125.55
4.264253864,125.6
4.271469183,125.66
4.278684503,125.66
4.285899823,125.71
4.293115142,125.71
4.300330462,125.71
4.307545781,125.71
4.314761101,125.66
4.32197642,125.55
4.32919174,125.43
4.336407059,125.26
4.343622379,125.1
4.350837699,124.98
4.358053018,124.76
4.365268338,124.59
4.372483657,124.42
4.379698977,124.31
4.386914296,124.14
4.394129616,124.08
4.401344936,123.92
4.408560255,123.75
4.415775575,123.58
4.422990894,123.41
4.430206214,123.24
4.437421533,123.13
4.444636853,123.02
4.451852173,122.9
4.459067492,122.79
4.466282812,122.74
4.473498131,122.68
4.480713451,122.68
4.48792877,122.68
4.49514409,122.62
4.502359409,122.45
4.509574729,122.34
4.516790049,122.12
4.524005368,121.84
4.531220688,121.5
4.538436007,121.22
4.545651327,120.83
4.552866646,120.43
4.560081966,120.09
4.567297286,119.81
4.574512605,119.53
4.581727925,119.25
4.588943244,119.08
4.596158564,118.97
4.603373883,118.8
4.610589203,118.75
4.617804523,118.75
4.625019842,118.75
4.632235162,118.75
4.639450481,118.75
4.646665801,118.75
4.65388112,118.75
4.66109644,118.69
4.66831176,118.58
4.675527079,118.46
4.682742399,118.41
4.689957718,118.3
4.697173038,118.18
4.704388357,118.13
4.711603677,118.07
4.718818996,118.02
4.726034316,117.96
4.733249636,117.85
4.740464955,117.79
4.747680275,117.62
4.754895594,117.45
4.762110914,117.28
4.769326233,117
4.776541553,116.83
4.783756873,116.55
4.790972192,116.33
4.798187512,116.05
4.805402831,115.88
4.812618151,115.65
4.81983347,115.49
4.82704879,115.37
4.83426411,115.26
4.841479429,115.15
4.848694749,115.04
4.855910068,114.92
4.863125388,114.81
4.870340707,114.7
4.877556027,114.59
4.884771347,114.36
4.891986666,114.19
4.899201986,113.91
4.906417305,113.63
4.913632625,113.29
4.920847944,112.96
4.928063264,112.62
4.935278583,112.23
4.942493903,111.89
4.949709223,111.55
4.956924542,111.27
4.964139862,110.99
4.971355181,110.77
4.978570501,110.6
4.98578582,110.43
4.99300114,110.26
5.00021646,110.09
5.007431779,109.87
5.014647099,109.64
5.021862418,109.42
5.029077738,109.14
5.036293057,108.8
5.043508377,108.4
5.050723697,108.01
5.057939016,107.62
5.065154336,107.11
5.072369655,106.66
5.079584975,106.1
5.086800294,105.59
5.094015614,105.09
5.101230934,104.58
5.108446253,104.08
5.115661573,103.68
5.122876892,103.23
5.130092212,102.9
5.137307531,102.62
5.144522851,102.34
5.15173817,102.05
5.15895349,101.77
5.16616881,101.49
5.173384129,101.16
5.180599449,100.87
5.187814768,100.48
5.195030088,100.09
5.202245407,99.75
5.209460727,99.41
5.216676047,99.02
5.223891366,98.74
5.231106686,98.46
5.238322005,98.18
5.245537325,97.9
5.252752644,97.67
5.259967964,97.39
5.267183284,97.16
5.274398603,96.88
5.281613923,96.6
5.288829242,96.38
5.296044562,96.1
5.303259881,95.82
5.310475201,95.54
5.317690521,95.31
5.32490584,95.03
5.33212116,94.8
5.339336479,94.52
5.346551799,94.24
5.353767118,93.91
5.360982438,93.57
5.368197757,93.17
5.375413077,92.67
5.382628397,92.05
5.389843716,91.49
5.397059036,90.81
5.404274355,90.14
5.411489675,89.47
5.418704994,88.85
5.425920314,88.34
5.433135634,87.89
5.440350953,87.5
5.447566273,87.22
5.454781592,86.99
5.461996912,86.82
5.469212231,86.66
5.476427551,86.43
5.483642871,86.21
5.49085819,85.92
5.49807351,85.64
5.505288829,85.36
5.512504149,85.03
5.519719468,84.69
5.526934788,84.3
5.534150108,83.96
5.541365427,83.68
5.548580747,83.34
5.555796066,83.11
5.563011386,82.83
5.570226705,82.61
5.577442025,82.33
5.584657344,82.05
5.591872664,81.77
5.599087984,81.49
5.606303303,81.15
5.613518623,80.87
5.620733942,80.53
5.627949262,80.19
5.635164581,79.86
5.642379901,79.46
5.649595221,79.12
5.65681054,78.68
5.66402586,78.23
5.671241179,77.72
5.678456499,77.27
5.685671818,76.76
5.692887138,76.2
5.700102458,75.7
5.707317777,75.19
5.714533097,74.57
5.721748416,74.07
5.728963736,73.56
5.736179055,73.06
5.743394375,72.61
5.750609695,72.21
5.757825014,71.87
5.765040334,71.54
5.772255653,71.2
5.779470973,70.92
5.786686292,70.69
5.793901612,70.36
5.801116931,70.08
5.808332251,69.8
5.815547571,69.51
5.82276289,69.29
5.82997821,68.95
5.837193529,68.73
5.844408849,68.45
5.851624168,68.17
5.858839488,67.88
5.866054808,67.6
5.873270127,67.27
5.880485447,66.87
5.887700766,66.54
5.894916086,66.2
5.902131405,65.97
5.909346725,65.69
5.916562045,65.47
5.923777364,65.36
5.930992684,65.24
5.938208003,65.07
5.945423323,64.96
5.952638642,64.79
5.959853962,64.63
5.967069281,64.4
5.974284601,64.18
5.981499921,64.01
5.98871524,63.78
5.99593056,63.61
6.003145879,63.39
6.010361199,63.33
6.017576518,63.22
6.024791838,63.22
6.032007158,63.16
6.039222477,63.11
6.046437797,63.05
6.053653116,62.94
6.060868436,62.83
6.068083755,62.71
6.075299075,62.49
6.082514395,62.32
6.089729714,62.1
6.096945034,61.87
6.104160353,61.65
6.111375673,61.42
6.118590992,61.25
6.125806312,60.92
6.133021632,60.69
6.140236951,60.47
6.147452271,60.19
6.15466759,59.96
6.16188291,59.74
6.169098229,59.51
6.176313549,59.34
6.183528868,59.12
6.190744188,58.84
6.197959508,58.56
6.205174827,58.33
6.212390147,58.05
6.219605466,57.77
6.226820786,57.49
6.234036105,57.32
6.241251425,57.15
6.248466745,56.98
6.255682064,56.81
6.262897384,56.64
6.270112703,56.48
6.277328023,56.31
6.284543342,56.14
6.291758662,55.97
6.298973982,55.8
6.306189301,55.63
6.313404621,55.52
6.32061994,55.46
6.32783526,55.41
6.335050579,55.3
6.342265899,55.18
6.349481219,55.07
6.356696538,54.9
6.363911858,54.79
6.371127177,54.62
6.378342497,54.51
6.385557816,54.4
6.392773136,54.17
6.399988455,54.06
6.407203775,53.95
6.414419095,53.72
6.421634414,53.5
6.428849734,53.33
6.436065053,53.1
6.443280373,52.82
6.450495692,52.6
6.457711012,52.43
6.464926332,52.32
6.472141651,52.26
6.479356971,52.26
6.48657229,52.26
6.49378761,52.37
6.501002929,52.49
6.508218249,52.6
6.515433569,52.71
6.522648888,52.82
6.529864208,52.88
6.537079527,52.94
6.544294847,52.99
6.551510166,52.99
6.558725486,52.99
6.565940806,52.94
6.573156125,52.94
6.580371445,52.88
6.587586764,52.88
6.594802084,52.88
6.602017403,52.94
6.609232723,52.99
6.616448042,53.16
6.623663362,53.22
6.630878682,53.39
6.638094001,53.5
6.645309321,53.55
6.65252464,53.67
6.65973996,53.78
6.666955279,53.83
6.674170599,53.89
6.681385919,53.95
6.688601238,54.06
6.695816558,54.17
6.703031877,54.28
6.710247197,54.57
6.717462516,54.79
6.724677836,55.07
6.731893156,55.41
6.739108475,55.8
6.746323795,56.2
6.753539114,56.53
6.760754434,56.87
6.767969753,57.09
6.775185073,57.32
6.782400393,57.49
6.789615712,57.66
6.796831032,57.82
6.804046351,58.05
6.811261671,58.33
6.81847699,58.72
6.82569231,59.12
6.832907629,59.51
6.840122949,60.02
6.847338269,60.52
6.854553588,61.08
6.861768908,61.59
6.868984227,62.04
6.876199547,62.6
6.883414866,63.22
6.890630186,63.84
6.897845506,64.51
6.905060825,65.3
6.912276145,66.03
6.919491464,66.87
6.926706784,67.66
6.933922103,68.56
6.941137423,69.35
6.948352743,70.13
6.955568062,70.98
6.962783382,71.82
6.969998701,72.66
6.977214021,73.56
6.98442934,74.52
6.99164466,75.58
6.99885998,76.65
7.006075299,77.83
7.013290619,79.07
7.020505938,80.42
7.027721258,81.71
7.034936577,83.11
7.042151897,84.69
7.049367216,86.21
7.056582536,87.78
7.063797856,89.41
7.071013175,91.04
7.078228495,92.73
7.085443814,94.47
7.092659134,96.21
7.099874453,97.95
7.107089773,99.86
7.114305093,101.72
7.121520412,103.74
7.128735732,105.76
7.135951051,107.9
7.143166371,110.03
7.15038169,112.17
7.15759701,114.42
7.16481233,116.72
7.172027649,119.03
7.179242969,121.39
7.186458288,123.86
7.193673608,126.39
7.200888927,128.97
7.208104247,131.62
7.215319567,134.43
7.222534886,137.29
7.229750206,140.27
7.236965525,143.36
7.244180845,146.51
7.251396164,149.71
7.258611484,153.03
7.265826803,156.34
7.273042123,159.77
7.280257443,163.26
7.287472762,166.8
7.294688082,170.39
7.301903401,174.1
7.309118721,177.87
7.31633404,181.75
7.32354936,185.85
7.33076468,189.95
7.337979999,194.28
7.345195319,198.77
7.352410638,203.38
7.359625958,208.05
7.366841277,212.82
7.374056597,217.66
7.381271917,222.49
7.388487236,227.38
7.395702556,232.33
7.402917875,237.27
7.410133195,242.33
7.417348514,247.5
7.424563834,252.84
7.431779153,258.29
7.438994473,263.85
7.446209793,269.53
7.453425112,275.38
7.460640432,281.22
7.467855751,287.18
7.475071071,293.13
7.48228639,299.2
7.48950171,305.27
7.49671703,311.57
7.503932349,317.81
7.511147669,324.27
7.518362988,330.84
7.525578308,337.48
7.532793627,344.16
7.540008947,350.91
7.547224267,357.71
7.554439586,364.45
7.561654906,371.25
7.568870225,378.11
7.576085545,384.97
7.583300864,391.99
7.590516184,399.02
7.597731504,406.1
7.604946823,413.29
7.612162143,420.54
7.619377462,427.85
7.626592782,435.21
7.633808101,442.57
7.641023421,449.99
7.64823874,457.35
7.65545406,464.77
7.66266938,472.24
7.669884699,479.77
7.677100019,487.31
7.684315338,494.95
7.691530658,502.59
7.698745977,510.29
7.705961297,518.05
7.713176617,525.8
7.720391936,533.61
7.727607256,541.43
7.734822575,549.18
7.742037895,557.05
7.749253214,564.86
7.756468534,572.73
7.763683854,580.65
7.770899173,588.58
7.778114493,596.45
7.785329812,604.37
7.792545132,612.29
7.799760451,620.16
7.806975771,628.09
7.814191091,635.95
7.82140641,643.82
7.82862173,651.63
7.835837049,659.5
7.843052369,667.31
7.850267688,675.07
7.857483008,682.83
7.864698327,690.47
7.871913647,698.11
7.879128967,705.64
7.886344286,713.12
7.893559606,720.59
7.900774925,728.01
7.907990245,735.43
7.915205564,742.85
7.922420884,750.27
7.929636204,757.68
7.936851523,764.99
7.944066843,772.35
7.951282162,779.55
7.958497482,786.74
7.965712801,793.88
7.972928121,800.9
7.980143441,807.93
7.98735876,814.84
7.99457408,821.75
8.001789399,828.55
8.009004719,835.41
8.016220038,842.21
8.023435358,849.01
8.030650678,855.81
8.037865997,862.61
8.045081317,869.3
8.052296636,875.98
8.059511956,882.56
8.066727275,889.19
8.073942595,895.65
8.081157914,902.12
8.088373234,908.47
8.095588554,914.76
8.102803873,920.94
8.110019193,927.13
8.117234512,933.2
8.124449832,939.15
8.131665151,945
8.138880471,950.79
8.146095791,956.52
8.15331111,962.14
8.16052643,967.76
8.167741749,973.32
8.174957069,978.89
8.182172388,984.51
8.189387708,990.07
8.196603028,995.58
8.203818347,1001.09
8.211033667,1006.48
8.218248986,1011.82
8.225464306,1016.99
8.232679625,1022.1
8.239894945,1027.16
8.247110265,1032.05
8.254325584,1036.89
8.261540904,1041.72
8.268756223,1046.38
8.275971543,1050.99
8.283186862,1055.54
8.290402182,1060.04
8.297617501,1064.37
8.304832821,1068.69
8.312048141,1072.97
8.31926346,1077.18
8.32647878,1081.4
8.333694099,1085.72
8.340909419,1090.05
8.348124738,1094.49
8.355340058,1099.04
8.362555378,1103.65
8.369770697,1108.43
8.376986017,1113.26
8.384201336,1118.04
8.391416656,1122.87
8.398631975,1127.7
8.405847295,1132.54
8.413062615,1137.31
8.420277934,1142.09
8.427493254,1146.81
8.434708573,1151.65
8.441923893,1156.42
8.449139212,1161.26
8.456354532,1166.09
8.463569852,1171.03
8.470785171,1175.87
8.478000491,1180.76
8.48521581,1185.76
8.49243113,1190.7
8.499646449,1195.82
8.506861769,1200.93
8.514077088,1206.22
8.521292408,1211.61
8.528507728,1217.17
8.535723047,1222.91
8.542938367,1228.7
8.550153686,1234.65
8.557369006,1240.78
8.564584325,1246.96
8.571799645,1253.37
8.579014965,1259.83
8.586230284,1266.41
8.593445604,1273.15
8.600660923,1280.01
8.607876243,1287.09
8.615091562,1294.34
8.622306882,1301.76
8.629522202,1309.34
8.636737521,1317.15
8.643952841,1325.08
8.65116816,1333.23
8.65838348,1341.55
8.665598799,1350.03
8.672814119,1358.8
8.680029439,1367.73
8.687244758,1376.95
8.694460078,1386.45
8.701675397,1396.28
8.708890717,1406.51
8.716106036,1417.13
8.723321356,1428.15
8.730536675,1439.56
8.737751995,1451.36
8.744967315,1463.61
8.752182634,1476.31
8.759397954,1489.41
8.766613273,1502.9
8.773828593,1516.89
8.781043912,1531.33
8.788259232,1546.28
8.795474552,1561.68
8.802689871,1577.7
8.809905191,1594.28
8.81712051,1611.42
8.82433583,1629.12
8.831551149,1647.5
8.838766469,1666.44
8.845981789,1686
8.853197108,1706.11
8.860412428,1726.91
8.867627747,1748.43
8.874843067,1770.52
8.882058386,1793.39
8.889273706,1816.94
8.896489025,1841.28
8.903704345,1866.4
8.910919665,1892.31
8.918134984,1919.11
8.925350304,1946.65
8.932565623,1975.03
8.939780943,2004.37
8.946996262,2034.49
8.954211582,2065.57
8.961426902,2097.49
8.968642221,2130.42
8.975857541,2164.31
8.98307286,2199.16
8.99028818,2235.01
8.997503499,2271.99
9.004718819,2309.98
9.011934139,2349.1
9.019149458,2389.17
9.026364778,2430.25
9.033580097,2472.46
9.040795417,2515.68
9.048010736,2560.07
9.055226056,2605.65
9.062441376,2652.58
9.069656695,2700.85
9.076872015,2750.65
9.084087334,2802.01
9.091302654,2854.9
9.098517973,2909.36
9.105733293,2965.28
9.112948612,3022.6
9.120163932,3081.1
9.127379252,3140.79
9.134594571,3201.71
9.141809891,3263.75
9.14902521,3327.09
9.15624053,3391.67
9.163455849,3457.7
9.170671169,3525.14
9.177886489,3594.15
9.185101808,3664.74
9.192317128,3737.01
9.199532447,3810.92
9.206747767,3886.56
9.213963086,3963.78
9.221178406,4042.69
9.228393726,4123.28
9.235609045,4205.5
9.242824365,4289.4
9.250039684,4374.88
9.257255004,4462.05
9.264470323,4550.9
9.271685643,4641.38
9.278900963,4733.55
9.286116282,4827.41
9.293331602,4922.95
9.300546921,5020.23
9.307762241,5119.25
9.31497756,5220.08
9.32219288,5322.58
9.329408199,5426.84
9.336623519,5532.77
9.343838839,5640.4
9.351054158,5749.7
9.358269478,5860.76
9.365484797,5973.55
9.372700117,6088.08
9.379915436,6204.36
9.387130756,6322.5
9.394346076,6442.37
9.401561395,6564.1
9.408776715,6687.63
9.415992034,6813.01
9.423207354,6940.13
9.430422673,7069.06
9.437637993,7199.78
9.444853313,7332.24
9.452068632,7466.5
9.459283952,7602.45
9.466499271,7740.03
9.473714591,7879.29
9.48092991,8020.13
9.48814523,8162.54
9.49536055,8306.36
9.502575869,8451.69
9.509791189,8598.37
9.517006508,8746.46
9.524221828,8895.89
9.531437147,9046.68
9.538652467,9198.75
9.545867786,9352.18
9.553083106,9506.96
9.560298426,9663.02
9.567513745,9820.38
9.574729065,9979.04
9.581944384,10138.92
9.589159704,10299.99
9.596375023,10462.24
9.603590343,10625.5
9.610805663,10789.83
9.618020982,10955.17
9.625236302,11121.36
9.632451621,11288.44
9.639666941,11456.42
9.64688226,11625.25
9.65409758,11794.91
9.6613129,11965.48
9.668528219,12136.89
9.675743539,12309.09
9.682958858,12482.02
9.690174178,12655.62
9.697389497,12829.84
9.704604817,13004.45
9.711820137,13179.46
9.719035456,13354.8
9.726250776,13530.37
9.733466095,13705.99
9.740681415,13881.73
9.747896734,14057.53
9.755112054,14233.26
9.762327373,14408.89
9.769542693,14584.4
9.776758013,14759.63
9.783973332,14934.53
9.791188652,15109.14
9.798403971,15283.25
9.805619291,15456.96
9.81283461,15630.17
9.82004993,15802.87
9.82726525,15975.07
9.834480569,16146.7
9.841695889,16317.78
9.848911208,16488.18
9.856126528,16657.84
9.863341847,16826.72
9.870557167,16994.65
9.877772487,17161.62
9.884987806,17327.41
9.892203126,17492.02
9.899418445,17655.28
9.906633765,17817.14
9.913849084,17977.36
9.921064404,18135.96
9.928279724,18292.81
9.935495043,18447.87
9.942710363,18601.01
9.949925682,18752.31
9.957141002,18901.74
9.964356321,19049.21
9.971571641,19194.77
9.97878696,19338.42
9.98600228,19480.04
9.9932176,19619.64
10.00043292,19757.05
10.00764824,19892.21
10.01486356,20024.95
10.02207888,20155.17
10.0292942,20282.69
10.03650952,20407.62
10.04372484,20529.74
10.05094016,20649.06
10.05815548,20765.73
10.0653708,20879.53
10.07258611,20990.64
10.07980143,21098.88
10.08701675,21204.26
10.09423207,21306.65
10.10144739,21406.18
10.10866271,21502.56
10.11587803,21595.74
10.12309335,21685.78
10.13030867,21772.55
10.13752399,21856.01
10.14473931,21936.09
10.15195463,22012.86
10.15916995,22086.09
10.16638527,22156
10.17360059,22222.32
10.18081591,22285.09
10.18803123,22344.33
10.19524655,22400.02
10.20246187,22452.18
10.20967719,22500.85
10.21689251,22545.92
10.22410783,22587.51
10.23132315,22625.5
10.23853846,22659.89
10.24575378,22690.58
10.2529691,22717.55
10.26018442,22740.71
10.26739974,22759.93
10.27461506,22775.27
10.28183038,22786.62
10.2890457,22794.04
10.29626102,22797.36
10.30347634,22796.74
10.31069166,22792.19
10.31790698,22783.53
10.3251223,22770.94
10.33233762,22754.42
10.33955294,22733.96
10.34676826,22709.74
10.35398358,22681.75
10.3611989,22650
10.36841422,22614.65
10.37562954,22575.65
10.38284486,22533.1
10.39006018,22487.13
10.3972755,22437.56
10.40449081,22384.51
10.41170613,22327.86
10.41892145,22267.84
10.42613677,22204.22
10.43335209,22137.23
10.44056741,22066.81
10.44778273,21993.02
10.45499805,21915.97
10.46221337,21835.66
10.46942869,21751.98
10.47664401,21665.21
10.48385933,21575.23
10.49107465,21482.11
10.49828997,21385.89
10.50550529,21286.7
10.51272061,21184.53
10.51993593,21079.55
10.52715125,20971.76
10.53436657,20861.32
10.54158189,20748.14
10.54879721,20632.42
10.55601253,20514.06
10.56322785,20393.18
10.57044316,20269.71
10.57765848,20143.82
10.5848738,20015.46
10.59208912,19884.79
10.59930444,19751.93
10.60651976,19616.94
10.61373508,19479.93
10.6209504,19340.94
10.62816572,19200.05
10.63538104,19057.3
10.64259636,18912.7
10.64981168,18766.3
10.657027,18618.1
10.66424232,18468.21
10.67145764,18316.59
10.67867296,18163.44
10.68588828,18008.72
10.6931036,17852.6
10.70031892,17695.07
10.70753424,17536.42
10.71474956,17376.59
10.72196488,17215.74
10.7291802,17054
10.73639551,16891.3
10.74361083,16727.87
10.75082615,16563.76
10.75804147,16398.99
10.76525679,16233.65
10.77247211,16067.86
10.77968743,15901.62
10.78690275,15734.98
10.79411807,15568.01
10.80133339,15400.76
10.80854871,15233.17
10.81576403,15065.36
10.82297935,14897.27
10.83019467,14729.06
10.83740999,14560.68
10.84462531,14392.25
10.85184063,14223.88
10.85905595,14055.56
10.86627127,13887.41
10.87348659,13719.48
10.88070191,13551.84
10.88791723,13384.47
10.89513255,13217.5
10.90234786,13050.93
10.90956318,12884.8
10.9167785,12719.24
10.92399382,12554.29
10.93120914,12390.13
10.93842446,12226.75
10.94563978,12064.28
10.9528551,11902.82
10.96007042,11742.31
10.96728574,11582.87
10.97450106,11424.44
10.98171638,11266.97
10.9889317,11110.51
10.99614702,10955
11.00336234,10800.45
11.01057766,10646.92
11.01779298,10494.39
11.0250083,10343.1
11.03222362,10192.93
11.03943894,10044.12
11.04665426,9896.59
11.05386958,9750.41
11.0610849,9605.53
11.06830022,9462.11
11.07551553,9319.98
11.08273085,9179.25
11.08994617,9039.82
11.09716149,8901.63
11.10437681,8764.83
11.11159213,8629.22
11.11880745,8495.02
11.12602277,8361.99
11.13323809,8230.43
11.14045341,8100.16
11.14766873,7971.35
11.15488405,7844.11
11.16209937,7718.39
11.16931469,7594.41
11.17653001,7472.01
11.18374533,7351.4
11.19096065,7232.37
11.19817597,7115.03
11.20539129,6999.31
11.21260661,6885.17
11.21982193,6772.49
11.22703725,6661.32
11.23425257,6551.62
11.24146788,6443.49
11.2486832,6336.94
11.25589852,6232.01
11.26311384,6128.72
11.27032916,6027.22
11.27754448,5927.35
11.2847598,5829.12
11.29197512,5732.62
11.29919044,5637.64
11.30640576,5544.18
11.31362108,5452.18
11.3208364,5361.59
11.32805172,5272.45
11.33526704,5184.78
11.34248236,5098.46
11.34969768,5013.65
11.356913,4930.25
11.36412832,4848.2
11.37134364,4767.55
11.37855896,4688.26
11.38577428,4610.31
11.3929896,4533.54
11.40020492,4458.12
11.40742023,4383.99
11.41463555,4311.15
11.42185087,4239.61
11.42906619,4169.42
11.43628151,4100.52
11.44349683,4032.91
11.45071215,3966.59
11.45792747,3901.62
11.46514279,3838.06
11.47235811,3775.74
11.47957343,3714.76
11.48678875,3655.13
11.49400407,3596.74
11.50121939,3539.64
11.50843471,3483.66
11.51565003,3428.81
11.52286535,3375.03
11.53008067,3322.2
11.53729599,3270.22
11.54451131,3218.96
11.55172663,3168.61
11.55894195,3118.98
11.56615727,3070.09
11.57337258,3022.04
11.5805879,2974.77
11.58780322,2928.46
11.59501854,2883.11
11.60223386,2838.88
11.60944918,2795.83
11.6166645,2753.85
11.62387982,2713.11
11.63109514,2673.43
11.63831046,2634.82
11.64552578,2597.05
11.6527411,2560.19
11.65995642,2524.05
11.66717174,2488.59
11.67438706,2453.8
11.68160238,2419.63
11.6888177,2386.19
11.69603302,2353.37
11.70324834,2321.28
11.71046366,2289.81
11.71767898,2258.9
11.7248943,2228.61
11.73210962,2198.88
11.73932493,2169.76
11.74654025,2141.22
11.75375557,2113.23
11.76097089,2085.86
11.76818621,2059.11
11.77540153,2032.97
11.78261685,2007.46
11.78983217,1982.51
11.79704749,1958.17
11.80426281,1934.46
11.81147813,1911.19
11.81869345,1888.43
11.82590877,1866.17
11.83312409,1844.42
11.84033941,1823.24
11.84755473,1802.39
11.85477005,1782.04
11.86198537,1762.03
11.86920069,1742.36
11.87641601,1723.09
11.88363133,1704.09
11.89084665,1685.43
11.89806197,1666.94
11.90527728,1648.79
11.9124926,1630.81
11.91970792,1613.05
11.92692324,1595.4
11.93413856,1577.87
11.94135388,1560.39
11.9485692,1542.91
11.95578452,1525.43
11.96299984,1507.9
11.97021516,1490.14
11.97743048,1472.15
11.9846458,1453.83
11.99186112,1435.06
11.99907644,1415.73
12.00629176,1395.55
12.01350708,1374.42
12.0207224,1352.11
12.02793772,1328.45
12.03515304,1303.05
12.04236836,1275.85
12.04958368,1246.4
12.056799,1214.53
12.06401432,1179.75
12.07122963,1141.7
12.07844495,1099.94
12.08566027,1053.86
12.09287559,1002.88
12.10009091,946.46
12.10730623,883.74
12.11452155,814.05
12.12173687,736.61
12.12895219,650.45
12.13616751,554.91
12.14338283,448.92
12.15059815,331.52
12.15781347,201.87
12.16502879,58.95
12.17224411,-98.4
12.17945943,-271.05
12.18667475,-460.16
12.19389007,-666.7
12.20110539,-891.72
12.20832071,-1136.3
12.21553603,-1401.17
12.22275135,-1687.18
12.22996667,-1995.15
12.23718198,-2325.38
12.2443973,-2678.43
12.25161262,-3054.35
12.25882794,-3453.26
12.26604326,-3874.87
12.27325858,-4318.91
12.2804739,-4784.69
12.28768922,-5271.44
12.29490454,-5778.14
12.30211986,-6303.27
12.30933518,-6845.38
12.3165505,-7402.43
12.32376582,-7972.36
12.33098114,-8552.68
12.33819646,-9140.81
12.34541178,-9733.95
12.3526271,-10329.22
12.35984242,-10923.25
12.36705774,-11513.07
12.37427306,-12095.36
12.38148838,-12666.74
12.3887037,-13223.97
12.39591902,-13763.82
12.40313433,-14283.11
12.41034965,-14778.8
12.41756497,-15247.95
12.42478029,-15687.78
12.43199561,-16095.9
12.43921093,-16469.8
12.44642625,-16807.5
12.45364157,-17107.16
12.46085689,-17367.37
12.46807221,-17586.77
12.47528753,-17764.53
12.48250285,-17900.14
12.48971817,-17993.44
12.49693349,-18044.35
12.50414881,-18053.4
12.51136413,-18021.2
12.51857945,-17948.81
12.52579477,-17837.54
12.53301009,-17688.83
12.54022541,-17504.5
12.54744073,-17286.33
12.55465605,-17036.46
12.56187137,-16757.15
12.56908668,-16450.69
12.576302,-16119.39
12.58351732,-15765.61
12.59073264,-15391.83
12.59794796,-15000.34
12.60516328,-14593.51
12.6123786,-14173.58
12.61959392,-13742.81
12.62680924,-13303.27
12.63402456,-12857.15
12.64123988,-12406.26
12.6484552,-11952.61
12.65567052,-11497.95
12.66288584,-11043.86
12.67010116,-10591.95
12.67731648,-10143.53
12.6845318,-9699.89
12.69174712,-9261.92
12.69896244,-8830.59
12.70617776,-8406.78
12.71339308,-7991.07
12.7206084,-7584.13
12.72782372,-7186.4
12.73503903,-6798.34
12.74225435,-6420.28
12.74946967,-6052.62
12.75668499,-5695.36
12.76390031,-5348.83
12.77111563,-5013.04
12.77833095,-4688.09
12.78554627,-4373.87
12.79276159,-4070.34
12.79997691,-3777.37
12.80719223,-3494.79
12.81440755,-3222.5
12.82162287,-2960.16
12.82883819,-2707.77
12.83605351,-2465.15
12.84326883,-2232.09
12.85048415,-2008.7
12.85769947,-1794.69
12.86491479,-1590.12
12.87213011,-1394.82
12.87934543,-1208.74
12.88656075,-1031.77
12.89377607,-863.73
12.90099138,-704.46
12.9082067,-553.85
12.91542202,-411.77
12.92263734,-278.13
12.92985266,-152.75
12.93706798,-35.57
12.9442833,73.5
12.95149862,174.5
12.95871394,267.62
12.96592926,352.93
12.97314458,430.54
12.9803599,500.62
12.98757522,563.29
12.99479054,618.76
13.00200586,667.15
13.00922118,708.56
13.0164365,743.18
13.02365182,771.23
13.03086714,792.75
13.03808246,807.93
13.04529778,816.81
13.0525131,819.56
13.05972842,816.3
13.06694373,807.08
13.07415905,791.97
13.08137437,771
13.08858969,744.31
13.09580501,711.88
13.10302033,673.66
13.11023565,629.72
13.11745097,579.92
13.12466629,524.34
13.13188161,462.86
13.13909693,395.59
13.14631225,322.47
13.15352757,243.62
13.16074289,159.04
13.16795821,68.9
13.17517353,-26.69
13.18238885,-127.57
13.18960417,-233.56
13.19681949,-344.5
13.20403481,-460.22
13.21125013,-580.43
13.21846545,-704.86
13.22568077,-833.22
13.23289608,-965.17
13.2401114,-1100.28
13.24732672,-1238.08
13.25454204,-1378.02
13.26175736,-1519.47
13.26897268,-1661.72
13.276188,-1804.07
13.28340332,-1945.86
13.29061864,-2086.14
13.29783396,-2224.05
13.30504928,-2358.93
13.3122646,-2489.77
13.31947992,-2615.94
13.32669524,-2736.54
13.33391056,-2851.08
13.34112588,-2958.7
13.3483412,-3059.02
13.35555652,-3151.47
13.36277184,-3235.6
13.36998716,-3311.02
13.37720248,-3377.39
13.3844178,-3434.49
13.39163312,-3482.15
13.39884843,-3520.08
13.40606375,-3548.46
13.41327907,-3567.18
13.42049439,-3576.34
13.42770971,-3576.17
13.43492503,-3566.95
13.44214035,-3548.91
13.44935567,-3522.5
13.45657099,-3488.16
13.46378631,-3446.29
13.47100163,-3397.4
13.47821695,-3342.15
13.48543227,-3281.01
13.49264759,-3214.52
13.49986291,-3143.32
13.50707823,-3067.84
13.51429355,-2988.65
13.52150887,-2906.32
13.52872419,-2821.35
13.53593951,-2734.13
13.54315483,-2645.22
13.55037015,-2555.07
13.55758547,-2464.14
13.56480079,-2372.76
13.5720161,-2281.43
13.57923142,-2190.61
13.58644674,-2100.47
13.59366206,-2011.51
13.60087738,-1923.95
13.6080927,-1838.02
13.61530802,-1753.94
13.62252334,-1672.06
13.62973866,-1592.31
13.63695398,-1514.87
13.6441693,-1439.84
13.65138462,-1367.23
13.65859994,-1297.2
13.66581526,-1229.65
13.67303058,-1164.63
13.6802459,-1102.3
13.68746122,-1042.51
13.69467654,-985.29
13.70189186,-930.61
13.70910718,-878.46
13.7163225,-828.72
13.72353782,-781.34
13.73075314,-736.22
13.73796845,-693.33
13.74518377,-652.53
13.75239909,-613.87
13.75961441,-577.11
13.76682973,-542.38
13.77404505,-509.5
13.78126037,-478.43
13.78847569,-449.03
13.79569101,-421.27
13.80290633,-395.02
13.81012165,-370.3
13.81733697,-347.03
13.82455229,-325.06
13.83176761,-304.49
13.83898293,-285.1
13.84619825,-267.06
13.85341357,-250.25
13.86062889,-234.52
13.86784421,-220.02
13.87505953,-206.47
13.88227485,-193.94
13.88949017,-182.25
13.89670549,-171.41
13.9039208,-161.29
13.91113612,-151.9
13.91835144,-143.19
13.92556676,-135.04
13.93278208,-127.51
13.9399974,-120.54
13.94721272,-114.08
13.95442804,-108.12
13.96164336,-102.56
13.96885868,-97.39
13.976074,-92.67
13.98328932,-88.23
13.99050464,-84.24
13.99771996,-80.47
14.00493528,-77.16
14.0121506,-74.18
14.01936592,-71.59
14.02658124,-69.29
14.03379656,-67.44
14.04101188,-65.81
14.0482272,-64.57
14.05544252,-63.67
14.06265784,-63.05
14.06987315,-62.6
14.07708847,-62.38
14.08430379,-62.43
14.09151911,-62.66
14.09873443,-63.16
14.10594975,-63.84
14.11316507,-64.91
14.12038039,-66.31
14.12759571,-68
14.13481103,-70.08
14.14202635,-72.61
14.14924167,-75.47
14.15645699,-78.73
14.16367231,-82.5
14.17088763,-86.71
14.17810295,-91.43
14.18531827,-96.77
14.19253359,-102.73
14.19974891,-109.42
14.20696423,-116.89
14.21417955,-125.15
14.22139487,-134.48
14.22861019,-144.71
14.2358255,-156.12
14.24304082,-168.71
14.25025614,-182.53
14.25747146,-197.82
14.26468678,-214.51
14.2719021,-232.72
14.27911742,-252.78
14.28633274,-274.59
14.29354806,-298.36
14.30076338,-324.27
14.3079787,-352.37
14.31519402,-382.83
14.32240934,-415.76
14.32962466,-451.22
14.33683998,-489.38
14.3440553,-530.3
14.35127062,-574.13
14.35848594,-620.89
14.36570126,-670.74
14.37291658,-723.79
14.3801319,-780.05
14.38734722,-839.62
14.39456254,-902.51
14.40177785,-968.77
14.40899317,-1038.4
14.41620849,-1111.24
14.42342381,-1187.33
14.43063913,-1266.52
14.43785445,-1348.68
14.44506977,-1433.6
14.45228509,-1521.27
14.45950041,-1611.31
14.46671573,-1703.64
14.47393105,-1797.72
14.48114637,-1893.49
14.48836169,-1990.37
14.49557701,-2087.99
14.50279233,-2185.95
14.51000765,-2283.68
14.51722297,-2380.8
14.52443829,-2476.79
14.53165361,-2571.2
14.53886893,-2663.54
14.54608425,-2753.46
14.55329957,-2840.51
14.56051489,-2924.25
14.5677302,-3004.39
14.57494552,-3080.32
14.58216084,-3151.92
14.58937616,-3218.51
14.59659148,-3279.94
14.6038068,-3335.8
14.61102212,-3385.76
14.61823744,-3429.54
14.62545276,-3467.03
14.63266808,-3497.94
14.6398834,-3522.16
14.64709872,-3539.58
14.65431404,-3550.26
14.66152936,-3554.03
14.66874468,-3551.05
14.67596,-3541.27
14.68317532,-3524.86
14.69039064,-3501.99
14.69760596,-3472.82
14.70482128,-3437.58
14.7120366,-3396.72
14.71925192,-3350.36
14.72646724,-3298.88
14.73368255,-3242.74
14.74089787,-3182.15
14.74811319,-3117.58
14.75532851,-3049.41
14.76254383,-2978.03
14.76975915,-2903.74
14.77697447,-2827.14
14.78418979,-2748.51
14.79140511,-2668.37
14.79862043,-2587.05
14.80583575,-2505
14.81305107,-2422.72
14.82026639,-2340.5
14.82748171,-2258.73
14.83469703,-2177.86
14.84191235,-2098.11
14.84912767,-2019.94
14.85634299,-1943.73
14.86355831,-1869.66
14.87077363,-1798.11
14.87798895,-1729.27
14.88520427,-1663.29
14.89241959,-1600.46
14.8996349,-1540.83
14.90685022,-1484.52
14.91406554,-1431.63
14.92128086,-1382.23
14.92849618,-1336.37
14.9357115,-1294.11
14.94292682,-1255.33
14.95014214,-1220.21
14.95735746,-1188.63
14.96457278,-1160.53
14.9717881,-1135.85
14.97900342,-1114.5
14.98621874,-1096.4
14.99343406,-1081.45
15.00064938,-1069.42
15.0078647,-1060.15
15.01508002,-1053.63
15.02229534,-1049.53
15.02951066,-1047.79
15.03672598,-1048.07
15.0439413,-1050.2
15.05115662,-1054.03
15.05837194,-1059.31
15.06558725,-1065.77
15.07280257,-1073.36
15.08001789,-1081.68
15.08723321,-1090.67
15.09444853,-1100.22
15.10166385,-1109.95
15.10887917,-1119.84
15.11609449,-1129.67
15.12330981,-1139.28
15.13052513,-1148.5
15.13774045,-1157.15
15.14495577,-1165.08
15.15217109,-1172.21
15.15938641,-1178.45
15.16660173,-1183.62
15.17381705,-1187.67
15.18103237,-1190.42
15.18824769,-1191.83
15.19546301,-1191.88
15.20267833,-1190.42
15.20989365,-1187.44
15.21710897,-1182.95
15.22432429,-1176.88
15.2315396,-1169.29
15.23875492,-1160.19
15.24597024,-1149.57
15.25318556,-1137.54
15.26040088,-1124.05
15.2676162,-1109.16
15.27483152,-1092.92
15.28204684,-1075.38
15.28926216,-1056.61
15.29647748,-1036.6
15.3036928,-1015.59
15.31090812,-993.61
15.31812344,-970.79
15.32533876,-947.36
15.33255408,-923.36
15.3397694,-899.03
15.34698472,-874.41
15.35420004,-849.63
15.36141536,-824.73
15.36863068,-799.78
15.375846,-774.82
15.38306132,-749.87
15.39027664,-724.92
15.39749195,-700.08
15.40470727,-675.29
15.41192259,-650.68
15.41913791,-626.34
15.42635323,-602.35
15.43356855,-578.8
15.44078387,-555.7
15.44799919,-533.16
15.45521451,-511.25
15.46242983,-489.95
15.46964515,-469.43
15.47686047,-449.48
15.48407579,-430.26
15.49129111,-411.66
15.49850643,-393.68
15.50572175,-376.37
15.51293707,-359.68
15.52015239,-343.66
15.52736771,-328.32
15.53458303,-313.59
15.54179835,-299.54
15.54901367,-286.17
15.55622899,-273.46
15.5634443,-261.33
15.57065962,-249.8
15.57787494,-238.85
15.58509026,-228.45
15.59230558,-218.61
15.5995209,-209.34
15.60673622,-200.69
15.61395154,-192.54
15.62116686,-184.84
15.62838218,-177.76
15.6355975,-171.01
15.64281282,-164.72
15.65002814,-158.82
15.65724346,-153.2
15.66445878,-147.97
15.6716741,-142.97
15.67888942,-138.36
15.68610474,-134.09
15.69332006,-130.04
15.70053538,-126.33
15.7077507,-122.85
15.71496602,-119.59
15.72218134,-116.55
15.72939665,-113.58
15.73661197,-110.77
15.74382729,-108.18
15.75104261,-105.65
15.75825793,-103.23
15.76547325,-100.99
15.77268857,-98.91
15.77990389,-96.88
15.78711921,-95.09
15.79433453,-93.4
15.80154985,-91.71
15.80876517,-90.2
15.81598049,-88.79
15.82319581,-87.44
15.83041113,-86.15
15.83762645,-84.91
15.84484177,-83.73
15.85205709,-82.61
15.85927241,-81.54
15.86648773,-80.59
15.87370305,-79.8
15.88091837,-79.12
15.88813369,-78.51
15.89534901,-78.06
15.90256432,-77.66
15.90977964,-77.33
15.91699496,-76.99
15.92421028,-76.6
15.9314256,-76.2
15.93864092,-75.75
15.94585624,-75.19
15.95307156,-74.68
15.96028688,-74.18
15.9675022,-73.67
15.97471752,-73.28
15.98193284,-72.89
15.98914816,-72.55
15.99636348,-72.32
16.0035788,-72.1
16.01079412,-71.99
16.01800944,-71.82
16.02522476,-71.76
16.03244008,-71.54
16.0396554,-71.43
16.04687072,-71.26
16.05408604,-71.03
16.06130136,-70.81
16.06851667,-70.58
16.07573199,-70.36
16.08294731,-70.19
16.09016263,-69.96
16.09737795,-69.91
16.10459327,-69.85
16.11180859,-69.8
16.11902391,-69.8
16.12623923,-69.85
16.13345455,-69.96
16.14066987,-70.13
16.14788519,-70.25
16.15510051,-70.41
16.16231583,-70.58
16.16953115,-70.75
16.17674647,-70.86
16.18396179,-70.92
16.19117711,-70.92
16.19839243,-70.92
16.20560775,-70.81
16.21282307,-70.75
16.22003839,-70.64
16.22725371,-70.53
16.23446902,-70.47
16.24168434,-70.36
16.24889966,-70.3
16.25611498,-70.3
16.2633303,-70.25
16.27054562,-70.25
16.27776094,-70.25
16.28497626,-70.19
16.29219158,-70.25
16.2994069,-70.25
16.30662222,-70.3
16.31383754,-70.36
16.32105286,-70.53
16.32826818,-70.69
16.3354835,-70.86
16.34269882,-71.09
16.34991414,-71.31
16.35712946,-71.43
16.36434478,-71.48
16.3715601,-71.48
16.37877542,-71.43
16.38599074,-71.31
16.39320606,-71.2
16.40042137,-71.09
16.40763669,-71.03
16.41485201,-71.03
16.42206733,-71.03
16.42928265,-71.03
16.43649797,-71.09
16.44371329,-71.2
16.45092861,-71.37
16.45814393,-71.48
16.46535925,-71.59
16.47257457,-71.71
16.47978989,-71.82
16.48700521,-71.93
16.49422053,-71.93
16.50143585,-71.99
16.50865117,-72.04
16.51586649,-72.1
16.52308181,-72.1
16.53029713,-72.1
16.53751245,-72.16
16.54472777,-72.04
16.55194309,-71.99
16.55915841,-71.87
16.56637372,-71.71
16.57358904,-71.54
16.58080436,-71.48
16.58801968,-71.37
16.595235,-71.43
16.60245032,-71.48
16.60966564,-71.71
16.61688096,-71.87
16.62409628,-72.21
16.6313116,-72.49
16.63852692,-72.89
16.64574224,-73.22
16.65295756,-73.5
16.66017288,-73.73
16.6673882,-73.95
16.67460352,-74.12
16.68181884,-74.29
16.68903416,-74.4
16.69624948,-74.46
16.7034648,-74.57
16.71068012,-74.57
16.71789544,-74.63
16.72511076,-74.63
16.73232607,-74.74
16.73954139,-74.85
16.74675671,-74.97
16.75397203,-75.08
16.76118735,-75.3
16.76840267,-75.42
16.77561799,-75.58
16.78283331,-75.7
16.79004863,-75.81
16.79726395,-75.92
16.80447927,-76.09
16.81169459,-76.37
16.81890991,-76.65
16.82612523,-76.93
16.83334055,-77.38
16.84055587,-77.78
16.84777119,-78.17
16.85498651,-78.51
16.86220183,-78.79
16.86941715,-78.9
16.87663247,-79.01
16.88384779,-79.07
16.89106311,-79.12
16.89827842,-79.12
16.90549374,-79.24
16.91270906,-79.29
16.91992438,-79.41
16.9271397,-79.52
16.93435502,-79.63
16.94157034,-79.69
16.94878566,-79.63
16.95600098,-79.57
16.9632163,-79.41
16.97043162,-79.29
16.97764694,-79.18
16.98486226,-79.12
16.99207758,-79.07
16.9992929,-79.07
17.00650822,-79.12
17.01372354,-79.18
17.02093886,-79.29
17.02815418,-79.46
17.0353695,-79.57
17.04258482,-79.74
17.04980014,-79.91
17.05701546,-80.02
17.06423077,-80.19
17.07144609,-80.42
17.07866141,-80.59
17.08587673,-80.81
17.09309205,-81.09
17.10030737,-81.37
17.10752269,-81.6
17.11473801,-81.88
17.12195333,-82.16
17.12916865,-82.38
17.13638397,-82.55
17.14359929,-82.72
17.15081461,-82.78
17.15802993,-82.78
17.16524525,-82.61
17.17246057,-82.5
17.17967589,-82.33
17.18689121,-82.16
17.19410653,-81.99
17.20132185,-81.88
17.20853717,-81.82
17.21575249,-81.77
17.22296781,-81.77
17.23018312,-81.77
17.23739844,-81.82
17.24461376,-81.88
17.25182908,-81.82
17.2590444,-81.77
17.26625972,-81.77
17.27347504,-81.6
17.28069036,-81.49
17.28790568,-81.43
17.295121,-81.32
17.30233632,-81.26
17.30955164,-81.2
17.31676696,-81.26
17.32398228,-81.32
17.3311976,-81.43
17.33841292,-81.54
17.34562824,-81.71
17.35284356,-81.88
17.36005888,-81.99
17.3672742,-82.16
17.37448952,-82.27
17.38170484,-82.44
17.38892016,-82.5
17.39613547,-82.44
17.40335079,-82.38
17.41056611,-82.27
17.41778143,-82.1
17.42499675,-81.88
17.43221207,-81.71
17.43942739,-81.54
17.44664271,-81.37
17.45385803,-81.32
17.46107335,-81.26
17.46828867,-81.26
17.47550399,-81.26
17.48271931,-81.32
17.48993463,-81.37
17.49714995,-81.49
17.50436527,-81.6
17.51158059,-81.65
17.51879591,-81.77
17.52601123,-81.88
17.53322655,-81.93
17.54044187,-81.99
17.54765719,-81.88
17.55487251,-81.77
17.56208782,-81.65
17.56930314,-81.43
17.57651846,-81.26
17.58373378,-81.04
17.5909491,-80.98
17.59816442,-80.92
17.60537974,-80.98
17.61259506,-81.09
17.61981038,-81.26
17.6270257,-81.43
17.63424102,-81.6
17.64145634,-81.65
17.64867166,-81.65
17.65588698,-81.6
17.6631023,-81.43
17.67031762,-81.2
17.67753294,-80.92
17.68474826,-80.7
17.69196358,-80.53
17.6991789,-80.36
17.70639422,-80.25
17.71360954,-80.19
17.72082486,-80.14
17.72804017,-80.08
17.73525549,-79.97
17.74247081,-79.86
17.74968613,-79.69
17.75690145,-79.52
17.76411677,-79.35
17.77133209,-79.12
17.77854741,-78.9
17.78576273,-78.79
17.79297805,-78.73
17.80019337,-78.68
17.80740869,-78.68
17.81462401,-78.79
17.82183933,-78.84
17.82905465,-78.9
17.83626997,-78.9
17.84348529,-78.96
17.85070061,-78.96
17.85791593,-78.9
17.86513125,-78.84
17.87234657,-78.73
17.87956189,-78.68
17.88677721,-78.56
17.89399252,-78.39
17.90120784,-78.23
17.90842316,-78.11
17.91563848,-78
17.9228538,-77.83
17.93006912,-77.72
17.93728444,-77.55
17.94449976,-77.38
17.95171508,-77.21
17.9589304,-77.1
17.96614572,-77.1
17.97336104,-77.05
17.98057636,-76.99
17.98779168,-77.05
17.995007,-77.1
18.00222232,-77.21
18.00943764,-77.27
18.01665296,-77.33
18.02386828,-77.33
18.0310836,-77.33
