0,6.51
0.00721532,6.51
0.014430639,6.51
0.021645959,6.57
0.028861278,6.68
0.036076598,6.8
0.043291917,6.85
0.050507237,6.85
0.057722557,6.85
0.064937876,6.51
0.072153196,5.9
0.079368515,5
0.086583835,3.65
0.093799154,1.96
0.101014474,-0.11
0.108229793,-2.41
0.115445113,-4.83
0.122660433,-7.24
0.129875752,-9.38
0.137091072,-11.12
0.144306391,-12.36
0.151521711,-13.09
0.15873703,-13.31
0.16595235,-12.98
0.17316767,-12.3
0.180382989,-11.24
0.187598309,-10.05
0.194813628,-8.71
0.202028948,-7.3
0.209244267,-5.84
0.216459587,-4.38
0.223674907,-3.03
0.230890226,-1.68
0.238105546,-0.39
0.245320865,0.78
0.252536185,1.96
0.259751504,2.86
0.266966824,3.76
0.274182144,4.6
0.281397463,5.28
0.288612783,5.9
0.295828102,6.4
0.303043422,6.96
0.310258741,7.47
0.317474061,7.98
0.32468938,8.43
0.3319047,8.93
0.33912002,9.44
0.346335339,9.89
0.353550659,10.34
0.360765978,10.79
0.367981298,11.18
0.375196617,11.52
0.382411937,11.91
0.389627257,12.3
0.396842576,12.58
0.404057896,12.86
0.411273215,13.2
0.418488535,13.37
0.425703854,13.54
0.432919174,13.6
0.440134494,13.6
0.447349813,13.48
0.454565133,13.26
0.461780452,12.92
0.468995772,12.47
0.476211091,11.97
0.483426411,11.35
0.490641731,10.73
0.49785705,10.17
0.50507237,9.55
0.512287689,8.93
0.519503009,8.54
0.526718328,8.09
0.533933648,7.75
0.541148967,7.53
0.548364287,7.36
0.555579607,7.24
0.562794926,7.3
0.570010246,7.36
0.577225565,7.41
0.584440885,7.58
0.591656204,7.75
0.598871524,8.09
0.606086844,8.31
0.613302163,8.65
0.620517483,8.93
0.627732802,9.16
0.634948122,9.38
0.642163441,9.61
0.649378761,9.83
0.656594081,10
0.6638094,10.11
0.67102472,10.22
0.678240039,10.39
0.685455359,10.62
0.692670678,10.79
0.699885998,11.01
0.707101318,11.29
0.714316637,11.57
0.721531957,11.97
0.728747276,12.3
0.735962596,12.7
0.743177915,13.03
0.750393235,13.31
0.757608554,13.65
0.764823874,13.82
0.772039194,14.05
0.779254513,14.33
0.786469833,14.44
0.793685152,14.61
0.800900472,14.72
0.808115791,14.78
0.815331111,14.89
0.822546431,14.94
0.82976175,15.06
0.83697707,15.17
0.844192389,15.28
0.851407709,15.39
0.858623028,15.56
0.865838348,15.73
0.873053668,15.96
0.880268987,16.12
0.887484307,16.35
0.894699626,16.52
0.901914946,16.63
0.909130265,16.74
0.916345585,16.91
0.923560905,16.97
0.930776224,17.08
0.937991544,17.19
0.945206863,17.25
0.952422183,17.3
0.959637502,17.36
0.966852822,17.42
0.974068141,17.47
0.981283461,17.59
0.988498781,17.75
0.9957141,17.87
1.00292942,18.04
1.010144739,18.32
1.017360059,18.48
1.024575378,18.77
1.031790698,18.99
1.039006018,19.22
1.046221337,19.5
1.053436657,19.72
1.060651976,19.95
1.067867296,20.17
1.075082615,20.34
1.082297935,20.51
1.089513255,20.62
1.096728574,20.73
1.103943894,20.79
1.111159213,20.85
1.118374533,20.85
1.125589852,20.96
1.132805172,20.96
1.140020492,21.07
1.147235811,21.24
1.154451131,21.35
1.16166645,21.52
1.16888177,21.69
1.176097089,21.86
1.183312409,22.08
1.190527728,22.19
1.197743048,22.25
1.204958368,22.25
1.212173687,22.25
1.219389007,22.31
1.226604326,22.36
1.233819646,22.48
1.241034965,22.59
1.248250285,22.81
1.255465605,22.98
1.262680924,23.26
1.269896244,23.49
1.277111563,23.66
1.284326883,23.88
1.291542202,24.1
1.298757522,24.27
1.305972842,24.39
1.313188161,24.55
1.320403481,24.67
1.3276188,24.84
1.33483412,24.89
1.342049439,25.06
1.349264759,25.12
1.356480079,25.23
1.363695398,25.29
1.370910718,25.4
1.378126037,25.45
1.385341357,25.51
1.392556676,25.57
1.399771996,25.68
1.406987315,25.85
1.414202635,25.96
1.421417955,26.13
1.428633274,26.35
1.435848594,26.58
1.443063913,26.86
1.450279233,27.08
1.457494552,27.25
1.464709872,27.36
1.471925192,27.48
1.479140511,27.59
1.486355831,27.7
1.49357115,27.76
1.50078647,27.98
1.508001789,28.1
1.515217109,28.32
1.522432429,28.54
1.529647748,28.77
1.536863068,28.94
1.544078387,29.11
1.551293707,29.22
1.558509026,29.39
1.565724346,29.44
1.572939665,29.61
1.580154985,29.78
1.587370305,29.95
1.594585624,30.23
1.601800944,30.57
1.609016263,31.02
1.616231583,31.47
1.623446902,31.97
1.630662222,32.37
1.637877542,32.82
1.645092861,33.15
1.652308181,33.32
1.6595235,33.49
1.66673882,33.6
1.673954139,33.66
1.681169459,33.77
1.688384779,33.88
1.695600098,34.11
1.702815418,34.39
1.710030737,34.73
1.717246057,35.12
1.724461376,35.57
1.731676696,36.02
1.738892016,36.41
1.746107335,36.81
1.753322655,37.2
1.760537974,37.54
1.767753294,37.87
1.774968613,38.27
1.782183933,38.55
1.789399252,38.83
1.796614572,39.11
1.803829892,39.34
1.811045211,39.45
1.818260531,39.62
1.82547585,39.78
1.83269117,40.01
1.839906489,40.29
1.847121809,40.68
1.854337129,41.13
1.861552448,41.64
1.868767768,42.2
1.875983087,42.71
1.883198407,43.16
1.890413726,43.66
1.897629046,44.06
1.904844366,44.45
1.912059685,44.79
1.919275005,45.12
1.926490324,45.46
1.933705644,45.8
1.940920963,46.25
1.948136283,46.7
1.955351603,47.2
1.962566922,47.77
1.969782242,48.27
1.976997561,48.89
1.984212881,49.56
1.9914282,50.18
1.99864352,50.8
2.005858839,51.42
2.013074159,52.04
2.020289479,52.54
2.027504798,52.99
2.034720118,53.44
2.041935437,53.83
2.049150757,54.17
2.056366076,54.57
2.063581396,54.9
2.070796716,55.18
2.078012035,55.52
2.085227355,55.8
2.092442674,56.14
2.099657994,56.48
2.106873313,56.76
2.114088633,57.04
2.121303953,57.32
2.128519272,57.6
2.135734592,57.88
2.142949911,58.22
2.150165231,58.5
2.15738055,58.84
2.16459587,59.17
2.17181119,59.51
2.179026509,59.9
2.186241829,60.24
2.193457148,60.63
2.200672468,61.08
2.207887787,61.48
2.215103107,61.87
2.222318426,62.43
2.229533746,62.94
2.236749066,63.44
2.243964385,63.89
2.251179705,64.4
2.258395024,64.91
2.265610344,65.36
2.272825663,65.75
2.280040983,66.09
2.287256303,66.42
2.294471622,66.7
2.301686942,67.04
2.308902261,67.38
2.316117581,67.72
2.3233329,68.05
2.33054822,68.45
2.33776354,68.84
2.344978859,69.23
2.352194179,69.63
2.359409498,70.02
2.366624818,70.41
2.373840137,70.81
2.381055457,71.2
2.388270777,71.48
2.395486096,71.82
2.402701416,72.16
2.409916735,72.49
2.417132055,72.83
2.424347374,73.11
2.431562694,73.34
2.438778013,73.5
2.445993333,73.67
2.453208653,73.84
2.460423972,74.12
2.467639292,74.35
2.474854611,74.57
2.482069931,74.97
2.48928525,75.47
2.49650057,75.98
2.50371589,76.48
2.510931209,77.05
2.518146529,77.55
2.525361848,78.06
2.532577168,78.56
2.539792487,79.01
2.547007807,79.46
2.554223127,79.86
2.561438446,80.19
2.568653766,80.53
2.575869085,80.75
2.583084405,80.98
2.590299724,81.09
2.597515044,81.2
2.604730364,81.32
2.611945683,81.37
2.619161003,81.43
2.626376322,81.54
2.633591642,81.65
2.640806961,81.82
2.648022281,81.93
2.6552376,82.16
2.66245292,82.44
2.66966824,82.67
2.676883559,82.95
2.684098879,83.23
2.691314198,83.62
2.698529518,83.96
2.705744837,84.3
2.712960157,84.69
2.720175477,85.14
2.727390796,85.53
2.734606116,85.98
2.741821435,86.37
2.749036755,86.82
2.756252074,87.22
2.763467394,87.67
2.770682714,88.12
2.777898033,88.51
2.785113353,88.9
2.792328672,89.24
2.799543992,89.47
2.806759311,89.75
2.813974631,89.92
2.821189951,90.08
2.82840527,90.2
2.83562059,90.42
2.842835909,90.65
2.850051229,90.81
2.857266548,91.04
2.864481868,91.32
2.871697187,91.54
2.878912507,91.71
2.886127827,91.83
2.893343146,91.88
2.900558466,91.83
2.907773785,91.66
2.914989105,91.54
2.922204424,91.43
2.929419744,91.38
2.936635064,91.38
2.943850383,91.43
2.951065703,91.6
2.958281022,91.88
2.965496342,92.11
2.972711661,92.44
2.979926981,92.73
2.987142301,93.01
2.99435762,93.29
3.00157294,93.51
3.008788259,93.74
3.016003579,93.96
3.023218898,94.24
3.030434218,94.47
3.037649537,94.8
3.044864857,95.03
3.052080177,95.31
3.059295496,95.59
3.066510816,95.76
3.073726135,95.93
3.080941455,95.98
3.088156774,96.04
3.095372094,96.1
3.102587414,96.15
3.109802733,96.21
3.117018053,96.38
3.124233372,96.55
3.131448692,96.72
3.138664011,96.88
3.145879331,97.05
3.153094651,97.22
3.16030997,97.28
3.16752529,97.39
3.174740609,97.39
3.181955929,97.45
3.189171248,97.39
3.196386568,97.39
3.203601888,97.33
3.210817207,97.45
3.218032527,97.5
3.225247846,97.67
3.232463166,97.9
3.239678485,98.18
3.246893805,98.57
3.254109124,98.91
3.261324444,99.36
3.268539764,99.75
3.275755083,100.14
3.282970403,100.54
3.290185722,100.82
3.297401042,101.16
3.304616361,101.44
3.311831681,101.66
3.319047001,101.94
3.32626232,102.17
3.33347764,102.39
3.340692959,102.56
3.347908279,102.73
3.355123598,102.84
3.362338918,102.78
3.369554238,102.73
3.376769557,102.62
3.383984877,102.45
3.391200196,102.28
3.398415516,102.22
3.405630835,102.11
3.412846155,102.17
3.420061475,102.22
3.427276794,102.39
3.434492114,102.62
3.441707433,102.84
3.448922753,102.95
3.456138072,103.07
3.463353392,103.12
3.470568711,103.12
3.477784031,103.07
3.484999351,102.95
3.49221467,102.9
3.49942999,102.78
3.506645309,102.73
3.513860629,102.67
3.521075948,102.62
3.528291268,102.73
3.535506588,102.78
3.542721907,102.95
3.549937227,103.07
3.557152546,103.18
3.564367866,103.35
3.571583185,103.46
3.578798505,103.63
3.586013825,103.8
3.593229144,103.91
3.600444464,104.13
3.607659783,104.36
3.614875103,104.64
3.622090422,104.92
3.629305742,105.2
3.636521062,105.37
3.643736381,105.54
3.650951701,105.59
3.65816702,105.54
3.66538234,105.54
3.672597659,105.43
3.679812979,105.37
3.687028298,105.31
3.694243618,105.26
3.701458938,105.26
3.708674257,105.37
3.715889577,105.48
3.723104896,105.65
3.730320216,105.93
3.737535535,106.27
3.744750855,106.61
3.751966175,107
3.759181494,107.45
3.766396814,107.79
3.773612133,108.18
3.780827453,108.52
3.788042772,108.85
3.795258092,109.08
3.802473412,109.36
3.809688731,109.53
3.816904051,109.64
3.82411937,109.87
3.83133469,109.98
3.838550009,110.2
3.845765329,110.37
3.852980649,110.54
3.860195968,110.65
3.867411288,110.77
3.874626607,110.82
3.881841927,110.77
3.889057246,110.77
3.896272566,110.71
3.903487885,110.65
3.910703205,110.6
3.917918525,110.6
3.925133844,110.71
3.932349164,110.82
3.939564483,111.05
3.946779803,111.27
3.953995122,111.5
3.961210442,111.78
3.968425762,111.95
3.975641081,112.11
3.982856401,112.23
3.99007172,112.28
3.99728704,112.34
4.004502359,112.4
4.011717679,112.45
4.018932999,112.51
4.026148318,112.56
4.033363638,112.62
4.040578957,112.68
4.047794277,112.73
4.055009596,112.79
4.062224916,112.96
4.069440236,113.01
4.076655555,113.24
4.083870875,113.46
4.091086194,113.74
4.098301514,113.97
4.105516833,114.25
4.112732153,114.47
4.119947472,114.7
4.127162792,114.87
4.134378112,114.98
4.141593431,115.09
4.148808751,115.26
4.15602407,115.32
4.16323939,115.37
4.170454709,115.43
4.177670029,115.49
4.184885349,115.49
4.192100668,115.54
4.199315988,115.54
4.206531307,115.6
4.213746627,115.65
4.220961946,115.71
4.228177266,115.82
4.235392586,115.99
4.242607905,116.1
4.249823225,116.33
4.257038544,116.55
4.264253864,116.83
4.271469183,117.12
4.278684503,117.45
4.285899823,117.68
4.293115142,118.07
4.300330462,118.35
4.307545781,118.69
4.314761101,118.91
4.32197642,119.08
4.32919174,119.25
4.336407059,119.25
4.343622379,119.25
4.350837699,119.14
4.358053018,118.97
4.365268338,118.86
4.372483657,118.69
4.379698977,118.63
4.386914296,118.58
4.394129616,118.58
4.401344936,118.75
4.408560255,118.91
4.415775575,119.14
4.422990894,119.42
4.430206214,119.76
4.437421533,120.15
4.444636853,120.54
4.451852173,120.94
4.459067492,121.33
4.466282812,121.67
4.473498131,121.95
4.480713451,122.17
4.48792877,122.34
4.49514409,122.4
4.502359409,122.4
4.509574729,122.34
4.516790049,122.23
4.524005368,122.17
4.531220688,122.23
4.538436007,122.29
4.545651327,122.45
4.552866646,122.74
4.560081966,123.13
4.567297286,123.58
4.574512605,124.03
4.581727925,124.53
4.588943244,124.98
4.596158564,125.43
4.603373883,125.83
4.610589203,126.16
4.617804523,126.5
4.625019842,126.84
4.632235162,127.12
4.639450481,127.46
4.646665801,127.74
4.65388112,128.13
4.66109644,128.52
4.66831176,128.86
4.675527079,129.26
4.682742399,129.7
4.689957718,130.1
4.697173038,130.49
4.704388357,130.88
4.711603677,131.22
4.718818996,131.56
4.726034316,131.84
4.733249636,132.01
4.740464955,132.23
4.747680275,132.4
4.754895594,132.57
4.762110914,132.85
4.769326233,133.13
4.776541553,133.47
4.783756873,133.86
4.790972192,134.26
4.798187512,134.71
4.805402831,135.04
4.812618151,135.49
4.81983347,135.77
4.82704879,136.11
4.83426411,136.28
4.841479429,136.45
4.848694749,136.62
4.855910068,136.73
4.863125388,136.84
4.870340707,136.9
4.877556027,137.12
4.884771347,137.35
4.891986666,137.63
4.899201986,137.91
4.906417305,138.25
4.913632625,138.64
4.920847944,138.98
4.928063264,139.31
4.935278583,139.65
4.942493903,139.93
4.949709223,140.27
4.956924542,140.55
4.964139862,140.78
4.971355181,141.06
4.978570501,141.39
4.98578582,141.73
4.99300114,142.01
5.00021646,142.35
5.007431779,142.69
5.014647099,143.02
5.021862418,143.36
5.029077738,143.7
5.036293057,143.98
5.043508377,144.32
5.050723697,144.54
5.057939016,144.88
5.065154336,145.1
5.072369655,145.44
5.079584975,145.78
5.086800294,146.06
5.094015614,146.45
5.101230934,146.79
5.108446253,147.24
5.115661573,147.69
5.122876892,148.14
5.130092212,148.53
5.137307531,148.93
5.144522851,149.26
5.15173817,149.54
5.15895349,149.77
5.16616881,149.94
5.173384129,150.11
5.180599449,150.16
5.187814768,150.33
5.195030088,150.55
5.202245407,150.84
5.209460727,151.17
5.216676047,151.57
5.223891366,152.07
5.231106686,152.58
5.238322005,153.14
5.245537325,153.59
5.252752644,154.04
5.259967964,154.38
5.267183284,154.6
5.274398603,154.77
5.281613923,154.99
5.288829242,155.11
5.296044562,155.22
5.303259881,155.39
5.310475201,155.56
5.317690521,155.84
5.32490584,156.12
5.33212116,156.4
5.339336479,156.68
5.346551799,156.91
5.353767118,157.13
5.360982438,157.36
5.368197757,157.58
5.375413077,157.69
5.382628397,157.92
5.389843716,158.09
5.397059036,158.25
5.404274355,158.48
5.411489675,158.65
5.418704994,158.93
5.425920314,159.21
5.433135634,159.43
5.440350953,159.72
5.447566273,160
5.454781592,160.28
5.461996912,160.61
5.469212231,160.95
5.476427551,161.29
5.483642871,161.68
5.49085819,162.13
5.49807351,162.47
5.505288829,162.86
5.512504149,163.14
5.519719468,163.42
5.526934788,163.65
5.534150108,163.87
5.541365427,164.1
5.548580747,164.32
5.555796066,164.55
5.563011386,164.83
5.570226705,165.17
5.577442025,165.45
5.584657344,165.84
5.591872664,166.07
5.599087984,166.35
5.606303303,166.52
5.613518623,166.63
5.620733942,166.74
5.627949262,166.85
5.635164581,166.97
5.642379901,167.02
5.649595221,167.19
5.65681054,167.41
5.66402586,167.58
5.671241179,167.81
5.678456499,167.92
5.685671818,168.09
5.692887138,168.2
5.700102458,168.31
5.707317777,168.37
5.714533097,168.43
5.721748416,168.48
5.728963736,168.6
5.736179055,168.71
5.743394375,168.82
5.750609695,169.1
5.757825014,169.33
5.765040334,169.61
5.772255653,169.89
5.779470973,170.11
5.786686292,170.34
5.793901612,170.45
5.801116931,170.51
5.808332251,170.62
5.815547571,170.56
5.82276289,170.51
5.82997821,170.45
5.837193529,170.45
5.844408849,170.34
5.851624168,170.28
5.858839488,170.28
5.866054808,170.22
5.873270127,170.17
5.880485447,170.17
5.887700766,170.11
5.894916086,170.06
5.902131405,170.06
5.909346725,170.11
5.916562045,170.11
5.923777364,170.17
5.930992684,170.28
5.938208003,170.39
5.945423323,170.45
5.952638642,170.56
5.959853962,170.67
5.967069281,170.73
5.974284601,170.79
5.981499921,170.84
5.98871524,170.96
5.99593056,171.01
6.003145879,171.12
6.010361199,171.29
6.017576518,171.46
6.024791838,171.69
6.032007158,171.97
6.039222477,172.19
6.046437797,172.42
6.053653116,172.7
6.060868436,172.81
6.068083755,172.98
6.075299075,173.03
6.082514395,173.09
6.089729714,173.2
6.096945034,173.37
6.104160353,173.54
6.111375673,173.77
6.118590992,174.05
6.125806312,174.33
6.133021632,174.66
6.140236951,175
6.147452271,175.28
6.15466759,175.51
6.16188291,175.68
6.169098229,175.73
6.176313549,175.84
6.183528868,175.84
6.190744188,175.96
6.197959508,176.07
6.205174827,176.24
6.212390147,176.46
6.219605466,176.69
6.226820786,176.91
6.234036105,177.08
6.241251425,177.19
6.248466745,177.19
6.255682064,177.25
6.262897384,177.14
6.270112703,177.08
6.277328023,176.97
6.284543342,176.91
6.291758662,176.97
6.298973982,177.03
6.306189301,177.19
6.313404621,177.36
6.32061994,177.53
6.32783526,177.7
6.335050579,177.81
6.342265899,177.98
6.349481219,178.04
6.356696538,178.04
6.363911858,178.04
6.371127177,177.92
6.378342497,177.81
6.385557816,177.64
6.392773136,177.53
6.399988455,177.36
6.407203775,177.25
6.414419095,177.08
6.421634414,176.91
6.428849734,176.8
6.436065053,176.63
6.443280373,176.58
6.450495692,176.58
6.457711012,176.52
6.464926332,176.63
6.472141651,176.74
6.479356971,176.86
6.48657229,177.08
6.49378761,177.19
6.501002929,177.31
6.508218249,177.25
6.515433569,177.25
6.522648888,177.08
6.529864208,176.91
6.537079527,176.69
6.544294847,176.52
6.551510166,176.35
6.558725486,176.18
6.565940806,176.13
6.573156125,176.01
6.580371445,175.96
6.587586764,175.96
6.594802084,175.9
6.602017403,175.9
6.609232723,175.84
6.616448042,175.79
6.623663362,175.84
6.630878682,175.84
6.638094001,175.9
6.645309321,175.9
6.65252464,175.96
6.65973996,176.07
6.666955279,176.13
6.674170599,176.24
6.681385919,176.24
6.688601238,176.35
6.695816558,176.41
6.703031877,176.46
6.710247197,176.52
6.717462516,176.63
6.724677836,176.69
6.731893156,176.74
6.739108475,176.8
6.746323795,176.91
6.753539114,176.91
6.760754434,176.91
6.767969753,176.97
6.775185073,176.91
6.782400393,176.86
6.789615712,176.86
6.796831032,176.8
6.804046351,176.74
6.811261671,176.69
6.81847699,176.69
6.82569231,176.69
6.832907629,176.74
6.840122949,176.74
6.847338269,176.8
6.854553588,176.8
6.861768908,176.8
6.868984227,176.74
6.876199547,176.69
6.883414866,176.58
6.890630186,176.46
6.897845506,176.29
6.905060825,176.18
6.912276145,176.07
6.919491464,176.01
6.926706784,175.9
6.933922103,175.9
6.941137423,175.9
6.948352743,175.96
6.955568062,175.96
6.962783382,176.07
6.969998701,176.07
6.977214021,176.07
6.98442934,176.01
6.99164466,175.96
6.99885998,175.84
7.006075299,175.79
7.013290619,175.68
7.020505938,175.62
7.027721258,175.62
7.034936577,175.62
7.042151897,175.62
7.049367216,175.68
7.056582536,175.62
7.063797856,175.68
7.071013175,175.68
7.078228495,175.68
7.085443814,175.73
7.092659134,175.73
7.099874453,175.73
7.107089773,175.73
7.114305093,175.68
7.121520412,175.56
7.128735732,175.45
7.135951051,175.28
7.143166371,175.17
7.15038169,174.95
7.15759701,174.83
7.16481233,174.72
7.172027649,174.61
7.179242969,174.55
7.186458288,174.55
7.193673608,174.55
7.200888927,174.55
7.208104247,174.61
7.215319567,174.72
7.222534886,174.89
7.229750206,175.06
7.236965525,175.23
7.244180845,175.4
7.251396164,175.56
7.258611484,175.84
7.265826803,176.07
7.273042123,176.24
7.280257443,176.46
7.287472762,176.69
7.294688082,176.86
7.301903401,177.03
7.309118721,177.19
7.31633404,177.42
7.32354936,177.64
7.33076468,177.87
7.337979999,178.09
7.345195319,178.37
7.352410638,178.65
7.359625958,178.99
7.366841277,179.27
7.374056597,179.5
7.381271917,179.72
7.388487236,179.89
7.395702556,180.06
7.402917875,180.23
7.410133195,180.45
7.417348514,180.62
7.424563834,180.9
7.431779153,181.18
7.438994473,181.58
7.446209793,181.86
7.453425112,182.2
7.460640432,182.59
7.467855751,182.93
7.475071071,183.32
7.48228639,183.66
7.48950171,183.94
7.49671703,184.27
7.503932349,184.72
7.511147669,185.06
7.518362988,185.4
7.525578308,185.79
7.532793627,186.07
7.540008947,186.41
7.547224267,186.75
7.554439586,186.97
7.561654906,187.31
7.568870225,187.65
7.576085545,187.98
7.583300864,188.43
7.590516184,189
7.597731504,189.56
7.604946823,190.12
7.612162143,190.79
7.619377462,191.47
7.626592782,192.09
7.633808101,192.7
7.641023421,193.32
7.64823874,193.89
7.65545406,194.39
7.66266938,194.9
7.669884699,195.46
7.677100019,195.96
7.684315338,196.47
7.691530658,196.92
7.698745977,197.43
7.705961297,197.93
7.713176617,198.55
7.720391936,199.17
7.727607256,199.84
7.734822575,200.57
7.742037895,201.42
7.749253214,202.32
7.756468534,203.27
7.763683854,204.23
7.770899173,205.18
7.778114493,206.08
7.785329812,206.98
7.792545132,207.88
7.799760451,208.78
7.806975771,209.68
7.814191091,210.52
7.82140641,211.42
7.82862173,212.32
7.835837049,213.27
7.843052369,214.23
7.850267688,215.24
7.857483008,216.31
7.864698327,217.43
7.871913647,218.61
7.879128967,219.79
7.886344286,221.09
7.893559606,222.38
7.900774925,223.67
7.907990245,224.96
7.915205564,226.37
7.922420884,227.72
7.929636204,229.18
7.936851523,230.7
7.944066843,232.27
7.951282162,233.96
7.958497482,235.75
7.965712801,237.61
7.972928121,239.52
7.980143441,241.49
7.98735876,243.51
7.99457408,245.53
8.001789399,247.56
8.009004719,249.58
8.016220038,251.66
8.023435358,253.74
8.030650678,255.93
8.037865997,258.12
8.045081317,260.43
8.052296636,262.84
8.059511956,265.37
8.066727275,267.96
8.073942595,270.71
8.081157914,273.52
8.088373234,276.5
8.095588554,279.59
8.102803873,282.74
8.110019193,286.05
8.117234512,289.43
8.124449832,292.91
8.131665151,296.51
8.138880471,300.1
8.146095791,303.81
8.15331111,307.69
8.16052643,311.68
8.167741749,315.78
8.174957069,320
8.182172388,324.44
8.189387708,329.05
8.196603028,333.82
8.203818347,338.66
8.211033667,343.71
8.218248986,348.88
8.225464306,354.22
8.232679625,359.73
8.239894945,365.46
8.247110265,371.31
8.254325584,377.38
8.261540904,383.67
8.268756223,390.02
8.275971543,396.71
8.283186862,403.51
8.290402182,410.48
8.297617501,417.67
8.304832821,425.09
8.312048141,432.68
8.31926346,440.55
8.32647878,448.7
8.333694099,457.07
8.340909419,465.67
8.348124738,474.49
8.355340058,483.54
8.362555378,492.7
8.369770697,502.09
8.376986017,511.53
8.384201336,521.19
8.391416656,530.97
8.398631975,540.92
8.405847295,551.04
8.413062615,561.38
8.420277934,571.94
8.427493254,582.73
8.434708573,593.8
8.441923893,605.16
8.449139212,616.68
8.456354532,628.54
8.463569852,640.62
8.470785171,653.04
8.478000491,665.74
8.48521581,678.83
8.49243113,692.32
8.499646449,706.15
8.506861769,720.48
8.514077088,735.15
8.521292408,750.27
8.528507728,765.72
8.535723047,781.51
8.542938367,797.64
8.550153686,814.05
8.557369006,830.8
8.564584325,847.77
8.571799645,865.08
8.579014965,882.73
8.586230284,900.66
8.593445604,918.98
8.600660923,937.69
8.607876243,956.69
8.615091562,976.13
8.622306882,995.86
8.629522202,1016.03
8.636737521,1036.55
8.643952841,1057.4
8.65116816,1078.59
8.65838348,1100.05
8.665598799,1121.92
8.672814119,1144.11
8.680029439,1166.59
8.687244758,1189.47
8.694460078,1212.68
8.701675397,1236.28
8.708890717,1260.34
8.716106036,1284.73
8.723321356,1309.68
8.730536675,1335.08
8.737751995,1360.99
8.744967315,1387.35
8.752182634,1414.16
8.759397954,1441.41
8.766613273,1469.06
8.773828593,1496.99
8.781043912,1525.38
8.788259232,1553.98
8.795474552,1582.92
8.802689871,1612.26
8.809905191,1641.88
8.81712051,1671.95
8.82433583,1702.29
8.831551149,1733.03
8.838766469,1764.23
8.845981789,1795.81
8.853197108,1827.84
8.860412428,1860.38
8.867627747,1893.37
8.874843067,1926.81
8.882058386,1960.76
8.889273706,1995.26
8.896489025,2030.22
8.903704345,2065.68
8.910919665,2101.65
8.918134984,2138.01
8.925350304,2174.71
8.932565623,2211.86
8.939780943,2249.4
8.946996262,2287.22
8.954211582,2325.33
8.961426902,2363.82
8.968642221,2402.6
8.975857541,2441.72
8.98307286,2481.17
8.99028818,2521.01
8.997503499,2561.2
9.004718819,2601.77
9.011934139,2642.8
9.019149458,2684.28
9.026364778,2726.03
9.033580097,2768.13
9.040795417,2810.61
9.048010736,2853.44
9.055226056,2896.6
9.062441376,2940.15
9.069656695,2984.16
9.076872015,3028.67
9.084087334,3073.69
9.091302654,3119.43
9.098517973,3165.68
9.105733293,3212.67
9.112948612,3260.27
9.120163932,3308.55
9.127379252,3357.5
9.134594571,3407.01
9.141809891,3457.19
9.14902521,3507.89
9.15624053,3559.2
9.163455849,3611.13
9.170671169,3663.62
9.177886489,3716.73
9.185101808,3770.51
9.192317128,3824.97
9.199532447,3880.16
9.206747767,3935.96
9.213963086,3992.56
9.221178406,4049.82
9.228393726,4107.82
9.235609045,4166.49
9.242824365,4225.95
9.250039684,4286.03
9.257255004,4346.9
9.264470323,4408.55
9.271685643,4471.04
9.278900963,4534.38
9.286116282,4598.67
9.293331602,4663.92
9.300546921,4730.18
9.307762241,4797.62
9.31497756,4866.13
9.32219288,4935.7
9.329408199,5006.52
9.336623519,5078.51
9.343838839,5151.74
9.351054158,5226.15
9.358269478,5301.85
9.365484797,5378.84
9.372700117,5457.18
9.379915436,5536.93
9.387130756,5618.08
9.394346076,5700.7
9.401561395,5784.83
9.408776715,5870.53
9.415992034,5957.87
9.423207354,6046.89
9.430422673,6137.6
9.437637993,6230.1
9.444853313,6324.52
9.452068632,6420.79
9.459283952,6519.14
9.466499271,6619.62
9.473714591,6722.3
9.48092991,6827.23
9.48814523,6934.46
9.49536055,7043.99
9.502575869,7155.83
9.509791189,7270.14
9.517006508,7386.75
9.524221828,7505.73
9.531437147,7627.18
9.538652467,7751.04
9.545867786,7877.44
9.553083106,8006.36
9.560298426,8137.98
9.567513745,8272.35
9.574729065,8409.59
9.581944384,8549.87
9.589159704,8693.24
9.596375023,8839.69
9.603590343,8989.52
9.610805663,9142.61
9.618020982,9299.07
9.625236302,9459.02
9.632451621,9622.33
9.639666941,9789.14
9.64688226,9959.48
9.65409758,10133.47
9.6613129,10311.29
9.668528219,10492.93
9.675743539,10678.56
9.682958858,10868.23
9.690174178,11062.12
9.697389497,11260.23
9.704604817,11462.66
9.711820137,11669.36
9.719035456,11880.45
9.726250776,12095.81
9.733466095,12315.72
9.740681415,12539.9
9.747896734,12768.58
9.755112054,13001.75
9.762327373,13239.48
9.769542693,13481.81
9.776758013,13728.81
9.783973332,13980.59
9.791188652,14237.14
9.798403971,14498.7
9.805619291,14765.03
9.81283461,15036.53
9.82004993,15313.03
9.82726525,15594.71
9.834480569,15881.55
9.841695889,16173.68
9.848911208,16471.09
9.856126528,16773.73
9.863341847,17081.65
9.870557167,17394.74
9.877772487,17713.05
9.884987806,18036.6
9.892203126,18365.26
9.899418445,18699.2
9.906633765,19038.19
9.913849084,19382.48
9.921064404,19731.98
9.928279724,20086.83
9.935495043,20446.96
9.942710363,20812.48
9.949925682,21183.29
9.957141002,21559.44
9.964356321,21940.87
9.971571641,22327.41
9.97878696,22719.13
9.98600228,23115.84
9.9932176,23517.5
10.00043292,23924.11
10.00764824,24335.49
10.01486356,24751.82
10.02207888,25173.04
10.0292942,25598.98
10.03650952,26029.7
10.04372484,26465.08
10.05094016,26905.01
10.05815548,27349.28
10.0653708,27797.75
10.07258611,28250.44
10.07980143,28707.24
10.08701675,29168.02
10.09423207,29632.68
10.10144739,30101.28
10.10866271,30573.58
10.11587803,31049.54
10.12309335,31529.04
10.13030867,32011.74
10.13752399,32497.53
10.14473931,32986.3
10.15195463,33477.72
10.15916995,33971.77
10.16638527,34468.24
10.17360059,34967.02
10.18081591,35467.98
10.18803123,35970.97
10.19524655,36475.87
10.20246187,36982.29
10.20967719,37490.17
10.21689251,37999.23
10.22410783,38509.19
10.23132315,39019.82
10.23853846,39531.02
10.24575378,40042.38
10.2529691,40553.86
10.26018442,41065.17
10.26739974,41576.19
10.27461506,42086.6
10.28183038,42596.17
10.2890457,43104.61
10.29626102,43611.7
10.30347634,44117.22
10.31069166,44621
10.31790698,45122.75
10.3251223,45622.26
10.33233762,46119.18
10.33955294,46613.46
10.34676826,47104.76
10.35398358,47592.68
10.3611989,48077.07
10.36841422,48557.58
10.37562954,49033.93
10.38284486,49505.9
10.39006018,49973.26
10.3972755,50435.79
10.40449081,50893.09
10.41170613,51344.99
10.41892145,51791.16
10.42613677,52231.38
10.43335209,52665.24
10.44056741,53092.53
10.44778273,53512.9
10.45499805,53926.14
10.46221337,54332.02
10.46942869,54730.37
10.47664401,55120.9
10.48385933,55503.51
10.49107465,55877.91
10.49828997,56243.77
10.50550529,56600.87
10.51272061,56948.86
10.51993593,57287.47
10.52715125,57616.29
10.53436657,57935.23
10.54158189,58243.88
10.54879721,58542.13
10.55601253,58829.71
10.56322785,59106.6
10.57044316,59372.37
10.57765848,59627.07
10.5848738,59870.42
10.59208912,60102.24
10.59930444,60322.43
10.60651976,60530.77
10.61373508,60727.19
10.6209504,60911.35
10.62816572,61083.27
10.63538104,61242.82
10.64259636,61389.78
10.64981168,61523.88
10.657027,61645.16
10.66424232,61753.34
10.67145764,61848.26
10.67867296,61929.87
10.68588828,61998.04
10.6931036,62052.66
10.70031892,62093.69
10.70753424,62121.11
10.71474956,62135
10.72196488,62135.33
10.7291802,62122.07
10.73639551,62095.32
10.74361083,62054.97
10.75082615,62001.07
10.75804147,61933.58
10.76525679,61852.53
10.77247211,61757.95
10.77968743,61649.93
10.78690275,61528.54
10.79411807,61393.94
10.80133339,61246.31
10.80854871,61085.8
10.81576403,60912.48
10.82297935,60726.62
10.83019467,60528.24
10.83740999,60317.54
10.84462531,60094.6
10.85184063,59859.51
10.85905595,59612.52
10.86627127,59353.66
10.87348659,59083.17
10.88070191,58801.21
10.88791723,58507.9
10.89513255,58203.64
10.90234786,57888.47
10.90956318,57562.79
10.9167785,57226.77
10.92399382,56880.75
10.93120914,56525.06
10.93842446,56160.09
10.94563978,55785.91
10.9528551,55403.08
10.96007042,55011.76
10.96728574,54612.18
10.97450106,54204.61
10.98171638,53789.3
10.9889317,53366.5
10.99614702,52936.4
11.00336234,52499.34
11.01057766,52055.69
11.01779298,51605.76
11.0250083,51149.86
11.03222362,50688.35
11.03943894,50221.55
11.04665426,49749.7
11.05386958,49273.12
11.0610849,48792.1
11.06830022,48306.87
11.07551553,47817.82
11.08273085,47325.17
11.08994617,46829.26
11.09716149,46330.49
11.10437681,45829.02
11.11159213,45325.35
11.11880745,44819.66
11.12602277,44312.18
11.13323809,43803.12
11.14045341,43292.93
11.14766873,42781.68
11.15488405,42269.7
11.16209937,41757.21
11.16931469,41244.5
11.17653001,40731.79
11.18374533,40219.36
11.19096065,39707.43
11.19817597,39196.24
11.20539129,38686
11.21260661,38176.88
11.21982193,37669.23
11.22703725,37163.14
11.23425257,36658.92
11.24146788,36156.77
11.2486832,35656.93
11.25589852,35159.56
11.26311384,34664.77
11.27032916,34172.63
11.27754448,33683.35
11.2847598,33197
11.29197512,32713.73
11.29919044,32233.73
11.30640576,31757.15
11.31362108,31284.17
11.3208364,30815.02
11.32805172,30349.79
11.33526704,29888.73
11.34248236,29431.82
11.34969768,28979.13
11.356913,28530.82
11.36412832,28086.79
11.37134364,27647.25
11.37855896,27212.15
11.38577428,26781.71
11.3929896,26355.88
11.40020492,25934.89
11.40742023,25518.73
11.41463555,25107.46
11.42185087,24701.19
11.42906619,24299.81
11.43628151,23903.43
11.44349683,23512
11.45071215,23125.51
11.45792747,22744.02
11.46514279,22367.6
11.47235811,21996.23
11.47957343,21630.08
11.48678875,21269
11.49400407,20913.25
11.50121939,20562.79
11.50843471,20217.5
11.51565003,19877.49
11.52286535,19542.65
11.53008067,19212.92
11.53729599,18888.25
11.54451131,18568.64
11.55172663,18253.92
11.55894195,17944.15
11.56615727,17639.32
11.57337258,17339.44
11.5805879,17044.44
11.58780322,16754.4
11.59501854,16469.41
11.60223386,16189.36
11.60944918,15914.32
11.6166645,15644.28
11.62387982,15379.13
11.63109514,15118.81
11.63831046,14863.38
11.64552578,14612.56
11.6527411,14366.4
11.65995642,14124.68
11.66717174,13887.41
11.67438706,13654.52
11.68160238,13425.95
11.6888177,13201.49
11.69603302,12981.24
11.70324834,12765.09
11.71046366,12553.16
11.71767898,12345.17
11.7248943,12141.27
11.73210962,11941.43
11.73932493,11745.63
11.74654025,11553.87
11.75375557,11366.05
11.76097089,11182.22
11.76818621,11002.33
11.77540153,10826.25
11.78261685,10654
11.78983217,10485.45
11.79704749,10320.51
11.80426281,10159.04
11.81147813,10001.01
11.81869345,9846.29
11.82590877,9694.78
11.83312409,9546.3
11.84033941,9401.02
11.84755473,9258.83
11.85477005,9119.68
11.86198537,8983.51
11.86920069,8850.37
11.87641601,8720.21
11.88363133,8592.86
11.89084665,8468.38
11.89806197,8346.59
11.90527728,8227.45
11.9124926,8110.67
11.91970792,7996.36
11.92692324,7884.24
11.93413856,7774.31
11.94135388,7666.41
11.9485692,7560.41
11.95578452,7456.22
11.96299984,7353.71
11.97021516,7252.83
11.97743048,7153.47
11.9846458,7055.51
11.99186112,6958.9
11.99907644,6863.59
12.00629176,6769.29
12.01350708,6675.94
12.0207224,6583.38
12.02793772,6491.26
12.03515304,6399.38
12.04236836,6307.38
12.04958368,6215.04
12.056799,6122.03
12.06401432,6027.95
12.07122963,5932.35
12.07844495,5834.9
12.08566027,5735.21
12.09287559,5632.81
12.10009091,5526.98
12.10730623,5417.51
12.11452155,5303.65
12.12173687,5184.73
12.12895219,5060.3
12.13616751,4929.52
12.14338283,4791.72
12.15059815,4646.11
12.15781347,4491.84
12.16502879,4328.18
12.17224411,4154.24
12.17945943,3969.06
12.18667475,3771.8
12.19389007,3561.61
12.20110539,3337.54
12.20832071,3098.64
12.21553603,2844.22
12.22275135,2573.34
12.22996667,2285.48
12.23718198,1979.86
12.2443973,1656.04
12.25161262,1313.67
12.25882794,952.42
12.26604326,572.11
12.27325858,172.7
12.2804739,-245.65
12.28768922,-682.54
12.29490454,-1137.71
12.30211986,-1610.24
12.30933518,-2099.35
12.3165505,-2603.68
12.32376582,-3122.13
12.33098114,-3652.94
12.33819646,-4194.43
12.34541178,-4744.74
12.3526271,-5301.73
12.35984242,-5863.28
12.36705774,-6426.91
12.37427306,-6990.26
12.38148838,-7550.69
12.3887037,-8105.5
12.39591902,-8651.99
12.40313433,-9187.46
12.41034965,-9709.11
12.41756497,-10214.35
12.42478029,-10700.64
12.43199561,-11165.53
12.43921093,-11606.76
12.44642625,-12022.07
12.45364157,-12409.57
12.46085689,-12767.34
12.46807221,-13093.86
12.47528753,-13387.73
12.48250285,-13647.77
12.48971817,-13873.13
12.49693349,-14063.09
12.50414881,-14217.36
12.51136413,-14335.77
12.51857945,-14418.5
12.52579477,-14465.88
12.53301009,-14478.63
12.54022541,-14457.45
12.54744073,-14403.44
12.55465605,-14317.84
12.56187137,-14201.96
12.56908668,-14057.24
12.576302,-13885.39
12.58351732,-13688.18
12.59073264,-13467.31
12.59794796,-13224.81
12.60516328,-12962.64
12.6123786,-12682.76
12.61959392,-12387.26
12.62680924,-12077.99
12.63402456,-11756.98
12.64123988,-11426.13
12.6484552,-11087.13
12.65567052,-10741.73
12.66288584,-10391.43
12.67010116,-10037.82
12.67731648,-9682.24
12.6845318,-9326.05
12.69174712,-8970.3
12.69896244,-8616.35
12.70617776,-8265.16
12.71339308,-7917.79
12.7206084,-7575.19
12.72782372,-7238.11
12.73503903,-6907.31
12.74225435,-6583.32
12.74946967,-6266.58
12.75668499,-5957.53
12.76390031,-5656.36
12.77111563,-5363.33
12.77833095,-5078.45
12.78554627,-4801.89
12.79276159,-4533.65
12.79997691,-4273.67
12.80719223,-4021.95
12.81440755,-3778.38
12.82162287,-3542.9
12.82883819,-3315.23
12.83605351,-3095.32
12.84326883,-2883.06
12.85048415,-2678.15
12.85769947,-2480.44
12.86491479,-2289.86
12.87213011,-2106.2
12.87934543,-1929.28
12.88656075,-1758.94
12.89377607,-1595.06
12.90099138,-1437.31
12.9082067,-1285.57
12.91542202,-1139.67
12.92263734,-999.4
12.92985266,-864.69
12.93706798,-735.2
12.9442833,-611
12.95149862,-491.8
12.95871394,-377.66
12.96592926,-268.52
12.97314458,-164.27
12.9803599,-65.02
12.98757522,29.22
12.99479054,118.52
13.00200586,202.76
13.00922118,281.95
13.0164365,356.02
13.02365182,424.98
13.03086714,488.82
13.03808246,547.38
13.04529778,600.77
13.0525131,648.88
13.05972842,691.76
13.06694373,729.41
13.07415905,761.51
13.08137437,788.26
13.08858969,809.28
13.09580501,824.62
13.10302033,834.12
13.11023565,837.66
13.11745097,835.18
13.12466629,826.64
13.13188161,811.97
13.13909693,791.29
13.14631225,764.48
13.15352757,731.66
13.16074289,692.77
13.16795821,647.92
13.17517353,596.95
13.18238885,540.02
13.18960417,477.13
13.19681949,408.46
13.20403481,333.94
13.21125013,253.91
13.21846545,168.54
13.22568077,78.17
13.23289608,-16.97
13.2401114,-116.39
13.24732672,-219.74
13.25454204,-326.46
13.26175736,-436.16
13.26897268,-548.23
13.276188,-662.09
13.28340332,-777.24
13.29061864,-892.96
13.29783396,-1008.62
13.30504928,-1123.77
13.3122646,-1237.63
13.31947992,-1349.58
13.32669524,-1459.06
13.33391056,-1565.33
13.34112588,-1667.9
13.3483412,-1766.14
13.35555652,-1859.43
13.36277184,-1947.21
13.36998716,-2029.1
13.37720248,-2104.63
13.3844178,-2173.31
13.39163312,-2234.9
13.39884843,-2289.08
13.40606375,-2335.72
13.41327907,-2374.67
13.42049439,-2405.92
13.42770971,-2429.46
13.43492503,-2445.31
13.44214035,-2453.69
13.44935567,-2454.75
13.45657099,-2448.63
13.46378631,-2435.59
13.47100163,-2416.03
13.47821695,-2390.12
13.48543227,-2358.37
13.49264759,-2321.06
13.49986291,-2278.57
13.50707823,-2231.47
13.51429355,-2180.16
13.52150887,-2125.03
13.52872419,-2066.64
13.53593951,-2005.44
13.54315483,-1941.71
13.55037015,-1875.89
13.55758547,-1808.51
13.56480079,-1739.72
13.5720161,-1669.98
13.57923142,-1599.62
13.58644674,-1528.97
13.59366206,-1458.39
13.60087738,-1388.19
13.6080927,-1318.56
13.61530802,-1249.83
13.62252334,-1182.22
13.62973866,-1115.73
13.63695398,-1050.71
13.6441693,-987.15
13.65138462,-925.1
13.65859994,-864.63
13.66581526,-805.85
13.67303058,-748.86
13.6802459,-693.62
13.68746122,-640.28
13.69467654,-588.8
13.70189186,-539.23
13.70910718,-491.63
13.7163225,-446
13.72353782,-402.22
13.73075314,-360.41
13.73796845,-320.45
13.74518377,-282.29
13.75239909,-245.93
13.75961441,-211.36
13.76682973,-178.49
13.77404505,-147.41
13.78126037,-117.85
13.78847569,-89.97
13.79569101,-63.67
13.80290633,-38.89
13.81012165,-15.45
13.81733697,6.51
13.82455229,27.2
13.83176761,46.58
13.83898293,64.85
13.84619825,81.93
13.85341357,97.9
13.86062889,112.9
13.86784421,126.95
13.87505953,140.1
13.88227485,152.47
13.88949017,164.04
13.89670549,174.83
13.9039208,184.95
13.91113612,194.45
13.91835144,203.21
13.92556676,211.36
13.93278208,218.78
13.9399974,225.69
13.94721272,231.93
13.95442804,237.61
13.96164336,242.84
13.96885868,247.61
13.976074,251.83
13.98328932,255.71
13.99050464,259.25
13.99771996,262.39
14.00493528,265.26
14.0121506,267.79
14.01936592,270.04
14.02658124,272.06
14.03379656,273.75
14.04101188,275.26
14.0482272,276.5
14.05544252,277.51
14.06265784,278.35
14.06987315,278.97
14.07708847,279.42
14.08430379,279.65
14.09151911,279.7
14.09873443,279.59
14.10594975,279.25
14.11316507,278.75
14.12038039,277.9
14.12759571,276.89
14.13481103,275.49
14.14202635,273.8
14.14924167,271.78
14.15645699,269.36
14.16367231,266.5
14.17088763,263.24
14.17810295,259.64
14.18531827,255.59
14.19253359,251.1
14.19974891,246.09
14.20696423,240.59
14.21417955,234.46
14.22139487,227.66
14.22861019,220.19
14.2358255,211.87
14.24304082,202.76
14.25025614,192.7
14.25747146,181.52
14.26468678,169.27
14.2719021,155.73
14.27911742,140.83
14.28633274,124.53
14.29354806,106.61
14.30076338,87.05
14.3079787,65.64
14.31519402,42.31
14.32240934,16.97
14.32962466,-10.5
14.33683998,-40.35
14.3440553,-72.55
14.35127062,-107.34
14.35848594,-144.71
14.36570126,-184.95
14.37291658,-228
14.3801319,-274.03
14.38734722,-323.09
14.39456254,-375.24
14.40177785,-430.6
14.40899317,-489.05
14.41620849,-550.64
14.42342381,-615.39
14.43063913,-683.11
14.43785445,-753.86
14.44506977,-827.37
14.45228509,-903.58
14.45950041,-982.31
14.46671573,-1063.58
14.47393105,-1146.98
14.48114637,-1232.52
14.48836169,-1319.91
14.49557701,-1408.82
14.50279233,-1499.02
14.51000765,-1590.12
14.51722297,-1681.78
14.52443829,-1773.61
14.53165361,-1865.1
14.53886893,-1956.09
14.54608425,-2045.84
14.55329957,-2134.08
14.56051489,-2220.46
14.5677302,-2304.42
14.57494552,-2385.69
14.58216084,-2463.8
14.58937616,-2538.38
14.59659148,-2608.97
14.6038068,-2675.28
14.61102212,-2737.05
14.61823744,-2793.7
14.62545276,-2845.01
14.63266808,-2890.75
14.6398834,-2930.54
14.64709872,-2964.26
14.65431404,-2991.69
14.66152936,-3012.76
14.66874468,-3027.43
14.67596,-3035.58
14.68317532,-3037.27
14.69039064,-3032.55
14.69760596,-3021.36
14.70482128,-3004.05
14.7120366,-2980.67
14.71925192,-2951.39
14.72646724,-2916.44
14.73368255,-2876.03
14.74089787,-2830.73
14.74811319,-2780.55
14.75532851,-2726.09
14.76254383,-2667.58
14.76975915,-2605.54
14.77697447,-2540.29
14.78418979,-2472.29
14.79140511,-2401.81
14.79862043,-2329.43
14.80583575,-2255.41
14.81305107,-2180.27
14.82026639,-2104.29
14.82748171,-2027.8
14.83469703,-1951.26
14.84191235,-1874.94
14.84912767,-1799.18
14.85634299,-1724.27
14.86355831,-1650.59
14.87077363,-1578.43
14.87798895,-1508.01
14.88520427,-1439.67
14.89241959,-1373.58
14.8996349,-1310.02
14.90685022,-1249.21
14.91406554,-1191.21
14.92128086,-1136.19
14.92849618,-1084.26
14.9357115,-1035.48
14.94292682,-989.96
14.95014214,-947.64
14.95735746,-908.64
14.96457278,-872.84
14.9717881,-840.35
14.97900342,-811.13
14.98621874,-785
14.99343406,-762.01
15.00064938,-742.12
15.0078647,-725.03
15.01508002,-710.81
15.02229534,-699.35
15.02951066,-690.36
15.03672598,-683.95
15.0439413,-679.73
15.05115662,-677.71
15.05837194,-677.65
15.06558725,-679.34
15.07280257,-682.71
15.08001789,-687.55
15.08723321,-693.56
15.09444853,-700.7
15.10166385,-708.68
15.10887917,-717.28
15.11609449,-726.38
15.12330981,-735.77
15.13052513,-745.15
15.13774045,-754.48
15.14495577,-763.47
15.15217109,-772.07
15.15938641,-780.05
15.16660173,-787.24
15.17381705,-793.48
15.18103237,-798.77
15.18824769,-802.98
15.19546301,-805.9
15.20267833,-807.59
15.20989365,-807.98
15.21710897,-807.03
15.22432429,-804.72
15.2315396,-800.9
15.23875492,-795.79
15.24597024,-789.1
15.25318556,-781.06
15.26040088,-771.45
15.2676162,-760.49
15.27483152,-748.13
15.28204684,-734.42
15.28926216,-719.47
15.29647748,-703.39
15.3036928,-686.2
15.31090812,-668.1
15.31812344,-648.99
15.32533876,-629.04
15.33255408,-608.3
15.3397694,-586.78
15.34698472,-564.52
15.35420004,-541.59
15.36141536,-518.1
15.36863068,-494.27
15.375846,-470
15.38306132,-445.6
15.39027664,-420.99
15.39749195,-396.43
15.40470727,-371.93
15.41192259,-347.54
15.41913791,-323.31
15.42635323,-299.37
15.43356855,-275.71
15.44078387,-252.39
15.44799919,-229.35
15.45521451,-206.7
15.46242983,-184.56
15.46964515,-162.92
15.47686047,-141.84
15.48407579,-121.33
15.49129111,-101.49
15.49850643,-82.33
15.50572175,-63.84
15.51293707,-46.08
15.52015239,-28.99
15.52736771,-12.58
15.53458303,3.09
15.54179835,18.09
15.54901367,32.53
15.55622899,46.3
15.5634443,59.45
15.57065962,72.1
15.57787494,84.13
15.58509026,95.65
15.59230558,106.66
15.5995209,117.12
15.60673622,127.06
15.61395154,136.45
15.62116686,145.38
15.62838218,153.76
15.6355975,161.68
15.64281282,169.1
15.65002814,176.13
15.65724346,182.59
15.66445878,188.77
15.6716741,194.39
15.67888942,199.73
15.68610474,204.68
15.69332006,209.4
15.70053538,213.72
15.7077507,217.88
15.71496602,221.82
15.72218134,225.58
15.72939665,229.23
15.73661197,232.61
15.74382729,235.87
15.75104261,238.96
15.75825793,241.77
15.76547325,244.41
15.77268857,246.83
15.77990389,248.96
15.78711921,250.98
15.79433453,252.73
15.80154985,254.41
15.80876517,255.99
15.81598049,257.5
15.82319581,258.91
15.83041113,260.31
15.83762645,261.61
15.84484177,262.84
15.85205709,264.02
15.85927241,265.03
15.86648773,265.99
15.87370305,266.78
15.88091837,267.51
15.88813369,268.13
15.89534901,268.8
15.90256432,269.36
15.90977964,269.98
15.91699496,270.65
15.92421028,271.33
15.9314256,272
15.93864092,272.68
15.94585624,273.3
15.95307156,273.91
15.96028688,274.36
15.9675022,274.87
15.97471752,275.38
15.98193284,275.77
15.98914816,276.27
15.99636348,276.67
16.0035788,277.06
16.01079412,277.45
16.01800944,277.85
16.02522476,278.13
16.03244008,278.41
16.0396554,278.58
16.04687072,278.69
16.05408604,278.86
16.06130136,279.03
16.06851667,279.2
16.07573199,279.42
16.08294731,279.65
16.09016263,279.98
16.09737795,280.21
16.10459327,280.55
16.11180859,280.83
16.11902391,281.05
16.12623923,281.28
16.13345455,281.39
16.14066987,281.56
16.14788519,281.67
16.15510051,281.78
16.16231583,281.89
16.16953115,282.06
16.17674647,282.29
16.18396179,282.46
16.19117711,282.74
16.19839243,283.02
16.20560775,283.24
16.21282307,283.52
16.22003839,283.69
16.22725371,283.81
16.23446902,283.97
16.24168434,283.97
16.24889966,284.03
16.25611498,284.09
16.2633303,284.09
16.27054562,284.14
16.27776094,284.2
16.28497626,284.31
16.29219158,284.37
16.2994069,284.54
16.30662222,284.65
16.31383754,284.82
16.32105286,284.99
16.32826818,285.15
16.3354835,285.38
16.34269882,285.6
16.34991414,285.88
16.35712946,286.22
16.36434478,286.5
16.3715601,286.84
16.37877542,287.12
16.38599074,287.35
16.39320606,287.46
16.40042137,287.57
16.40763669,287.63
16.41485201,287.63
16.42206733,287.63
16.42928265,287.63
16.43649797,287.63
16.44371329,287.74
16.45092861,287.8
16.45814393,288.02
16.46535925,288.19
16.47257457,288.47
16.47978989,288.75
16.48700521,289.09
16.49422053,289.43
16.50143585,289.82
16.50865117,290.1
16.51586649,290.38
16.52308181,290.61
16.53029713,290.77
16.53751245,290.89
16.54472777,291
16.55194309,291.11
16.55915841,291.22
16.56637372,291.39
16.57358904,291.56
16.58080436,291.79
16.58801968,291.95
16.595235,292.24
16.60245032,292.46
16.60966564,292.63
16.61688096,292.8
16.62409628,292.91
16.6313116,292.97
16.63852692,292.97
16.64574224,292.97
16.65295756,293.02
16.66017288,293.02
16.6673882,293.08
16.67460352,293.13
16.68181884,293.25
16.68903416,293.47
16.69624948,293.64
16.7034648,293.81
16.71068012,294.03
16.71789544,294.15
16.72511076,294.26
16.73232607,294.26
16.73954139,294.26
16.74675671,294.2
16.75397203,294.03
16.76118735,293.92
16.76840267,293.81
16.77561799,293.75
16.78283331,293.81
16.79004863,293.92
16.79726395,294.03
16.80447927,294.31
16.81169459,294.48
16.81890991,294.71
16.82612523,294.93
16.83334055,295.1
16.84055587,295.16
16.84777119,295.21
16.85498651,295.16
16.86220183,295.1
16.86941715,294.99
16.87663247,294.82
16.88384779,294.65
16.89106311,294.48
16.89827842,294.37
16.90549374,294.37
16.91270906,294.31
16.91992438,294.31
16.9271397,294.31
16.93435502,294.31
16.94157034,294.31
16.94878566,294.37
16.95600098,294.31
16.9632163,294.26
16.97043162,294.2
16.97764694,294.03
16.98486226,293.98
16.99207758,293.86
16.9992929,293.7
17.00650822,293.7
17.01372354,293.64
17.02093886,293.64
17.02815418,293.64
17.0353695,293.7
17.04258482,293.7
17.04980014,293.81
17.05701546,293.81
17.06423077,293.81
17.07144609,293.81
17.07866141,293.75
17.08587673,293.7
17.09309205,293.53
17.10030737,293.36
17.10752269,293.19
17.11473801,292.91
17.12195333,292.63
17.12916865,292.46
17.13638397,292.18
17.14359929,292.01
17.15081461,291.84
17.15802993,291.79
17.16524525,291.67
17.17246057,291.67
17.17967589,291.62
17.18689121,291.67
17.19410653,291.73
17.20132185,291.73
17.20853717,291.79
17.21575249,291.84
17.22296781,291.9
17.23018312,291.95
17.23739844,291.95
17.24461376,291.9
17.25182908,291.79
17.2590444,291.67
17.26625972,291.5
17.27347504,291.34
17.28069036,291.17
17.28790568,290.94
17.295121,290.77
17.30233632,290.61
17.30955164,290.49
17.31676696,290.38
17.32398228,290.32
17.3311976,290.27
17.33841292,290.16
17.34562824,290.04
17.35284356,289.99
17.36005888,289.87
17.3672742,289.76
17.37448952,289.65
17.38170484,289.65
17.38892016,289.71
17.39613547,289.82
17.40335079,289.93
17.41056611,290.04
17.41778143,290.1
17.42499675,290.16
17.43221207,290.16
17.43942739,290.1
17.44664271,289.99
17.45385803,289.87
17.46107335,289.76
17.46828867,289.59
17.47550399,289.43
17.48271931,289.26
17.48993463,289.03
17.49714995,288.86
17.50436527,288.53
17.51158059,288.19
17.51879591,287.85
17.52601123,287.46
17.53322655,287.12
17.54044187,286.73
17.54765719,286.39
17.55487251,286.11
17.56208782,285.83
17.56930314,285.6
17.57651846,285.38
17.58373378,285.27
17.5909491,285.15
17.59816442,285.1
17.60537974,285.04
17.61259506,284.99
17.61981038,284.93
17.6270257,284.93
17.63424102,284.99
17.64145634,284.99
17.64867166,284.93
17.65588698,284.87
17.6631023,284.76
17.67031762,284.7
17.67753294,284.48
17.68474826,284.31
17.69196358,284.14
17.6991789,283.92
17.70639422,283.64
17.71360954,283.41
17.72082486,283.24
17.72804017,283.07
17.73525549,282.96
17.74247081,282.91
17.74968613,282.79
17.75690145,282.79
17.76411677,282.79
17.77133209,282.79
17.77854741,282.74
17.78576273,282.62
17.79297805,282.51
17.80019337,282.4
17.80740869,282.29
17.81462401,282.12
17.82183933,282.01
17.82905465,281.84
17.83626997,281.73
17.84348529,281.61
17.85070061,281.56
17.85791593,281.5
17.86513125,281.5
17.87234657,281.44
17.87956189,281.39
17.88677721,281.33
17.89399252,281.33
17.90120784,281.28
17.90842316,281.22
17.91563848,281.22
17.9228538,281.11
17.93006912,281.05
17.93728444,280.88
17.94449976,280.71
17.95171508,280.6
17.9589304,280.43
17.96614572,280.26
17.97336104,280.1
17.98057636,280.04
17.98779168,279.93
17.995007,279.81
18.00222232,279.76
18.00943764,279.65
18.01665296,279.53
